0
0
0
0
0
0
0
0
0
0
0
0
0
0
0
0
0
0
0
0
0
0
0
0
0
0
0
0
0
0
0
0
0
0
0
0
0
0
0
0
0
0
0
0
0
0
0
0
0
0
0
0
0
0
0
0
0
0
0
0
0
0
0
0
0
0
0
0
0
0
0
0
0
0
0
0
0
0
0
0
0
0
0
0
0
0
0
0
0
0
0
0
0
0
0
0
0
0
0
0
0
0
0
0
0
0
0
0
0
0
0
0
0
0
0
0
0
0
0
0
0
0
0
0
0
0
0
0
0
0
0
0
0
0
0
0
0
0
0
0
0
0
0
0
0
0
0
0
0
0
0
0
0
0
0
0
0
0
0
0
0
0
0
0
0
0
0
0
0
0
0
0
0
0
0
0
0
0
0
0
0
0
0
0
0
0
0
0
0
0
0
0
0
0
0
0
0
0
0
0
0
0
0
0
0
0
0
0
0
0
0
0
0
0
0
0
0
0
0
0
0
0
0
0
0
0
0
0
0
0
0
0
0
0
0
0
0
0
0
0
0
0
0
0
0
0
0
0
0
0
0
0
0
0
0
0
0
0
0
0
0
0
0
0
0
0
0
0
0
0
0
0
0
0
0
0
0
0
0
0
0
0
0
0
0
0
0
0
0
0
0
0
0
0
0
0
0
0
0
0
0
0
0
0
0
0
0
0
0
0
0
0
0
0
0
0
0
0
0
0
0
0
0
0
0
0
0
0
0
0
0
0
0
0
0
0
0
0
0
0
0
0
0
0
0
0
0
0
0
0
0
0
0
0
0
0
0
0
0
0
0
0
0
0
0
0
0
0
0
0
0
0
0
0
0
0
0
0
0
0
0
0
0
0
0
0
0
0
0
0
0
0
0
0
0
0
0
0
0
0
0
0
0
0
0
0
0
0
0
0
0
0
0
0
0
0
0
0
0
0
0
0
0
0
0
0
0
0
0
0
0
0
0
0
0
0
0
0
0
0
0
0
0
0
0
0
0
0
0
0
0
0
0
0
0
0
0
0
0
0
0
0
0
0
0
0
0
0
0
0
0
0
0
0
0
0
0
0
0
0
0
0
0
0
0
0
0
0
0
0
0
0
0
0
0
0
0
0
0
0
0
0
0
0
0
0
0
0
0
0
0
0
0
0
0
0
0
0
0
0
0
0
0
0
0
0
0
0
0
0
0
0
0
0
0
0
0
0
0
0
0
0
0
0
0
0
0
0
0
0
0
0
0
0
0
0
0
0
0
0
0
0
0
0
0
0
0
0
0
0
0
0
0
0
0
0
0
0
0
0
0
0
0
0
0
0
0
0
0
0
0
0
0
0
0
0
0
0
0
0
0
0
0
0
0
0
0
0
0
0
0
0
0
0
0
0
0
0
0
0
0
0
0
0
0
0
0
0
0
0
0
0
0
0
0
0
0
0
0
0
0
0
0
0
0
0
0
0
0
0
0
0
0
0
0
0
0
0
0
0
0
0
0
0
0
0
0
0
0
0
0
0
0
0
0
0
0
0
0
0
0
0
0
0
0
0
0
0
0
0
0
0
0
0
0
0
0
0
0
0
0
0
0
0
0
0
0
0
0
0
0
0
0
0
0
0
0
0
0
0
0
0
0
0
0
0
0
0
0
0
0
0
0
0
0
0
0
0
0
0
0
0
0
0
0
0
0
0
0
0
0
0
0
0
0
0
0
0
0
0
0
0
0
0
0
0
0
0
0
0
0
0
0
0
0
0
0
0
0
0
0
0
0
0
0
0
0
0
0
0
0
0
0
0
0
0
0
0
0
0
0
0
0
0
0
0
0
0
0
0
0
0
0
0
0
0
0
0
0
0
0
0
0
0
0
0
0
0
0
0
0
0
0
0
0
0
0
0
0
0
0
0
0
0
0
0
0
0
0
0
0
0
0
0
0
0
0
0
0
0
0
0
0
0
0
0
0
0
0
0
0
0
0
0
0
0
0
0
0
0
0
0
0
0
0
0
0
0
0
0
0
0
0
0
0
0
0
0
0
0
0
0
0
0
0
0
0
0
0
0
0
0
0
0
0
0
0
0
0
0
0
0
0
0
0
0
0
0
0
0
0
0
0
0
0
0
0
0
0
0
0
0
0
0
0
0
0
0
0
0
0
0
0
0
0
0
0
0
0
0
0
0
0
0
0
0
0
0
0
0
0
0
0
0
0
0
0
0
0
0
0
0
0
0
0
0
0
0
0
0
0
0
0
0
0
0
0
0
0
0
0
0
0
0
0
0
0
0
0
0
0
0
0
0
0
0
0
0
0
0
0
0
0
0
0
0
0
0
0
0
0
0
0
0
0
0
0
0
0
0
0
0
0
0
0
0
0
0
0
0
0
0
0
0
0
0
0
0
0
0
0
0
0
0
0
0
0
0
0
0
0
0
0
0
0
0
0
0
0
0
0
0
0
0
0
0
0
0
0
0
0
0
0
0
0
0
0
0
0
0
0
0
0
0
0
0
0
0
0
0
0
0
0
0
0
0
0
0
0
0
0
0
0
0
0
0
0
0
0
0
0
0
0
0
0
0
0
0
0
0
0
0
0
0
0
0
0
0
0
0
0
0
0
0
0
0
0
0
0
0
0
0
0
0
0
0
0
0
0
0
0
0
0
0
0
0
0
0
0
0
0
0
0
0
0
0
0
0
0
0
0
0
0
0
0
0
0
0
0
0
0
0
0
0
0
0
0
0
0
0
0
0
0
0
0
0
0
0
0
0
0
0
0
0
0
0
0
0
0
0
0
0
0
0
0
0
0
0
0
0
0
0
0
0
0
0
0
0
0
0
0
0
0
0
0
0
0
0
0
0
0
0
0
0
0
0
0
0
0
0
0
0
0
0
0
0
0
0
0
0
0
0
0
0
0
0
0
0
0
0
0
0
0
0
0
0
0
0
0
0
0
0
0
0
0
0
0
0
0
0
0
0
0
0
0
0
0
0
0
0
0
0
0
0
0
0
0
0
0
0
0
0
0
0
0
0
0
0
0
0
0
0
0
0
0
0
0
0
0
0
0
0
0
0
0
0
0
0
0
0
0
0
0
0
0
0
0
0
0
0
0
0
0
0
0
0
0
0
0
0
0
0
0
0
0
0
0
0
0
0
0
0
0
0
0
0
0
0
0
0
0
0
0
0
0
0
0
0
0
0
0
0
0
0
0
0
0
0
0
0
0
0
0
0
0
0
0
0
0
0
0
0
0
0
0
0
0
0
0
0
0
0
0
0
0
0
0
0
0
0
0
0
0
0
0
0
0
0
0
0
0
0
0
0
0
0
0
0
0
0
0
0
0
0
0
0
0
0
0
0
0
0
0
0
0
0
0
0
0
0
0
0
0
0
0
0
0
0
0
0
0
0
0
0
0
0
0
0
0
0
0
0
0
0
0
0
0
0
0
0
0
0
0
0
0
0
0
0
0
0
0
0
0
0
0
0
0
0
0
0
0
0
0
0
0
0
0
0
0
0
0
0
0
0
0
0
0
0
0
0
0
0
0
0
0
0
0
0
0
0
0
0
0
0
0
0
0
0
0
0
0
0
0
0
0
0
0
0
0
0
0
0
0
0
0
0
0
0
0
0
0
0
0
0
0
0
0
0
0
0
0
0
0
0
0
0
0
0
0
0
0
0
0
0
0
0
0
0
0
0
0
0
0
0
0
0
0
0
0
0
0
0
0
0
0
0
0
0
0
0
0
0
0
0
0
0
0
0
0
0
0
0
0
0
0
0
0
0
0
0
0
0
0
0
0
0
0
0
0
0
0
0
0
0
0
0
0
0
0
0
0
0
0
0
0
0
0
0
0
0
0
0
0
0
0
0
0
0
0
0
0
0
0
0
0
0
0
0
0
0
0
0
0
0
0
0
0
0
0
0
0
0
0
0
0
0
0
0
0
0
0
0
0
0
0
0
0
0
0
0
0
0
0
0
0
0
0
0
0
0
0
0
0
0
0
0
0
0
0
0
0
0
0
0
0
0
0
0
0
0
0
0
0
0
0
0
0
0
0
0
0
0
0
0
0
0
0
0
0
0
0
0
0
0
0
0
0
0
0
0
0
0
0
0
0
0
0
0
0
0
0
0
0
0
0
0
0
0
0
0
0
0
0
0
0
0
0
0
0
0
0
0
0
0
0
0
0
0
0
0
0
0
0
0
0
0
0
0
0
0
0
0
0
0
0
0
0
0
0
0
0
0
0
0
0
0
0
0
0
0
0
0
0
0
0
0
0
0
0
0
0
0
0
0
0
0
0
0
0
0
0
0
0
0
0
0
0
0
0
0
0
0
0
0
0
0
0
0
0
0
0
0
0
0
0
0
0
0
0
0
0
0
0
0
0
0
0
0
0
0
0
0
0
0
0
0
0
0
0
0
0
0
0
0
0
0
0
0
0
0
0
0
0
0
0
0
0
0
0
0
0
0
0
0
0
0
0
0
0
0
0
0
0
0
0
0
0
0
0
0
0
0
0
0
0
0
0
0
0
0
255
255
255
255
255
255
255
255
255
255
255
255
255
255
255
255
255
255
255
255
255
255
255
255
255
255
255
255
255
255
255
255
255
255
255
255
255
255
255
255
255
255
255
255
255
255
255
255
255
255
255
255
255
255
255
255
255
255
255
255
255
255
255
255
255
255
255
255
255
255
255
255
255
255
255
255
255
255
255
255
255
255
255
255
255
255
255
255
255
255
255
255
255
255
255
255
255
255
255
255
255
255
255
255
255
255
255
255
255
255
255
255
255
255
255
255
255
255
255
255
255
255
255
255
255
255
255
255
255
255
255
255
255
255
255
255
255
255
255
255
255
255
255
255
255
255
255
255
255
255
255
255
255
255
255
255
255
255
255
255
255
255
255
255
255
255
255
255
255
255
255
255
255
255
255
255
255
255
255
255
255
255
255
255
255
255
255
255
255
255
255
255
255
255
255
255
255
255
255
255
255
255
255
255
255
255
255
255
255
255
255
255
255
255
255
255
255
255
255
255
255
255
255
255
255
255
255
255
255
255
255
255
255
255
255
255
255
255
255
255
255
255
255
255
255
255
255
255
255
255
255
255
255
255
255
255
255
255
255
255
255
255
255
255
255
255
255
255
255
255
255
255
255
255
255
255
255
255
255
255
255
255
255
255
255
255
255
255
255
255
255
255
255
255
255
255
255
255
255
255
255
255
255
255
255
255
255
255
255
255
255
255
255
255
255
255
255
255
255
255
255
255
255
255
255
255
255
255
255
255
255
255
255
255
255
255
255
255
255
255
255
255
255
255
255
255
255
255
255
255
255
255
255
255
255
255
255
255
255
255
255
255
255
255
255
255
255
255
255
255
255
255
255
255
255
255
255
255
255
255
255
255
255
255
255
255
255
255
255
255
255
255
255
255
255
255
255
255
255
255
255
255
255
255
255
255
255
255
255
255
255
255
255
255
255
255
255
255
255
255
255
255
255
255
255
255
255
255
255
255
255
255
255
255
255
255
255
255
255
255
255
255
255
255
255
255
255
255
255
255
255
255
255
255
255
255
255
255
255
255
255
255
255
255
255
255
255
255
255
255
255
255
255
255
255
255
255
255
255
255
255
255
255
255
255
255
255
255
255
255
255
255
255
255
255
255
255
255
255
255
255
255
255
255
255
255
255
255
255
255
255
255
255
255
255
255
255
255
255
255
255
255
255
255
255
255
255
255
255
255
255
255
255
255
255
255
255
255
255
255
255
255
255
255
255
255
255
255
255
255
255
255
255
255
255
255
255
255
255
255
255
255
255
255
255
255
255
255
255
255
255
255
255
255
255
255
255
255
255
255
255
255
255
255
255
255
255
255
255
255
255
255
255
255
255
255
255
255
255
255
255
255
255
255
255
255
255
255
255
255
255
255
255
255
255
255
255
255
255
255
255
255
255
255
255
255
255
255
255
255
255
255
255
255
255
255
255
255
255
255
255
255
255
255
255
255
255
255
255
255
255
255
255
255
255
255
255
255
255
255
255
255
255
255
255
255
255
255
255
255
255
255
255
255
255
255
255
255
255
255
255
255
255
255
255
255
255
255
255
255
255
255
255
255
255
255
255
255
255
255
255
255
255
255
255
255
255
255
255
255
255
255
255
255
255
255
255
255
255
255
255
255
255
255
255
255
255
255
255
255
255
255
255
255
255
255
255
255
255
255
255
255
255
255
255
255
255
255
255
255
255
255
255
255
255
255
255
255
255
255
255
255
255
255
255
255
255
255
255
255
255
255
255
255
255
255
255
255
255
255
255
255
255
255
255
255
255
255
255
255
255
255
255
255
255
255
255
255
255
255
255
255
255
255
255
255
255
255
255
255
255
255
255
255
255
255
255
255
255
255
255
255
255
255
255
255
255
255
255
255
255
255
255
255
255
255
255
255
255
255
255
255
255
255
255
255
255
255
255
255
255
255
255
255
255
255
255
255
255
255
255
255
255
255
255
255
255
255
255
255
255
255
255
255
255
255
255
255
255
255
255
255
255
255
255
255
255
255
255
255
255
255
255
255
255
255
255
255
255
255
255
255
255
255
255
255
255
255
255
255
255
255
255
255
255
255
255
255
255
255
255
255
255
255
255
255
255
255
255
255
255
255
255
255
255
255
255
255
255
255
255
255
255
255
255
255
255
255
255
255
255
255
255
255
255
255
255
255
255
255
255
255
255
255
255
255
255
255
255
255
255
255
255
255
255
255
255
255
255
255
255
255
255
255
255
255
255
255
255
255
255
255
255
255
255
255
255
255
255
255
255
255
255
255
255
255
255
255
255
255
255
255
255
255
255
255
255
255
255
255
255
255
255
255
255
255
255
255
255
255
255
255
255
255
255
255
255
255
255
255
255
255
255
255
255
255
255
255
255
255
255
255
255
255
255
255
255
255
255
255
255
255
255
255
255
255
255
255
255
255
255
255
255
255
255
255
255
255
255
255
255
255
255
255
255
255
255
255
255
255
255
255
255
255
255
255
255
255
255
255
255
255
255
255
255
255
255
255
255
255
255
255
255
255
255
255
255
255
255
255
255
255
255
255
255
255
255
255
255
255
255
255
255
255
255
255
255
255
255
255
255
255
255
255
255
255
255
255
255
255
255
255
255
255
255
255
255
255
255
255
255
255
255
255
255
255
255
255
255
255
255
255
255
255
255
255
255
255
255
255
255
255
255
255
255
255
255
255
255
255
255
255
255
255
255
255
255
255
255
255
255
255
255
255
255
255
255
255
255
255
255
255
255
255
255
255
255
255
255
255
255
255
255
255
255
255
255
255
255
255
255
255
255
255
255
255
255
255
255
255
255
255
255
255
255
255
255
255
255
255
255
255
255
255
255
255
255
255
255
255
255
255
255
255
255
255
255
255
255
255
255
255
255
255
255
255
255
255
255
255
255
255
255
255
255
255
255
255
255
255
255
255
255
255
255
255
255
255
255
255
255
255
255
255
255
255
255
255
255
255
255
255
255
255
255
255
255
255
255
255
255
255
255
255
255
255
255
255
255
255
255
255
255
255
255
255
255
255
255
255
255
255
255
255
255
255
255
255
255
255
255
255
255
255
255
255
255
255
255
255
255
255
255
255
255
255
255
255
255
255
255
255
255
255
255
255
255
255
255
255
255
255
255
255
255
255
255
255
255
255
255
255
255
255
255
255
255
255
255
255
255
255
255
255
255
255
255
255
255
255
255
255
255
255
255
255
255
255
255
255
255
255
255
255
255
255
255
255
255
255
255
255
255
255
255
255
255
255
255
255
255
255
255
255
255
255
255
255
255
255
255
255
255
255
255
255
255
255
255
255
255
255
255
255
255
255
255
255
255
255
255
255
255
255
255
255
255
255
255
255
255
255
255
255
255
255
255
255
255
255
255
255
255
255
255
255
255
255
255
255
255
255
255
255
255
255
255
255
255
255
255
255
255
255
255
255
255
255
255
255
255
255
255
255
255
255
255
255
255
255
255
255
255
255
255
255
255
255
255
255
255
255
255
255
255
255
255
255
255
255
255
255
255
255
255
255
255
255
255
255
255
255
255
255
255
255
255
255
255
255
255
255
255
255
255
255
255
255
255
255
255
255
255
255
255
255
255
255
255
255
255
255
255
255
255
255
255
255
255
255
255
255
255
255
255
255
255
255
255
255
255
255
255
255
255
255
255
255
255
255
255
255
255
255
255
255
255
255
255
255
255
255
255
255
255
255
255
255
255
255
255
255
255
255
255
255
255
255
255
255
255
255
255
255
255
255
255
255
255
255
255
255
255
255
255
255
255
255
255
255
255
255
255
255
255
255
255
255
255
255
255
255
255
255
255
255
255
255
255
255
255
255
255
255
255
255
255
255
255
255
255
255
255
255
255
255
255
255
255
255
255
255
255
255
255
255
255
255
255
255
255
255
255
255
255
255
255
255
255
255
255
255
255
255
255
255
255
255
255
255
255
255
255
255
255
255
255
255
255
255
255
255
255
255
255
255
255
255
255
255
255
255
255
255
255
255
255
255
255
255
255
255
255
255
255
255
255
255
255
255
255
255
255
255
255
255
255
255
255
255
255
255
255
255
255
255
255
255
255
255
255
255
255
255
255
255
255
255
255
255
255
255
255
255
255
255
255
255
255
255
255
255
255
255
255
255
255
255
255
255
255
255
255
255
255
255
255
255
255
255
255
255
255
255
255
255
255
255
255
255
255
255
255
255
255
255
255
255
255
255
255
255
255
255
255
255
255
255
255
255
255
255
255
255
255
255
255
255
255
255
255
255
255
255
255
255
255
255
255
255
255
255
255
255
255
255
255
255
255
255
255
255
255
255
255
255
255
255
255
255
255
255
255
255
255
255
255
255
255
255
255
255
255
255
255
255
255
255
255
255
255
255
255
255
255
255
255
255
255
255
255
255
255
255
255
255
255
255
255
255
255
255
255
255
255
255
255
255
255
255
255
255
255
255
255
255
255
255
255
255
255
255
255
255
255
255
255
255
255
255
255
255
255
255
255
255
255
255
255
255
255
255
255
255
255
255
255
255
255
255
255
255
255
255
255
255
255
255
255
255
255
255
255
255
255
255
255
255
255
255
255
255
255
255
255
255
255
255
255
255
255
255
255
255
255
255
255
255
255
255
255
255
255
255
255
255
255
255
255
255
255
255
255
255
255
255
255
255
255
255
255
255
255
255
255
255
255
255
255
255
255
255
255
255
255
255
255
255
255
255
255
255
255
255
255
255
255
255
255
255
255
255
255
255
255
255
255
255
255
255
255
255
255
255
255
255
255
255
255
255
255
255
255
255
255
255
255
255
255
255
255
255
255
255
255
255
255
255
255
255
255
255
255
255
255
255
255
255
255
255
255
255
255
255
255
255
255
255
255
255
255
255
255
255
255
255
255
255
255
255
255
255
255
255
255
255
255
255
255
255
255
255
255
255
255
255
255
255
255
255
255
255
255
255
255
255
255
255
255
255
255
255
255
255
255
255
255
255
255
255
255
255
255
255
255
255
255
255
255
255
255
255
255
255
255
255
255
255
255
255
255
255
255
255
255
255
255
255
255
255
255
255
255
255
255
255
255
255
255
255
255
255
255
255
255
255
255
255
255
255
255
255
255
255
255
255
255
255
255
255
255
255
255
255
255
255
255
255
255
255
255
255
255
255
255
255
255
255
255
255
255
255
255
255
255
255
255
255
255
255
255
255
255
255
255
255
255
255
255
255
255
255
255
255
255
255
255
255
255
255
255
255
255
255
255
255
255
255
255
255
255
255
255
255
255
255
255
255
255
255
255
255
255
255
255
255
255
255
255
255
255
255
255
255
255
255
255
255
255
255
255
255
255
255
255
255
255
255
255
255
255
255
255
255
255
255
255
255
255
255
255
255
255
255
255
255
255
255
255
255
255
255
255
255
255
255
255
255
255
255
255
255
255
255
255
255
255
255
255
255
255
255
255
255
255
255
255
255
255
255
255
255
255
255
255
255
255
255
255
255
255
255
255
255
255
255
255
255
255
255
255
255
255
255
255
255
255
255
255
255
255
255
255
255
255
255
255
255
255
255
255
255
255
255
255
255
255
255
255
255
255
255
255
255
255
255
255
255
255
255
255
255
255
255
255
255
255
255
255
255
255
255
255
255
255
255
255
255
255
255
255
255
255
255
255
255
255
255
255
255
255
255
255
255
255
255
255
255
255
255
255
255
255
255
255
255
255
255
255
255
255
255
255
255
255
255
255
255
255
255
255
255
255
255
255
255
255
255
255
255
255
255
255
255
255
255
255
255
255
255
255
255
255
255
255
255
255
255
255
255
255
255
255
255
255
255
255
255
255
255
255
255
255
255
255
255
255
255
255
255
255
255
255
255
255
255
255
255
255
255
255
255
255
255
255
255
255
255
255
255
255
255
255
255
255
255
255
255
255
255
255
255
255
255
255
255
255
255
255
255
255
255
255
255
255
255
255
255
255
255
255
255
255
255
255
255
255
255
255
255
255
255
255
255
255
255
255
255
255
255
255
255
255
255
255
255
255
255
255
255
255
255
255
255
255
255
255
255
255
255
255
255
255
255
255
255
255
255
255
255
255
255
255
255
255
255
255
255
255
255
255
255
255
255
255
255
255
255
255
255
255
255
255
255
255
255
255
255
255
255
255
255
255
255
255
255
255
255
255
255
255
255
255
255
255
255
255
255
255
255
255
255
255
255
255
255
255
255
255
255
255
255
255
255
255
255
255
255
255
255
255
255
255
255
255
255
255
255
255
255
255
255
255
255
255
255
255
255
255
255
255
255
255
255
255
255
255
255
255
255
255
255
255
255
255
255
255
255
255
255
255
255
255
255
255
255
255
255
255
255
255
255
255
255
255
255
255
255
255
255
255
255
255
255
255
255
255
255
255
255
255
255
255
255
255
255
255
255
255
255
255
255
255
255
255
255
255
255
255
255
255
255
255
255
255
255
255
255
255
255
255
255
255
255
255
255
255
255
255
255
255
255
255
255
255
255
255
255
255
255
255
255
255
255
255
255
255
255
255
255
255
255
255
255
255
255
255
255
255
255
255
255
255
255
255
255
255
255
255
255
255
255
255
255
255
255
255
255
255
255
255
255
255
255
255
255
255
255
255
255
255
255
255
255
255
255
255
255
255
255
255
255
255
255
255
255
255
255
255
255
255
255
255
255
255
255
255
255
255
255
255
255
255
255
255
255
255
255
255
255
255
255
255
255
255
255
255
255
255
255
255
255
255
255
255
255
255
255
255
255
255
255
255
255
255
255
255
255
255
255
255
255
255
255
255
255
255
255
255
255
0
0
0
0
0
0
0
0
0
0
0
0
0
0
0
0
0
0
0
0
0
0
0
0
0
0
0
0
0
0
0
0
0
0
0
0
0
0
0
0
0
0
0
0
0
0
0
0
0
0
0
0
0
0
0
0
0
0
0
0
0
0
0
0
0
0
0
0
0
0
0
0
0
0
0
0
0
0
0
0
0
0
0
0
0
0
0
0
0
0
0
0
0
0
0
0
0
0
0
0
0
0
0
0
0
0
0
0
0
0
0
0
0
0
0
0
0
0
0
0
0
0
0
0
0
0
0
0
0
0
0
0
0
0
0
0
0
0
0
0
0
0
0
0
0
0
0
0
0
0
0
0
0
0
0
0
0
0
0
0
0
0
0
0
0
0
0
0
0
0
0
0
0
0
0
0
0
0
0
0
0
0
0
0
0
0
0
0
0
0
0
0
0
0
0
0
0
0
0
0
0
0
0
0
0
0
0
0
0
0
0
0
0
0
0
0
0
0
0
0
0
0
0
0
0
0
0
0
0
0
0
0
0
0
0
0
0
0
0
0
0
0
0
0
0
0
0
0
0
0
0
0
0
0
0
0
0
0
0
0
0
0
0
0
0
0
0
0
0
0
0
0
0
0
0
0
0
0
0
0
0
0
0
0
0
0
0
0
0
0
0
0
0
0
0
0
0
0
0
0
0
0
0
0
0
0
0
0
0
0
0
0
0
0
0
0
0
0
0
0
0
0
0
0
0
0
0
0
0
0
0
0
0
0
0
0
0
0
0
0
0
0
0
0
0
0
0
0
0
0
0
0
0
0
0
0
0
0
0
0
0
0
0
0
0
0
0
0
0
0
0
0
0
0
0
0
0
0
0
0
0
0
0
0
0
0
0
0
0
0
0
0
0
0
0
0
0
0
0
0
0
0
0
0
0
0
0
0
0
0
0
0
0
0
0
0
0
0
0
0
0
0
0
0
0
0
0
0
0
0
0
0
0
0
0
0
0
0
0
0
0
0
0
0
0
0
0
0
0
0
0
0
0
0
0
0
0
0
0
0
0
0
0
0
0
0
0
0
0
0
0
0
0
0
0
0
0
0
0
0
0
0
0
0
0
0
0
0
0
0
0
0
0
0
0
0
0
0
0
0
0
0
0
0
0
0
0
0
0
0
0
0
0
0
0
0
0
0
0
0
0
0
0
0
0
0
0
0
0
0
0
0
0
0
0
0
0
0
0
0
0
0
0
0
0
0
0
0
0
0
0
0
0
0
0
0
0
0
0
0
0
0
0
0
0
0
0
0
0
0
0
0
0
0
0
0
0
0
0
0
0
0
0
0
0
0
0
0
0
0
0
0
0
0
0
0
0
0
0
0
0
0
0
0
0
0
0
0
0
0
0
0
0
0
0
0
0
0
0
0
0
0
0
0
0
0
0
0
0
0
0
0
0
0
0
0
0
0
0
0
0
0
0
0
0
0
0
0
0
0
0
0
0
0
0
0
0
0
0
0
0
0
0
0
0
0
0
0
0
0
0
0
0
0
0
0
0
0
0
0
0
0
0
0
0
0
0
0
0
0
0
0
0
0
0
0
0
0
0
0
0
0
0
0
0
0
0
0
0
0
0
0
0
0
0
0
0
0
0
0
0
0
0
0
0
0
0
0
0
0
0
0
0
0
0
0
0
0
0
0
0
0
0
0
0
0
0
0
0
0
0
0
0
0
0
0
0
0
0
0
0
0
0
0
0
0
0
0
0
0
0
0
0
0
0
0
0
0
0
0
0
0
0
0
0
0
0
0
0
0
0
0
0
0
0
0
0
0
0
0
0
0
0
0
0
0
0
0
0
0
0
0
0
0
0
0
0
0
0
0
0
0
0
0
0
0
0
0
0
0
0
0
0
0
0
0
0
0
0
0
0
0
0
0
0
0
0
0
0
0
0
0
0
0
0
0
0
0
0
0
0
0
0
0
0
0
0
0
0
0
0
0
0
0
0
0
0
0
0
0
0
0
0
0
0
0
0
0
0
0
0
0
0
0
0
0
0
0
0
0
0
0
0
0
0
0
0
0
0
0
0
0
0
0
0
0
0
0
0
0
0
0
0
0
0
0
0
0
0
0
0
0
0
0
0
0
0
0
0
0
0
0
0
0
0
0
0
0
0
0
0
0
0
0
0
0
0
0
0
0
0
0
0
0
0
0
0
0
0
0
0
0
0
0
0
0
0
0
0
0
0
0
0
0
0
0
0
0
0
0
0
0
0
0
0
0
0
0
0
0
0
0
0
0
0
0
0
0
0
0
0
0
0
0
0
0
0
0
0
0
0
0
0
0
0
0
0
0
0
0
0
0
0
0
0
0
0
0
0
0
0
0
0
0
0
0
0
0
0
0
0
0
0
0
0
0
0
0
0
0
0
0
0
0
0
0
0
0
0
0
0
0
0
0
0
0
0
0
0
0
0
0
0
0
0
0
0
0
0
0
0
0
0
0
0
0
0
0
0
0
0
0
0
0
0
0
0
0
0
0
0
0
0
0
0
0
0
0
0
0
0
0
0
0
0
0
0
0
0
0
0
0
0
0
0
0
0
0
0
0
0
0
0
0
0
0
0
0
0
0
0
0
0
0
0
0
0
0
0
0
0
0
0
0
0
0
0
0
0
0
0
0
0
0
0
0
0
0
0
0
0
0
0
0
0
0
0
0
0
0
0
0
0
0
0
0
0
0
0
0
0
0
0
0
0
0
0
0
0
0
0
0
0
0
0
0
0
0
0
0
0
0
0
0
0
0
0
0
0
0
0
0
0
0
0
0
0
0
0
0
0
0
0
0
0
0
0
0
0
0
0
0
0
0
0
0
0
0
0
0
0
0
0
0
0
0
0
0
0
0
0
0
0
0
0
0
0
0
0
0
0
0
0
0
0
0
0
0
0
0
0
0
0
0
0
0
0
0
0
0
0
0
0
0
0
0
0
0
0
0
0
0
0
0
0
0
0
0
0
0
0
0
0
0
0
0
0
0
0
0
0
0
0
0
0
0
0
0
0
0
0
0
0
0
0
0
0
0
0
0
0
0
0
0
0
0
0
0
0
0
0
0
0
0
0
0
0
0
0
0
0
0
0
0
0
0
0
0
0
0
0
0
0
0
0
0
0
0
0
0
0
0
0
0
0
0
0
0
0
0
0
0
0
0
0
0
0
0
0
0
0
0
0
0
0
0
0
0
0
0
0
0
0
0
0
0
0
0
0
0
0
0
0
0
0
0
0
0
0
0
0
0
0
0
0
0
0
0
0
0
0
0
0
0
0
0
0
0
0
0
0
0
0
0
0
0
0
0
0
0
0
0
0
0
0
0
0
0
0
0
0
0
0
0
0
0
0
0
0
0
0
0
0
0
0
0
0
0
0
0
0
0
0
0
0
0
0
0
0
0
0
0
0
0
0
0
0
0
0
0
0
0
0
0
0
0
0
0
0
0
0
0
0
0
0
0
0
0
0
0
0
0
0
0
0
0
0
0
0
0
0
0
0
0
0
0
0
0
0
0
0
0
0
0
0
0
0
0
0
0
0
0
0
0
0
0
0
0
0
0
0
0
0
0
0
0
0
0
0
0
0
0
0
0
0
0
0
0
0
0
0
0
0
0
0
0
0
0
0
0
0
0
0
0
0
0
0
0
0
0
0
0
0
0
0
0
0
0
0
0
0
0
0
0
0
0
0
0
0
0
0
0
0
0
0
0
0
0
0
0
0
0
0
0
0
0
0
0
0
0
0
0
0
0
0
0
0
0
0
0
0
0
0
0
0
0
0
0
0
0
0
0
0
0
0
0
0
0
0
0
0
0
0
0
0
0
0
0
0
0
0
0
0
0
0
0
0
0
0
0
0
0
0
0
0
0
0
0
0
0
0
0
0
0
0
0
0
0
0
0
0
0
0
0
0
0
0
0
0
0
0
0
0
0
0
0
0
0
0
0
0
0
0
0
0
0
0
0
0
0
0
0
0
0
0
0
0
0
0
0
0
0
0
0
0
0
0
0
0
0
0
0
0
0
0
0
0
0
0
0
0
0
0
0
0
0
0
0
0
0
0
0
0
0
0
0
0
0
0
0
0
0
0
0
0
0
0
0
0
0
0
0
0
0
0
0
0
0
0
0
0
0
0
0
0
0
0
0
0
0
0
0
0
0
0
0
0
0
0
0
0
0
0
0
0
0
0
0
0
0
0
0
0
0
0
0
0
0
0
0
0
0
0
0
0
0
0
0
0
0
0
0
0
0
0
0
0
0
0
0
0
0
0
0
0
0
0
0
0
0
0
0
0
0
0
0
0
0
0
0
0
0
0
0
0
0
0
0
0
0
0
0
0
0
0
0
0
0
0
0
0
0
0
0
0
0
0
0
0
0
0
0
0
0
0
0
0
0
0
0
0
0
0
0
0
0
0
0
0
0
0
0
0
0
0
0
0
0
0
0
0
0
0
0
0
0
0
0
0
0
0
0
0
0
0
0
0
0
0
0
0
0
0
0
0
0
0
0
0
0
0
0
0
0
0
0
0
0
0
0
0
0
0
0
0
0
0
0
0
0
0
0
0
0
0
0
0
0
0
0
0
0
0
0
0
0
0
0
0
0
0
0
0
0
0
0
0
0
0
0
0
0
0
0
0
0
0
0
0
0
0
0
0
0
0
0
0
0
0
0
0
0
0
0
0
0
0
0
0
0
0
0
0
0
0
0
0
0
0
0
0
0
0
0
0
0
0
0
0
0
0
0
0
0
0
0
0
0
0
0
0
0
0
0
0
0
0
0
0
0
0
0
0
0
0
0
0
0
0
0
0
0
0
0
0
0
0
0
0
0
0
0
0
0
0
0
0
0
0
0
0
0
0
0
0
0
0
0
0
0
0
0
0
0
0
0
0
0
0
0
0
0
0
0
0
0
0
0
0
0
0
0
0
0
0
0
0
0
0
0
0
0
0
0
0
0
0
0
0
0
0
0
0
0
0
0
0
0
0
0
0
0
0
0
0
0
0
0
0
0
0
0
0
0
0
0
0
0
0
0
0
0
0
0
0
0
0
0
0
0
0
0
0
0
0
0
0
0
0
0
0
0
0
0
0
0
0
0
0
0
0
0
0
0
0
0
0
0
0
0
0
0
0
0
0
0
0
0
0
0
0
0
0
0
0
0
0
0
0
0
0
0
0
0
0
0
0
0
0
0
0
0
0
0
0
0
0
0
0
0
0
0
0
0
0
0
0
0
0
0
0
0
0
0
0
0
0
0
0
0
0
0
0
0
0
0
0
0
0
0
0
0
0
0
0
0
0
0
0
0
0
0
0
0
0
0
0
0
0
0
0
0
0
0
0
0
0
0
0
0
0
0
0
0
0
0
0
0
0
0
0
0
0
0
0
0
0
0
0
0
0
0
0
0
0
0
0
0
0
0
0
0
0
0
0
0
0
0
0
0
0
0
0
0
0
0
0
0
0
0
0
0
0
0
0
0
0
0
0
0
0
0
0
0
0
0
0
0
0
0
0
0
0
0
0
0
0
0
0
0
0
0
0
0
0
0
0
0
0
0
0
0
0
0
0
0
0
0
0
0
0
0
0
0
0
0
0
0
0
0
0
0
0
0
0
0
0
0
0
0
0
0
0
0
0
0
0
0
0
0
0
0
0
0
0
0
0
0
0
0
0
0
0
0
0
0
0
0
0
0
0
0
0
0
0
0
0
0
0
0
0
0
0
0
0
0
0
0
0
0
0
0
0
0
0
0
0
0
0
0
0
0
0
0
0
0
0
0
0
0
0
0
0
0
0
0
0
0
0
0
0
0
0
0
0
0
0
0
0
0
0
0
0
0
0
0
0
0
0
0
0
0
0
0
0
0
0
0
0
0
0
0
0
0
0
0
0
0
0
0
0
0
0
0
0
0
0
0
0
0
0
0
0
0
0
0
0
0
0
0
0
0
0
0
0
0
0
0
0
0
0
0
0
0
0
0
0
0
0
0
0
0
0
0
0
0
0
0
0
0
0
0
0
0
0
0
0
0
0
0
0
0
0
0
0
0
0
0
0
0
0
0
0
0
0
0
0
0
0
0
0
0
0
0
0
0
0
0
0
0
0
0
0
0
0
0
0
0
0
0
0
0
0
0
0
0
0
0
0
0
0
0
0
0
0
0
0
0
0
0
0
0
0
0
0
0
0
0
0
0
0
0
0
0
0
0
0
0
0
0
0
0
0
0
0
0
0
0
0
0
0
0
0
0
0
0
0
0
0
0
0
0
0
0
0
0
0
0
0
0
0
0
0
0
0
0
0
0
0
0
0
0
0
0
0
0
0
0
0
0
0
0
0
0
0
0
0
0
0
0
0
0
0
0
0
0
0
0
0
0
0
0
0
0
0
0
0
0
0
0
0
0
0
0
0
0
0
0
0
0
0
0
0
0
0
0
0
0
0
0
0
0
0
0
0
0
0
0
0
0
0
0
0
0
0
0
0
0
0
0
0
0
0
0
0
0
0
0
0
0
0
0
0
0
0
0
0
0
0
0
0
0
0
0
0
0
0
0
0
0
0
0
0
0
0
0
0
0
0
0
0
0
0
0
0
0
0
0
0
0
0
0
0
0
0
0
0
0
0
0
0
0
0
0
0
0
0
0
0
0
0
0
0
0
0
0
0
0
0
0
0
0
0
0
0
0
0
0
0
0
0
0
0
0
0
0
0
0
0
0
0
0
0
0
0
0
0
0
0
0
0
0
0
0
0
0
0
0
0
0
0
0
0
0
0
0
0
0
0
0
127
127
127
127
127
127
127
127
127
127
127
127
127
127
127
127
127
127
127
127
127
127
127
127
127
127
127
127
127
127
127
127
127
127
127
127
127
127
127
127
127
127
127
127
127
127
127
127
127
127
127
127
127
127
127
127
127
127
127
127
127
127
127
127
127
127
127
127
127
127
127
127
127
127
127
127
127
127
127
127
127
127
127
127
127
127
127
127
127
127
127
127
127
127
127
127
127
127
127
127
127
127
127
127
127
127
127
127
127
127
127
127
127
127
127
127
127
127
127
127
127
127
127
127
127
127
127
127
127
127
127
127
127
127
127
127
127
127
127
127
127
127
127
127
127
127
127
127
127
127
127
127
127
127
127
127
127
127
127
127
127
127
127
127
127
127
127
127
127
127
127
127
127
127
127
127
127
127
127
127
127
127
127
127
127
127
127
127
127
127
127
127
127
127
127
127
127
127
127
127
127
127
127
127
127
127
127
127
127
127
127
127
127
127
127
127
127
127
127
127
127
127
127
127
127
127
127
127
127
127
127
127
127
127
127
127
127
127
127
127
127
127
127
127
127
127
127
127
127
127
127
127
127
127
127
127
127
127
127
127
127
127
127
127
127
127
127
127
127
127
127
127
127
127
127
127
127
127
127
127
127
127
127
127
127
127
127
127
127
127
127
127
127
127
127
127
127
127
127
127
127
127
127
127
127
127
127
127
127
127
127
127
127
127
127
127
127
127
127
127
127
127
127
127
127
127
127
127
127
127
127
127
127
127
127
127
127
127
127
127
127
127
127
127
127
127
127
127
127
127
127
127
127
127
127
127
127
127
127
127
127
127
127
127
127
127
127
127
127
127
127
127
127
127
127
127
127
127
127
127
127
127
127
127
127
127
127
127
127
127
127
127
127
127
127
127
127
127
127
127
127
127
127
127
127
127
127
127
127
127
127
127
127
127
127
127
127
127
127
127
127
127
127
127
127
127
127
127
127
127
127
127
127
127
127
127
127
127
127
127
127
127
127
127
127
127
127
127
127
127
127
127
127
127
127
127
127
127
127
127
127
127
127
127
127
127
127
127
127
127
127
127
127
127
127
127
127
127
127
127
127
127
127
127
127
127
127
127
127
127
127
127
127
127
127
127
127
127
127
127
127
127
127
127
127
127
127
127
127
127
127
127
127
127
127
127
127
127
127
127
127
127
127
127
127
127
127
127
127
127
127
127
127
127
127
127
127
127
127
127
127
127
127
127
127
127
127
127
127
127
127
127
127
127
127
127
127
127
127
127
127
127
127
127
127
127
127
127
127
127
127
127
127
127
127
127
127
127
127
127
127
127
127
127
127
127
127
127
127
127
127
127
127
127
127
127
127
127
127
127
127
127
127
127
127
127
127
127
127
127
127
127
127
127
127
127
127
127
127
127
127
127
127
127
127
127
127
127
127
127
127
127
127
127
127
127
127
127
127
127
127
127
127
127
127
127
127
127
127
127
127
127
127
127
127
127
127
127
127
127
127
127
127
127
127
127
127
127
127
127
127
127
127
127
127
127
127
127
127
127
127
127
127
127
127
127
127
127
127
127
127
127
127
127
127
127
127
127
127
127
127
127
127
127
127
127
127
127
127
127
127
127
127
127
127
127
127
127
127
127
127
127
127
127
127
127
127
127
127
127
127
127
127
127
127
127
127
127
127
127
127
127
127
127
127
127
127
127
127
127
127
127
127
127
127
127
127
127
127
127
127
127
127
127
127
127
127
127
127
127
127
127
127
127
127
127
127
127
127
127
127
127
127
127
127
127
127
127
127
127
127
127
127
127
127
127
127
127
127
127
127
127
127
127
127
127
127
127
127
127
127
127
127
127
127
127
127
127
127
127
127
127
127
127
127
127
127
127
127
127
127
127
127
127
127
127
127
127
127
127
127
127
127
127
127
127
127
127
127
127
127
127
127
127
127
127
127
127
127
127
127
127
127
127
127
127
127
127
127
127
127
127
127
127
127
127
127
127
127
127
127
127
127
127
127
127
127
127
127
127
127
127
127
127
127
127
127
127
127
127
127
127
127
127
127
127
127
127
127
127
127
127
127
127
127
127
127
127
127
127
127
127
127
127
127
127
127
127
127
127
127
127
127
127
127
127
127
127
127
127
127
127
127
127
127
127
127
127
127
127
127
127
127
127
127
127
127
127
127
127
127
127
127
127
127
127
127
127
127
127
127
127
127
127
127
127
127
127
127
127
127
127
127
127
127
127
127
127
127
127
127
127
127
127
127
127
127
127
127
127
127
127.000007629395
127.000007629395
127.000015258789
126.999992370605
126.999992370605
127.000038146973
126.999992370605
127.000015258789
127
126.999984741211
127.000007629395
126.999984741211
127.000007629395
127.000015258789
126.999992370605
127.000015258789
127.000007629395
127
126.999969482422
127.000022888184
126.999984741211
127.000022888184
127.000007629395
126.999984741211
127
127.000007629395
127.000007629395
127.000015258789
126.999992370605
126.999992370605
127.000038146973
126.999992370605
127.000015258789
127
126.999984741211
127.000007629395
126.999984741211
127.000007629395
127.000015258789
126.999992370605
127.000015258789
127.000007629395
127
126.999969482422
127.000022888184
126.999984741211
127.000022888184
127.000007629395
126.999984741211
127
127.000007629395
127.000007629395
127.000015258789
126.999992370605
126.999992370605
127.000038146973
126.999992370605
127.000015258789
127
126.999984741211
127.000007629395
126.999984741211
127.000007629395
127.000015258789
126.999992370605
127.000015258789
127.000007629395
127
126.999969482422
127.000022888184
126.999984741211
127.000022888184
127.000007629395
126.999984741211
127
127.000007629395
127.000007629395
127.000015258789
126.999992370605
126.999992370605
127.000038146973
126.999992370605
127.000015258789
127
126.999984741211
127.000007629395
126.999984741211
127.000007629395
127.000015258789
126.999992370605
127.000015258789
127.000007629395
127
126.999969482422
127.000022888184
126.999984741211
127.000022888184
127.000007629395
126.999984741211
127
127.000007629395
127.000007629395
127.000015258789
126.999992370605
126.999992370605
127.000038146973
126.999992370605
127.000015258789
127
126.999984741211
127.000007629395
126.999984741211
127.000007629395
127.000015258789
126.999992370605
127.000015258789
127.000007629395
127
126.999969482422
127.000022888184
126.999984741211
127.000022888184
127.000007629395
126.999984741211
127
127.000007629395
127.000007629395
127.000015258789
126.999992370605
126.999992370605
127.000038146973
126.999992370605
127.000015258789
127
126.999984741211
127.000007629395
126.999984741211
127.000007629395
127.000015258789
126.999992370605
127.000015258789
127.000007629395
127
126.999969482422
127.000022888184
126.999984741211
127.000022888184
127.000007629395
126.999984741211
127
127.000007629395
127.000007629395
127.000015258789
126.999992370605
126.999992370605
127.000038146973
126.999992370605
127.000015258789
127
126.999984741211
127.000007629395
126.999984741211
127.000007629395
127.000015258789
126.999992370605
127.000015258789
127.000007629395
127
126.999969482422
127.000022888184
126.999984741211
127.000022888184
127.000007629395
126.999984741211
127
127.000007629395
127.000007629395
127.000015258789
126.999992370605
126.999992370605
127.000038146973
126.999992370605
127.000015258789
127
126.999984741211
127.000007629395
126.999984741211
127.000007629395
127.000015258789
126.999992370605
127.000015258789
127.000007629395
127
126.999969482422
127.000022888184
126.999984741211
127.000022888184
127.000007629395
126.999984741211
127
127.000007629395
127.000007629395
127.000015258789
126.999992370605
126.999992370605
127.000038146973
126.999992370605
127.000015258789
127
126.999984741211
127.000007629395
126.999984741211
127.000007629395
127.000015258789
126.999992370605
127.000015258789
127.000007629395
127
126.999969482422
127.000022888184
126.999984741211
127.000022888184
127.000007629395
126.999984741211
127
127.000007629395
127.000007629395
127.000015258789
126.999992370605
126.999992370605
127.000038146973
126.999992370605
127.000015258789
127
126.999984741211
127.000007629395
126.999984741211
127.000007629395
127.000015258789
126.999992370605
127.000015258789
127.000007629395
127
126.999969482422
127.000022888184
126.999984741211
127.000022888184
127.000007629395
126.999984741211
127
127.000007629395
127.000007629395
127.000015258789
126.999992370605
126.999992370605
127.000038146973
126.999992370605
127.000015258789
127
126.999984741211
127.000007629395
126.999984741211
127.000007629395
127.000015258789
126.999992370605
127.000015258789
127.000007629395
127
126.999969482422
127.000022888184
126.999984741211
127.000022888184
127.000007629395
126.999984741211
127
127.000007629395
127.000007629395
127.000015258789
126.999992370605
126.999992370605
127.000038146973
126.999992370605
127.000015258789
127
126.999984741211
127.000007629395
126.999984741211
127.000007629395
127.000015258789
126.999992370605
127.000015258789
127.000007629395
127
126.999969482422
127.000022888184
126.999984741211
127.000022888184
127.000007629395
126.999984741211
127
127.000007629395
127.000007629395
127.000015258789
126.999992370605
126.999992370605
127.000038146973
126.999992370605
127.000015258789
127
126.999984741211
127.000007629395
126.999984741211
127.000007629395
127.000015258789
126.999992370605
127.000015258789
127.000007629395
127
126.999969482422
127.000022888184
126.999984741211
127.000022888184
127.000007629395
126.999984741211
127
127.000007629395
127.000007629395
127.000015258789
126.999992370605
126.999992370605
127.000038146973
126.999992370605
127.000015258789
127
126.999984741211
127.000007629395
126.999984741211
127.000007629395
127.000015258789
126.999992370605
127.000015258789
127.000007629395
127
126.999969482422
127.000022888184
126.999984741211
127.000022888184
127.000007629395
126.999984741211
127
127.000007629395
127.000007629395
127.000015258789
126.999992370605
126.999992370605
127.000038146973
126.999992370605
127.000015258789
127
126.999984741211
127.000007629395
126.999984741211
127.000007629395
127.000015258789
126.999992370605
127.000015258789
127.000007629395
127
126.999969482422
127.000022888184
126.999984741211
127.000022888184
127.000007629395
126.999984741211
127
127.000007629395
127.000007629395
127.000015258789
126.999992370605
126.999992370605
127.000038146973
126.999992370605
127.000015258789
127
126.999984741211
127.000007629395
126.999984741211
127.000007629395
127.000015258789
126.999992370605
127.000015258789
127.000007629395
127
126.999969482422
127.000022888184
126.999984741211
127.000022888184
127.000007629395
126.999984741211
127
127.000007629395
127.000007629395
127.000015258789
126.999992370605
126.999992370605
127.000038146973
126.999992370605
127.000015258789
127
126.999984741211
127.000007629395
126.999984741211
127.000007629395
127.000015258789
126.999992370605
127.000015258789
127.000007629395
127
126.999969482422
127.000022888184
126.999984741211
127.000022888184
127.000007629395
126.999984741211
127
127.000007629395
127.000007629395
127.000015258789
126.999992370605
126.999992370605
127.000038146973
126.999992370605
127.000015258789
127
126.999984741211
127.000007629395
126.999984741211
127.000007629395
127.000015258789
126.999992370605
127.000015258789
127.000007629395
127
126.999969482422
127.000022888184
126.999984741211
127.000022888184
127.000007629395
126.999984741211
127
127.000007629395
127.000007629395
127.000015258789
126.999992370605
126.999992370605
127.000038146973
126.999992370605
127.000015258789
127
126.999984741211
127.000007629395
126.999984741211
127.000007629395
127.000015258789
126.999992370605
127.000015258789
127.000007629395
127
126.999969482422
127.000022888184
126.999984741211
127.000022888184
127.000007629395
126.999984741211
127
127.000007629395
127.000007629395
127.000015258789
126.999992370605
126.999992370605
127.000038146973
126.999992370605
127.000015258789
127
126.999984741211
127.000007629395
126.999984741211
127.000007629395
127.000015258789
126.999992370605
127.000015258789
127.000007629395
127
126.999969482422
127.000022888184
126.999984741211
127.000022888184
127.000007629395
126.999984741211
127
127.000007629395
127.000007629395
127.000015258789
126.999992370605
126.999992370605
127.000038146973
126.999992370605
127.000015258789
127
126.999984741211
127.000007629395
126.999984741211
127.000007629395
127.000015258789
126.999992370605
127.000015258789
127.000007629395
127
126.999969482422
127.000022888184
126.999984741211
127.000022888184
127.000007629395
126.999984741211
127
127.000007629395
127.000007629395
127.000015258789
126.999992370605
126.999992370605
127.000038146973
126.999992370605
127.000015258789
127
126.999984741211
127.000007629395
126.999984741211
127.000007629395
127.000015258789
126.999992370605
127.000015258789
127.000007629395
127
126.999969482422
127.000022888184
126.999984741211
127.000022888184
127.000007629395
126.999984741211
127
127.000007629395
127.000007629395
127.000015258789
126.999992370605
126.999992370605
127.000038146973
126.999992370605
127.000015258789
127
126.999984741211
127.000007629395
126.999984741211
127.000007629395
127.000015258789
126.999992370605
127.000015258789
127.000007629395
127
126.999969482422
127.000022888184
126.999984741211
127.000022888184
127.000007629395
126.999984741211
127
127.000007629395
127.000007629395
127.000015258789
126.999992370605
126.999992370605
127.000038146973
126.999992370605
127.000015258789
127
126.999984741211
127.000007629395
126.999984741211
127.000007629395
127.000015258789
126.999992370605
127.000015258789
127.000007629395
127
126.999969482422
127.000022888184
126.999984741211
127.000022888184
127.000007629395
126.999984741211
127
127.000007629395
127.000007629395
127.000015258789
126.999992370605
126.999992370605
127.000038146973
126.999992370605
127.000015258789
127
126.999984741211
127.000007629395
126.999984741211
127.000007629395
127.000015258789
126.999992370605
127.000015258789
127.000007629395
127
126.999969482422
127.000022888184
126.999984741211
127.000022888184
127.000007629395
126.999984741211
127
127.000007629395
127.000007629395
127.000015258789
126.999992370605
126.999992370605
127.000038146973
126.999992370605
127.000015258789
127
126.999984741211
127.000007629395
126.999984741211
127.000007629395
127.000015258789
126.999992370605
127.000015258789
127.000007629395
127
126.999969482422
127.000022888184
126.999984741211
127.000022888184
127.000007629395
126.999984741211
127
127.000007629395
127.000007629395
127.000015258789
126.999992370605
126.999992370605
127.000038146973
126.999992370605
127.000015258789
127
126.999984741211
127.000007629395
126.999984741211
127.000007629395
127.000015258789
126.999992370605
127.000015258789
127.000007629395
127
126.999969482422
127.000022888184
126.999984741211
127.000022888184
127.000007629395
126.999984741211
127
127.000007629395
127.000007629395
127.000015258789
126.999992370605
126.999992370605
127.000038146973
126.999992370605
127.000015258789
127
126.999984741211
127.000007629395
126.999984741211
127.000007629395
127.000015258789
126.999992370605
127.000015258789
127.000007629395
127
126.999969482422
127.000022888184
126.999984741211
127.000022888184
127.000007629395
126.999984741211
127
127.000007629395
127.000007629395
127.000015258789
126.999992370605
126.999992370605
127.000038146973
126.999992370605
127.000015258789
127
126.999984741211
127.000007629395
126.999984741211
127.000007629395
127.000015258789
126.999992370605
127.000015258789
127.000007629395
127
126.999969482422
127.000022888184
126.999984741211
127.000022888184
127.000007629395
126.999984741211
127
127.000007629395
127.000007629395
127.000015258789
126.999992370605
126.999992370605
127.000038146973
126.999992370605
127.000015258789
127
126.999984741211
127.000007629395
126.999984741211
127.000007629395
127.000015258789
126.999992370605
127.000015258789
127.000007629395
127
126.999969482422
127.000022888184
126.999984741211
127.000022888184
127.000007629395
126.999984741211
127
127.000007629395
127.000007629395
127.000015258789
126.999992370605
126.999992370605
127.000038146973
126.999992370605
127.000015258789
127
126.999984741211
127.000007629395
126.999984741211
127.000007629395
127.000015258789
126.999992370605
127.000015258789
127.000007629395
127
126.999969482422
127.000022888184
126.999984741211
127.000022888184
127.000007629395
126.999984741211
127
127.000007629395
127.000007629395
127.000015258789
126.999992370605
126.999992370605
127.000038146973
126.999992370605
127.000015258789
127
126.999984741211
127.000007629395
126.999984741211
127.000007629395
127.000015258789
126.999992370605
127.000015258789
127.000007629395
127
126.999969482422
127.000022888184
126.999984741211
127.000022888184
127.000007629395
126.999984741211
127
127.000007629395
127.000007629395
127.000015258789
126.999992370605
126.999992370605
127.000038146973
126.999992370605
127.000015258789
127
126.999984741211
127.000007629395
126.999984741211
127.000007629395
127.000015258789
126.999992370605
127.000015258789
127.000007629395
127
126.999969482422
127.000022888184
126.999984741211
127.000022888184
127.000007629395
126.999984741211
127
127.000007629395
127.000007629395
127.000015258789
126.999992370605
126.999992370605
127.000038146973
126.999992370605
127.000015258789
127
126.999984741211
127.000007629395
126.999984741211
127.000007629395
127.000015258789
126.999992370605
127.000015258789
127.000007629395
127
126.999969482422
127.000022888184
126.999984741211
127.000022888184
127.000007629395
126.999984741211
127
127.000007629395
127.000007629395
127.000015258789
126.999992370605
126.999992370605
127.000038146973
126.999992370605
127.000015258789
127
126.999984741211
127.000007629395
126.999984741211
127.000007629395
127.000015258789
126.999992370605
127.000015258789
127.000007629395
127
126.999969482422
127.000022888184
126.999984741211
127.000022888184
127.000007629395
126.999984741211
127
127.000007629395
127.000007629395
127.000015258789
126.999992370605
126.999992370605
127.000038146973
126.999992370605
127.000015258789
127
126.999984741211
127.000007629395
126.999984741211
127.000007629395
127.000015258789
126.999992370605
127.000015258789
127.000007629395
127
126.999969482422
127.000022888184
126.999984741211
127.000022888184
127.000007629395
126.999984741211
127
127.000007629395
127.000007629395
127.000015258789
126.999992370605
126.999992370605
127.000038146973
126.999992370605
127.000015258789
127
126.999984741211
127.000007629395
126.999984741211
127.000007629395
127.000015258789
126.999992370605
127.000015258789
127.000007629395
127
126.999969482422
127.000022888184
126.999984741211
127.000022888184
127.000007629395
126.999984741211
127
127.000007629395
127.000007629395
127.000015258789
126.999992370605
126.999992370605
127.000038146973
126.999992370605
127.000015258789
127
126.999984741211
127.000007629395
126.999984741211
127.000007629395
127.000007629395
126.999977111816
126.999969482422
126.999908447266
126.999839782715
126.99974822998
126.999740600586
126.999656677246
126.999687194824
126.999717712402
126.999809265137
127
127.000259399414
127.000564575195
127.000885009766
127.001167297363
127.001419067383
127.00163269043
127.001663208008
127.001625061035
127.001434326172
127.001121520996
127.00074005127
127.000244140625
126.999740600586
126.999214172363
126.998672485352
126.998207092285
126.997772216797
126.997421264648
126.997177124023
126.997169494629
126.997268676758
126.997650146484
126.998199462891
126.998977661133
127
127.001174926758
127.00244140625
127.003700256348
127.004814147949
127.005737304688
127.006378173828
127.006561279297
127.00634765625
127.005630493164
127.004463195801
127.0029296875
127.001014709473
126.99893951416
126.996734619141
126.994522094727
126.99250793457
126.990745544434
126.989410400391
126.988609313965
126.988571166992
126.989219665527
126.990768432617
126.993087768555
126.996192932129
127
127.004287719727
127.0087890625
127.013145446777
127.017074584961
127.020195007324
127.02222442627
127.02286529541
127.022003173828
127.019554138184
127.015510559082
127.010124206543
127.003570556641
126.996292114258
126.988662719727
126.981117248535
126.974235534668
126.968399047852
126.964179992676
126.9619140625
126.962051391602
126.964683532715
126.970008850098
126.97785949707
126.987991333008
127
127.013244628906
127.02693939209
127.040115356445
127.051818847656
127.061126708984
127.067192077637
127.069244384766
127.066795349121
127.059593200684
127.047622680664
127.031288146973
127.011169433594
126.988273620605
126.963745117188
126.93888092041
126.915328979492
126.894554138184
126.878303527832
126.868103027344
126.865516662598
126.87174987793
126.887870788574
126.914489746094
126.951889038086
127
127.058258056641
127.125640869141
127.200813293457
127.282173156738
127.368003845215
127.456520080566
127.545944213867
127.634780883789
127.7216796875
127.805656433105
127.886184692383
127.962928771973
128.036239624023
128.106567382812
128.174758911133
128.241958618164
128.309432983398
128.378616333008
128.450897216797
128.527603149414
128.609634399414
128.69792175293
128.792572021484
128.893493652344
129
129.110855102539
129.224273681641
129.338165283203
129.449981689453
129.557144165039
129.657119750977
129.747329711914
129.825744628906
129.890563964844
129.940628051758
129.975555419922
129.995407104492
130.001281738281
129.994689941406
129.977905273438
129.953948974609
129.926010131836
129.897842407227
129.873321533203
129.856384277344
129.850662231445
129.859680175781
129.886199951172
129.932495117188
130
130.089279174805
130.199981689453
130.330764770508
130.479568481445
130.643692016602
130.819869995117
131.004333496094
131.193328857422
131.382934570312
131.569320678711
131.749130249023
131.919296264648
132.077423095703
132.221588134766
132.350570678711
132.464004516602
132.562026977539
132.645614624023
132.716278076172
132.776107788086
132.827362060547
132.872756958008
132.914962768555
132.95654296875
133
133.047378540039
133.10026550293
133.159744262695
133.226409912109
133.300338745117
133.381240844727
133.468215942383
133.560317993164
133.656097412109
133.754257202148
133.85319519043
133.95149230957
134.0478515625
134.141250610352
134.230712890625
134.315856933594
134.396545410156
134.473068237305
134.546249389648
134.617340087891
134.687698364258
134.759216308594
134.833755493164
134.913314819336
135
135.095550537109
135.201538085938
135.319122314453
135.449111938477
135.591934204102
135.747573852539
135.915481567383
136.094818115234
136.284301757812
136.482147216797
136.686508178711
136.894943237305
137.10514831543
137.314529418945
137.520385742188
137.720291137695
137.911926269531
138.09326171875
138.262725830078
138.419174194336
138.561874389648
138.690780639648
138.806137084961
138.908752441406
139
139.081481933594
139.155136108398
139.223052978516
139.287521362305
139.350936889648
139.415649414062
139.48388671875
139.557723999023
139.639022827148
139.729217529297
139.829437255859
139.940399169922
140.062316894531
140.194961547852
140.33757019043
140.489151000977
140.648223876953
140.81315612793
140.982345581055
141.15412902832
141.326644897461
141.498687744141
141.668853759766
141.83610534668
142
142.16015625
142.316619873047
142.469741821289
142.620346069336
142.769500732422
142.918487548828
143.069046020508
143.222793579102
143.381591796875
143.547119140625
143.720932006836
143.904342651367
144.098388671875
144.303482055664
144.519683837891
144.746505737305
144.98307800293
145.22785949707
145.47932434082
145.735382080078
145.99365234375
146.251739501953
146.50715637207
146.757339477539
147
147.232971191406
147.454315185547
147.662551879883
147.856643676758
148.035980224609
148.20068359375
148.35124206543
148.488830566406
148.61506652832
148.731918334961
148.841949462891
148.94775390625
149.05224609375
149.158294677734
149.268569946289
149.385772705078
149.512145996094
149.64973449707
149.800094604492
149.964462280273
150.143402099609
150.337051391602
150.545059204102
150.766494750977
151
151.243698120117
151.495407104492
151.752487182617
152.012298583984
152.272109985352
152.529327392578
152.781372070312
153.026153564453
153.261932373047
153.487182617188
153.701141357422
153.903289794922
154.093872070312
154.273330688477
154.442657470703
154.603393554688
154.757095336914
154.905914306641
155.052047729492
155.197891235352
155.345733642578
155.497955322266
155.656555175781
155.823379516602
156
156.1875
156.386474609375
156.597076416016
156.819030761719
157.051605224609
157.293853759766
157.544418334961
157.801879882812
158.064483642578
158.330535888672
158.598449707031
158.866424560547
159.133071899414
159.396926879883
159.656890869141
159.912124633789
160.162048339844
160.406311035156
160.645111083984
160.878845214844
161.108123779297
161.333786010742
161.556900024414
161.778549194336
162
162.222305297852
162.446380615234
162.673110961914
162.903137207031
163.136825561523
163.374526977539
163.616165161133
163.861694335938
164.110626220703
164.362426757812
164.616516113281
164.871994018555
165.128036499023
165.383697509766
165.637969970703
165.890075683594
166.139129638672
166.384613037109
166.62614440918
166.863616943359
167.096923828125
167.326629638672
167.553176879883
167.777313232422
168
168.222259521484
168.445114135742
168.66960144043
168.896697998047
169.12727355957
169.362014770508
169.601409912109
169.845809936523
170.095123291016
170.349105834961
170.607192993164
170.868499755859
171.131881713867
171.396041870117
171.659393310547
171.920516967773
172.177749633789
172.429824829102
172.67546081543
172.914077758789
173.145004272461
173.368392944336
173.584625244141
173.794662475586
174
174.20231628418
174.403762817383
174.606536865234
174.813095092773
175.025909423828
175.247299194336
175.479385375977
175.723937988281
175.982269287109
176.255096435547
176.542617797852
176.844207763672
177.158813476562
177.484573364258
177.819000244141
178.159378051758
178.502502441406
178.845062255859
179.183883666992
179.51594543457
179.838500976562
180.1494140625
180.447082519531
180.73063659668
181
181.255813598633
181.499450683594
181.732818603516
181.958602905273
182.179748535156
182.399475097656
182.621124267578
182.847930908203
183.082946777344
183.328506469727
183.586685180664
183.858673095703
184.144897460938
184.445037841797
184.757797241211
185.081512451172
185.413482666016
185.750839233398
186.09033203125
186.428665161133
186.762496948242
187.088882446289
187.405136108398
187.709259033203
188
188.276672363281
188.539489746094
188.789352416992
189.027969360352
189.257553100586
189.481048583984
189.701385498047
189.922073364258
190.146240234375
190.377059936523
190.617340087891
190.869171142578
191.134307861328
191.413528442383
191.706878662109
192.013854980469
192.332931518555
192.661987304688
192.99853515625
193.339645385742
193.681884765625
194.022201538086
194.357192993164
194.683959960938
195
195.303207397461
195.59228515625
195.866424560547
196.125778198242
196.371078491211
196.603912353516
196.826324462891
197.041061401367
197.251205444336
197.460083007812
197.671325683594
197.888305664062
198.114364624023
198.35237121582
198.604766845703
198.873611450195
199.15998840332
199.464431762695
199.786682128906
200.1259765625
200.480529785156
200.848190307617
201.226165771484
201.611251831055
202
202.388763427734
202.773849487305
203.151809692383
203.519470214844
203.874038696289
204.213302612305
204.535552978516
204.84001159668
205.126388549805
205.39518737793
205.647674560547
205.885665893555
206.111724853516
206.328689575195
206.539840698242
206.748825073242
206.958969116211
207.173675537109
207.396072387695
207.628921508789
207.874206542969
208.133575439453
208.407745361328
208.69677734375
209
209.316009521484
209.642807006836
209.977844238281
210.318130493164
210.660507202148
211.00163269043
211.338241577148
211.667434692383
211.98649597168
212.293380737305
212.586761474609
212.865814208984
213.130722045898
213.382308959961
213.622146606445
213.852676391602
214.076553344727
214.296905517578
214.517044067383
214.740493774414
214.970169067383
215.209030151367
215.459320068359
215.722625732422
216
216.291534423828
216.596496582031
216.913619995117
217.240768432617
217.575286865234
217.914154052734
218.253936767578
218.591247558594
218.9228515625
219.245712280273
219.557418823242
219.855972290039
220.140380859375
220.410369873047
220.66633605957
220.909973144531
221.143188476562
221.368682861328
221.589538574219
221.809280395508
222.03108215332
222.258392333984
222.494125366211
222.740646362305
223
223.273208618164
223.560791015625
223.862274169922
224.176635742188
224.501937866211
224.835830688477
225.175323486328
225.517242431641
225.858291625977
226.195114135742
226.524749755859
226.844482421875
227.152282714844
227.446655273438
227.726821899414
227.993011474609
228.245697021484
228.486251831055
228.716262817383
228.938003540039
229.153533935547
229.365386962891
229.575698852539
229.786636352539
230
230.217224121094
230.439315795898
230.667022705078
230.900405883789
231.139129638672
231.382629394531
231.629745483398
231.879409790039
232.130249023438
232.380920410156
232.630355834961
232.877471923828
233.121734619141
233.362838745117
233.600860595703
233.836547851562
234.070571899414
234.303848266602
234.537551879883
234.772964477539
235.010787963867
235.252136230469
235.497375488281
235.746658325195
236
236.256744384766
236.516067504883
236.776824951172
237.037536621094
237.296447753906
237.551651000977
237.801132202148
238.043167114258
238.275817871094
238.497772216797
238.707946777344
238.905776977539
239.091201782227
239.264984130859
239.428298950195
239.583129882812
239.731582641602
239.876220703125
240.019775390625
240.165130615234
240.314697265625
240.47119140625
240.636535644531
240.812408447266
241
241.199890136719
241.412200927734
241.636489868164
241.871734619141
242.116271972656
242.3681640625
242.624847412109
242.883712768555
243.141860961914
243.396392822266
243.644668579102
243.884185791016
244.112915039062
244.329360961914
244.532638549805
244.722671508789
244.899459838867
245.063888549805
245.21711730957
245.360717773438
245.496383666992
245.626129150391
245.751953125
245.875915527344
246
246.126068115234
246.255828857422
246.390914916992
246.532409667969
246.681137084961
246.837478637695
247.001281738281
247.17219543457
247.349334716797
247.531524658203
247.717514038086
247.905578613281
248.094360351562
248.282211303711
248.467803955078
248.650161743164
248.827972412109
249.000350952148
249.166427612305
249.325561523438
249.477066040039
249.620559692383
249.755615234375
249.882064819336
250
250.109573364258
250.211242675781
250.305816650391
250.394058227539
250.47673034668
250.554809570312
250.628967285156
250.700088500977
250.768844604492
250.835906982422
250.901901245117
250.967300415039
251.032745361328
251.098937988281
251.166412353516
251.236129760742
251.308471679688
251.383911132812
251.462753295898
251.545181274414
251.630935668945
251.719848632812
251.811447143555
251.905029296875
252
252.095565795898
252.191055297852
252.285827636719
252.379241943359
252.470565795898
252.558990478516
252.643524169922
252.723388671875
252.797561645508
252.865112304688
252.925277709961
252.97721862793
253.020538330078
253.054931640625
253.080505371094
253.097900390625
253.107345581055
253.10969543457
253.105651855469
253.096298217773
253.082275390625
253.064697265625
253.044448852539
253.022552490234
253
252.977828979492
252.957214355469
252.939300537109
252.925155639648
252.915618896484
252.911315917969
252.912384033203
252.918899536133
252.93049621582
252.946563720703
252.966278076172
252.988372802734
253.011795043945
253.035278320312
253.057678222656
253.078247070312
253.095550537109
253.108551025391
253.116226196289
253.117584228516
253.111633300781
253.097503662109
253.074432373047
253.0419921875
253
252.948516845703
252.88818359375
252.819869995117
252.744766235352
252.6640625
252.579177856445
252.491165161133
252.401458740234
252.310974121094
252.220611572266
252.131256103516
252.04328918457
251.957214355469
251.873336791992
251.791900634766
251.713256835938
251.636962890625
251.562606811523
251.489395141602
251.416442871094
251.342025756836
251.264938354492
251.183334350586
251.09553527832
251
250.895324707031
250.780548095703
250.655166625977
250.519012451172
250.371932983398
250.214462280273
250.047027587891
249.870697021484
249.68635559082
249.49543762207
249.299560546875
249.100280761719
248.899642944336
248.69970703125
248.502822875977
248.311370849609
248.12712097168
247.951797485352
247.786560058594
247.632095336914
247.48828125
247.354644775391
247.229904174805
247.112411499023
247
246.890182495117
246.780471801758
246.668273925781
246.550888061523
246.425506591797
246.289566040039
246.140350341797
245.975646972656
245.793426513672
245.592056274414
245.370681762695
245.128662109375
244.86637878418
244.584854125977
244.286041259766
243.972625732422
243.647308349609
243.313430786133
242.974227905273
242.633193969727
242.293365478516
241.957778930664
241.628982543945
241.309097290039
241
240.702896118164
240.418838500977
240.14826965332
239.891128540039
239.646606445312
239.413497924805
239.189666748047
238.972747802734
238.759857177734
238.547805786133
238.333389282227
238.113204956055
237.884246826172
237.64387512207
237.390045166016
237.121383666992
236.83674621582
236.53547668457
236.217468261719
235.883148193359
235.532913208008
235.168075561523
234.789810180664
234.399780273438
234
233.592529296875
233.179916381836
232.764739990234
232.349456787109
231.936248779297
231.526840209961
231.12255859375
230.724258422852
230.332092285156
229.945785522461
229.564682006836
229.187515258789
228.812942504883
228.439376831055
228.065383911133
227.689697265625
227.310592651367
226.926574707031
226.536148071289
226.138168334961
225.731201171875
225.314453125
224.887176513672
224.448944091797
224
223.540771484375
223.072402954102
222.596466064453
222.114624023438
221.628799438477
221.140670776367
220.651947021484
220.164031982422
219.677993774414
219.194671630859
218.714447021484
218.237396240234
217.763305664062
217.291748046875
216.822250366211
216.354354858398
215.886901855469
215.418746948242
214.948425292969
214.474670410156
213.995681762695
213.510040283203
213.016265869141
212.513214111328
212
211.476211547852
210.942047119141
210.398223876953
209.845794677734
209.286010742188
208.720352172852
208.150360107422
207.577606201172
207.003463745117
206.429214477539
205.856033325195
205.284729003906
204.715972900391
204.150253295898
203.587921142578
203.029205322266
202.4736328125
201.920547485352
201.368911743164
200.817428588867
200.264297485352
199.707916259766
199.146209716797
198.577438354492
198
197.412567138672
196.814392089844
196.205215454102
195.585098266602
194.954513549805
194.314208984375
193.665115356445
193.008575439453
192.345855712891
191.678451538086
191.007995605469
190.336013793945
189.664169311523
188.994064331055
188.32731628418
187.665573120117
187.009963989258
186.361236572266
185.71989440918
185.085998535156
184.459014892578
183.838226318359
183.222427368164
182.610198974609
182
181.39013671875
180.779159545898
180.165679931641
179.548324584961
178.925811767578
178.297027587891
177.660842895508
177.016418457031
176.363021850586
175.700088500977
175.027389526367
174.344879150391
173.652801513672
172.95182800293
172.242980957031
171.527587890625
170.806930541992
170.082397460938
169.355377197266
168.627212524414
167.898895263672
167.171447753906
166.445510864258
165.721603393555
165
164.280776977539
163.563873291016
162.849105834961
162.136047363281
161.424011230469
160.712097167969
159.999130249023
159.283874511719
158.564956665039
157.840957641602
157.11051940918
156.372299194336
155.625366210938
154.868942260742
154.1025390625
153.326385498047
152.540420532227
151.745300292969
150.941635131836
150.13037109375
149.312469482422
148.489212036133
147.66178894043
146.83154296875
146
145.168548583984
144.338668823242
143.51188659668
142.689575195312
141.872909545898
141.063003540039
140.260589599609
139.466384887695
138.680725097656
137.903854370117
137.135833740234
136.376480102539
135.625579833984
134.882705688477
134.147354125977
133.419128417969
132.697113037109
131.980392456055
131.267868041992
130.55842590332
129.850479125977
129.142456054688
128.432571411133
127.719039916992
127
126.273506164551
125.537818908691
124.791305541992
124.032516479492
123.260192871094
122.47338104248
121.67147064209
120.85417175293
120.021675109863
119.174468994141
118.313652038574
117.440574645996
116.557106018066
115.665367126465
114.767822265625
113.867179870605
112.965980529785
112.066909790039
111.172431945801
110.28483581543
109.405944824219
108.537284851074
107.679817199707
106.83406829834
106
105.177085876465
104.364219665527
103.560020446777
102.762641906738
101.97013092041
101.180419921875
100.391456604004
99.601448059082
98.8087997436523
98.0122146606445
97.2110443115234
96.4048767089844
95.5940017700195
94.7789916992188
93.9608993530273
93.1412124633789
92.321647644043
91.5041656494141
90.6908721923828
89.8838653564453
89.0850601196289
88.2961730957031
87.5185317993164
86.7530288696289
86
85.2591857910156
84.5296249389648
83.8097839355469
83.0976715087891
82.3908996582031
81.6868515014648
80.9827651977539
80.2759552001953
79.5638275146484
78.8440780639648
78.1148071289062
77.3745498657227
76.6224060058594
75.8578643798828
75.0809707641602
74.292366027832
73.4932250976562
72.6853179931641
71.8708267211914
71.0523529052734
70.2326889038086
69.4148483276367
68.6016616821289
67.7959060668945
67
66.2158508300781
65.4446716308594
64.6870727539062
63.9430541992188
63.2121124267578
62.4932823181152
61.7851905822754
61.0861701965332
60.3943176269531
59.7076225280762
59.0240287780762
58.3414840698242
57.6580581665039
56.9718170166016
56.2808990478516
55.5838317871094
54.8794708251953
54.167163848877
53.4467620849609
52.7186126708984
51.9834327697754
51.2424354553223
50.4970626831055
49.7489852905273
49
48.251766204834
47.5056228637695
46.7626838684082
46.0239181518555
45.2901306152344
44.5620307922363
43.8401908874512
43.1251258850098
42.4172210693359
41.7168197631836
41.0241813659668
40.3394088745117
39.6625480651855
38.993236541748
38.3308486938477
37.6747283935547
37.0242042541504
36.3787879943848
35.7381286621094
35.1021041870117
34.4707565307617
33.8443984985352
33.2234497070312
32.6084480285645
32
31.3985748291016
30.8042449951172
30.2169380187988
29.6365833282471
29.0631237030029
28.4966068267822
27.9371662139893
27.3850364685059
26.8405475616455
26.3040561676025
25.7759342193604
25.2564525604248
24.7457275390625
24.2433910369873
23.7485961914062
23.2603397369385
22.7775192260742
22.299036026001
21.8238582611084
21.3510665893555
20.8798503875732
20.4095897674561
19.9397678375244
19.4700050354004
19
18.5293712615967
18.0573978424072
17.5833339691162
17.1066188812256
16.6269664764404
16.1444129943848
15.6593713760376
15.1726589202881
14.6854543685913
14.1992607116699
13.7158288955688
13.2370433807373
12.764820098877
12.3006687164307
11.8456697463989
11.4008083343506
10.9669876098633
10.545111656189
10.136082649231
9.74082946777344
9.36025524139404
8.99523448944092
8.64651870727539
8.31467533111572
8
7.7023024559021
7.42053651809692
7.15320205688477
6.89856624603271
6.6547679901123
6.41992855072021
6.19223022460938
5.9699821472168
5.7516508102417
5.53587293624878
5.32144355773926
5.1072850227356
4.89240264892578
4.6755108833313
4.45509099960327
4.22984600067139
3.99882769584656
3.76155567169189
3.51808905601501
3.26906895637512
3.01571249961853
2.75977754592896
2.50346446037292
2.24930238723755
2
1.75814950466156
1.52572107315063
1.30440759658813
1.0957704782486
0.90125185251236
0.722185373306274
0.559785306453705
0.41512006521225
0.289063602685928
0.182230025529861
0.0948939323425293
0.0269114542752504
-0.0223724506795406
-0.0545371286571026
-0.072024442255497
-0.0776128545403481
-0.0742159336805344
-0.0647043362259865
-0.0517441742122173
-0.0376657098531723
-0.0243677739053965
-0.0132650388404727
-0.0052750613540411
-0.000844086753204465
0
-0.00256805936805904
-0.00862329453229904
-0.0180454421788454
-0.0303076300770044
-0.0444267131388187
-0.0589388273656368
-0.0719132646918297
-0.0810054689645767
-0.0835520848631859
-0.076701857149601
-0.0575771890580654
-0.023452389985323
0.0280434768646955
0.0983815938234329
0.188072562217712
0.297103226184845
0.425039857625961
0.571115732192993
0.734319150447845
0.913466811180115
1.107257604599
1.31430566310883
1.53315210342407
1.76225912570953
2
2.24450039863586
2.49325752258301
2.74370527267456
2.99354600906372
3.24091768264771
3.48453617095947
3.72379088401794
3.95879745483398
4.19038438796997
4.4200382232666
4.64979410171509
4.88208103179932
5.11953496932983
5.36442947387695
5.61857414245605
5.88369941711426
6.16147089004517
6.45348930358887
6.76127195358276
7.08621501922607
7.42953252792358
7.79218673706055
8.17478942871094
8.57751274108887
9
9.44115543365479
9.89872932434082
10.3698673248291
10.8514575958252
11.3403301239014
11.8334445953369
12.3280611038208
12.8218851089478
13.3131446838379
13.8006286621094
14.2837181091309
14.7622995376587
15.2367238998413
15.7073249816895
16.1744079589844
16.6386699676514
17.1012496948242
17.56374168396
18.0281734466553
18.4969253540039
18.9726619720459
19.4581756591797
19.9562435150146
20.4694442749023
21
21.5494518280029
22.1182155609131
22.7059497833252
23.3118572235107
23.9347629547119
24.5732574462891
25.2257900238037
25.8908252716064
26.5668315887451
27.2524013519287
27.9462604522705
28.6472072601318
29.3541507720947
30.0657157897949
30.7802848815918
31.4965076446533
32.2133674621582
32.9303092956543
33.6472549438477
34.3646621704102
35.083381652832
35.8047027587891
36.5301513671875
37.2613525390625
38
38.7474098205566
39.5041923522949
40.2705688476562
41.0465545654297
41.8320045471191
42.6266975402832
43.4303588867188
44.2427368164062
45.0635757446289
45.8926734924316
46.7297973632812
47.5747108459473
48.4270973205566
49.2862205505371
50.1509780883789
51.0204086303711
51.8935432434082
52.7697792053223
53.648738861084
54.5304641723633
55.415225982666
56.3036460876465
57.1965789794922
58.0950126647949
59
59.9124336242676
60.8327102661133
61.7610092163086
62.697437286377
63.6421089172363
64.595085144043
65.5564804077148
66.5264511108398
67.5051116943359
68.4925689697266
69.4889526367188
70.4941558837891
71.507942199707
72.5297088623047
73.5583343505859
74.5926971435547
75.6315841674805
76.6738586425781
77.7184753417969
78.7646255493164
79.8115768432617
80.8588409423828
81.9061050415039
82.9532012939453
84
85.0464172363281
86.092155456543
87.1368103027344
88.18017578125
89.2220230102539
90.262336730957
91.301139831543
92.3386917114258
93.3752136230469
94.4110336303711
95.4465789794922
96.4821243286133
97.5179977416992
98.5542678833008
99.5907974243164
100.627548217773
101.664360046387
102.701293945312
103.738471984863
104.776298522949
105.815238952637
106.856079101562
107.899726867676
108.947280883789
110
111.059120178223
112.125831604004
113.201240539551
114.286460876465
115.382507324219
116.490280151367
117.610481262207
118.743583679199
119.889846801758
121.04906463623
122.220855712891
123.404266357422
124.59814453125
125.800804138184
127.010307312012
128.224487304688
129.440963745117
130.65739440918
131.871368408203
133.080749511719
134.283554077148
135.477996826172
136.662719726562
137.836883544922
139
140.152053833008
141.293594360352
142.425537109375
143.549240112305
144.666244506836
145.778366088867
146.887344360352
147.995056152344
149.103057861328
150.212631225586
151.324981689453
152.440704345703
153.560195922852
154.683456420898
155.810104370117
156.939727783203
158.071060180664
159.202987670898
160.33381652832
161.461929321289
162.585372924805
163.702438354492
164.811462402344
165.910949707031
167
168.07795715332
169.145065307617
170.201873779297
171.249603271484
172.289505004883
173.323287963867
174.352493286133
175.378952026367
176.404144287109
177.429473876953
178.456039428711
179.48469543457
180.516021728516
181.550521850586
182.588562011719
183.630294799805
184.675231933594
185.722702026367
186.771545410156
187.820419311523
188.867385864258
189.910736083984
190.948486328125
191.978744506836
193
194.011032104492
195.011459350586
196.001449584961
196.981399536133
197.951995849609
198.914016723633
199.868209838867
200.815277099609
201.755828857422
202.690200805664
203.618606567383
204.541030883789
205.457458496094
206.368041992188
207.273193359375
208.173431396484
209.068664550781
209.958938598633
210.843795776367
211.722793579102
212.594985961914
213.459671020508
214.315841674805
215.162734985352
216
216.827484130859
217.646072387695
218.45719909668
219.262268066406
220.062835693359
220.860305786133
221.655654907227
222.449630737305
223.242370605469
224.03369140625
224.822845458984
225.608703613281
226.389999389648
227.165557861328
227.934631347656
228.696548461914
229.449981689453
230.193756103516
230.926376342773
231.646286010742
232.351669311523
233.041030883789
233.712844848633
234.365997314453
235
235.614990234375
236.212524414062
236.794815063477
237.36457824707
237.924407958984
238.477020263672
239.024612426758
239.569076538086
240.111694335938
240.653060913086
241.193237304688
241.731689453125
242.267486572266
242.799896240234
243.328277587891
243.851867675781
244.369293212891
244.878677368164
245.377838134766
245.864120483398
246.334503173828
246.786102294922
247.215866088867
247.621170043945
248
248.351226806641
248.675354003906
248.973968505859
249.249176025391
249.503479003906
249.739761352539
249.960510253906
250.168563842773
250.366012573242
250.554946899414
250.737091064453
250.913528442383
251.085494995117
251.254379272461
251.421920776367
251.589599609375
251.758087158203
251.927459716797
252.097076416016
252.265579223633
252.4306640625
252.589813232422
252.739807128906
252.877563476562
253
253.10466003418
253.190460205078
253.257064819336
253.304565429688
253.333251953125
253.343719482422
253.336441040039
253.311935424805
253.270736694336
253.213088989258
253.139495849609
253.050262451172
252.946075439453
252.828231811523
252.698822021484
252.560195922852
252.413955688477
252.261444091797
252.103469848633
251.940124511719
251.770584106445
251.593765258789
251.407775878906
251.210571289062
251
250.774230957031
250.532592773438
250.274795532227
250.000839233398
249.710739135742
249.404403686523
249.08154296875
248.742126464844
248.385665893555
248.011810302734
247.620361328125
247.211151123047
246.784606933594
246.341949462891
245.885559082031
245.418197631836
244.94221496582
244.459991455078
243.973373413086
243.483917236328
242.992156982422
242.498550415039
242.002517700195
241.503356933594
241
240.491394042969
239.977279663086
239.457427978516
238.931457519531
238.398590087891
237.857620239258
237.306884765625
236.744384765625
236.167709350586
235.57421875
234.961318969727
234.326370239258
233.667404174805
232.983169555664
232.273834228516
231.540100097656
230.782684326172
230.002716064453
229.201232910156
228.379547119141
227.538452148438
226.679138183594
225.802322387695
224.908889770508
224
223.076873779297
222.141754150391
221.197052001953
220.245040893555
219.287673950195
218.326461791992
217.3623046875
216.395721435547
215.426406860352
214.453704833984
213.476669311523
212.493896484375
211.504241943359
210.506805419922
209.501510620117
208.488494873047
207.467559814453
206.438766479492
205.401931762695
204.357009887695
203.303573608398
202.241424560547
201.170166015625
200.089660644531
199
197.901504516602
196.795394897461
195.683242797852
194.566619873047
193.446899414062
192.325256347656
191.202377319336
190.078765869141
188.954208374023
187.828186035156
186.699829101562
185.567794799805
184.430786132812
183.28759765625
182.137283325195
180.979049682617
179.811706542969
178.63410949707
177.444976806641
176.243087768555
175.027053833008
173.795654296875
172.547821044922
171.282699584961
170
168.699752807617
167.382873535156
166.050842285156
164.705352783203
163.348358154297
161.98193359375
160.608093261719
159.228866577148
157.846038818359
156.461273193359
155.076065063477
153.69157409668
152.309005737305
150.929168701172
149.553024291992
148.181335449219
146.814331054688
145.452026367188
144.094192504883
142.740386962891
141.389663696289
140.041305541992
138.694213867188
137.347366333008
136
134.65119934082
133.300430297852
131.947402954102
130.591903686523
129.233901977539
127.873565673828
126.511116027832
125.146980285645
123.781600952148
122.415412902832
121.049026489258
119.682830810547
118.317398071289
116.95295715332
115.589706420898
114.227813720703
112.867095947266
111.507484436035
110.148735046387
108.790626525879
107.432792663574
106.075073242188
104.717155456543
103.358840942383
102
100.640487670898
99.2799987792969
97.9183044433594
96.5553359985352
95.1912155151367
93.826286315918
92.4611587524414
91.0967483520508
89.7341766357422
88.3747940063477
87.0200805664062
85.6714935302734
84.3305740356445
82.9983444213867
81.6754302978516
80.3623275756836
79.0592498779297
77.7663803100586
76.4838180541992
75.2115631103516
73.9495391845703
72.6976852416992
71.4557495117188
70.2233428955078
69
67.7848587036133
66.5764083862305
65.3729019165039
64.1726379394531
62.9740829467773
61.7760963439941
60.5779342651367
59.3793754577637
58.1807098388672
56.9827537536621
55.7867698669434
54.5943260192871
53.4072227478027
52.2268447875977
51.0541534423828
49.8901672363281
48.7358818054199
47.5924491882324
46.4611320495605
45.3432922363281
44.2402648925781
43.153434753418
42.083927154541
41.0326232910156
40
38.985782623291
37.9883613586426
37.0055236816406
36.0347595214844
35.0735054016113
34.1193962097168
33.1703758239746
32.2248878479004
31.2819194793701
30.3410396575928
29.4023971557617
28.4665660858154
27.5344924926758
26.6067047119141
25.6833419799805
24.7648468017578
23.8520221710205
22.9461917877197
22.0491714477539
21.1632881164551
20.2912254333496
19.4359607696533
18.6005020141602
17.7876987457275
17
16.2389659881592
15.5044260025024
14.795280456543
14.1099157333374
13.4464273452759
12.8028259277344
12.1772155761719
11.5679426193237
10.9736642837524
10.3933773040771
9.8264102935791
9.27231121063232
8.73076152801514
8.20070171356201
7.6804347038269
7.16850757598877
6.66393375396729
6.1663761138916
5.67624187469482
5.19471836090088
4.72371482849121
4.26575756072998
3.8237738609314
3.40085816383362
3
2.62351393699646
2.27205753326416
1.94549477100372
1.64334869384766
1.36497664451599
1.10974407196045
0.877154529094696
0.666930019855499
0.479031354188919
0.313616275787354
0.170941084623337
0.051226768642664
-0.0455417409539223
-0.120535612106323
-0.17603787779808
-0.21444770693779
-0.238003253936768
-0.248576268553734
-0.247515499591827
-0.23556050658226
-0.212827071547508
-0.178873300552368
-0.132829695940018
-0.0735861584544182
0
0.0885891988873482
0.191394463181496
0.307151734828949
0.434642046689987
0.572905957698822
0.721435308456421
0.880307734012604
1.05025637149811
1.23265671730042
1.42943930625916
1.64293372631073
1.87565326690674
2.13001728057861
2.40733885765076
2.70776796340942
3.03121852874756
3.37755751609802
3.7467360496521
4.13887977600098
4.55432844161987
4.99360275268555
5.45733451843262
5.94611263275146
6.46033143997192
7
7.56428909301758
8.15067005157471
8.75590705871582
9.37666893005371
10.0097951889038
10.6525793075562
11.302960395813
11.9596738815308
12.6223068237305
13.2912664413452
13.9676752090454
14.6531991958618
15.3498086929321
16.0588417053223
16.7809391021729
17.5168437957764
18.2675476074219
19.0343189239502
19.8187294006348
20.6226119995117
21.4479579925537
22.2967681884766
23.1708641052246
24.071662902832
25
25.955659866333
26.9366054534912
27.9398727416992
28.9620552062988
29.9996032714844
31.0490665435791
32.1073112487793
33.1717491149902
34.240364074707
35.3118324279785
36.385498046875
37.461238861084
38.5394325256348
39.6201782226562
40.7033195495605
41.7891998291016
42.8786430358887
43.9731330871582
45.0747489929199
46.1861381530762
47.3102951049805
48.4505615234375
49.6102523803711
50.7924957275391
52
53.2345771789551
54.4965438842773
55.7852554321289
57.0994606018066
58.4373970031738
59.7969741821289
61.1758766174316
62.571720123291
63.9820976257324
65.404655456543
66.8372039794922
68.2775344848633
69.7236480712891
71.1731872558594
72.6235504150391
74.0726852416992
75.5188827514648
76.9611053466797
78.399055480957
79.8331680297852
81.2644424438477
82.6945419311523
84.1255493164062
85.5598602294922
87
88.4483032226562
89.9065017700195
91.3760299682617
92.8580169677734
94.3533401489258
95.8625793457031
97.3859405517578
98.923469543457
100.474754333496
102.039100646973
103.615585327148
105.202819824219
106.799255371094
108.402870178223
110.01139831543
111.622657775879
113.234428405762
114.84481048584
116.452278137207
118.055641174316
119.654121398926
121.247451782227
122.83576965332
124.419616699219
126
127.578079223633
129.155334472656
130.733383178711
132.313873291016
133.898468017578
135.488586425781
137.08544921875
138.689788818359
140.302001953125
141.921920776367
143.548934936523
145.181823730469
146.819030761719
148.458679199219
150.098693847656
151.737014770508
153.371002197266
154.998229980469
156.616058349609
158.221939086914
159.8134765625
161.388565063477
162.945419311523
164.482757568359
166
167.497222900391
168.975677490234
170.437423706055
171.884887695312
173.321014404297
174.748794555664
176.171035766602
177.590667724609
179.009994506836
180.431045532227
181.855361938477
183.283920288086
184.717315673828
186.156066894531
187.600570678711
189.050857543945
190.506042480469
191.964599609375
193.424240112305
194.88200378418
196.334060668945
197.776336669922
199.204376220703
200.613632202148
202
203.359878540039
204.691284179688
205.993194580078
207.265167236328
208.507507324219
209.720947265625
210.906387329102
212.065338134766
213.199310302734
214.310134887695
215.39990234375
216.470779418945
217.525543212891
218.567596435547
219.601348876953
220.631225585938
221.660736083984
222.692886352539
223.729522705078
224.771530151367
225.818054199219
226.867568969727
227.9169921875
228.962554931641
230
231.024932861328
232.034072875977
233.024520874023
233.993499755859
234.938171386719
235.855728149414
236.74348449707
237.598922729492
238.419708251953
239.204040527344
239.950790405273
240.659622192383
241.331298828125
241.968597412109
242.57600402832
243.159164428711
243.723358154297
244.273956298828
244.815521240234
245.351943969727
245.885559082031
246.417831420898
246.948547363281
247.476623535156
248
248.515991210938
249.022872924805
249.518707275391
250.001022338867
250.466537475586
250.911575317383
251.331756591797
251.722564697266
252.079162597656
252.397109985352
252.67253112793
252.902557373047
253.085632324219
253.222640991211
253.316986083984
253.373596191406
253.397613525391
253.39485168457
253.370742797852
253.330612182617
253.278411865234
253.217666625977
253.150390625
253.07780456543
253
252.916717529297
252.828323364258
252.734741210938
252.634902954102
252.526657104492
252.406768798828
252.270904541016
252.114105224609
251.930709838867
251.714935302734
251.461395263672
251.165176391602
250.822967529297
250.433563232422
249.998458862305
249.520751953125
249.004150390625
248.453201293945
247.872604370117
247.267242431641
246.641235351562
245.998687744141
245.342666625977
244.675735473633
244
243.317047119141
242.629455566406
241.93928527832
241.247589111328
240.554412841797
239.858306884766
239.156661987305
238.445831298828
237.721160888672
236.977416992188
236.209274291992
235.41145324707
234.579574584961
233.710952758789
232.805038452148
231.862365722656
230.883926391602
229.871444702148
228.826950073242
227.752655029297
226.650512695312
225.522506713867
224.370361328125
223.195663452148
222
220.785095214844
219.553802490234
218.309005737305
217.05322265625
215.788208007812
214.515121459961
213.234130859375
211.94482421875
210.646041870117
209.336059570312
208.013046264648
206.675094604492
205.32063293457
203.949157714844
202.561340332031
201.158340454102
199.741363525391
198.311645507812
196.870300292969
195.418273925781
193.95588684082
192.483383178711
191.000305175781
189.506072998047
188
186.48127746582
184.949829101562
183.405715942383
181.848770141602
180.278656005859
178.694702148438
177.096038818359
175.48176574707
173.850845336914
172.202239990234
170.535354614258
168.849746704102
167.145706176758
165.424224853516
163.687316894531
161.937469482422
160.177154541016
158.409118652344
156.636016845703
154.860260009766
153.083877563477
151.308654785156
149.535797119141
147.766098022461
146
144.237503051758
142.478469848633
140.72248840332
138.96875
137.216217041016
135.463760375977
133.709991455078
131.953826904297
130.194137573242
128.430145263672
126.66153717041
124.888229370117
123.110816955566
121.330116271973
119.547370910645
117.764228820801
115.982414245605
114.203918457031
112.430809020996
110.665107727051
108.908569335938
107.162887573242
105.429183959961
103.708137512207
102
100.304153442383
98.6191329956055
96.9428024291992
95.2726745605469
93.6060104370117
91.9401016235352
90.2723770141602
88.6007232666016
86.923454284668
85.2395401000977
83.5486450195312
81.8510360717773
80.1476745605469
78.4396057128906
76.7279586791992
75.0144653320312
73.3012466430664
71.5910568237305
69.8871078491211
68.1930160522461
66.5125198364258
64.8495407104492
63.2077293395996
61.5903205871582
60
58.4382934570312
56.9049606323242
55.3986549377441
53.917308807373
52.458438873291
51.0193634033203
49.5974197387695
48.1902770996094
46.7959403991699
45.4129333496094
44.0403289794922
42.6776466369629
41.3248138427734
39.981273651123
38.6460647583008
37.3187026977539
35.9993362426758
34.6889114379883
33.3892440795898
32.1029510498047
30.8333377838135
29.5842475891113
28.3597373962402
27.1637916564941
26
24.8708572387695
23.7766437530518
22.716438293457
21.6886386871338
20.6912670135498
19.7221832275391
18.7793464660645
17.8609638214111
16.9655818939209
16.0921268463135
15.2398529052734
14.4082155227661
13.596718788147
12.8037481307983
12.0266780853271
11.2631282806396
10.5112648010254
9.77008724212646
9.03957462310791
8.32077407836914
7.61574649810791
6.9274468421936
6.25945234298706
5.61567449569702
5
4.41551113128662
3.86312079429626
3.34279727935791
2.85419654846191
2.39691042900085
1.9706974029541
1.57564949989319
1.21228241920471
0.881534397602081
0.584678292274475
0.323146939277649
0.0983102843165398
-0.0888410955667496
-0.239032059907913
-0.354665905237198
-0.438431650400162
-0.492920398712158
-0.520338416099548
-0.522282302379608
-0.499609410762787
-0.452406227588654
-0.380068987607956
-0.28147679567337
-0.155242428183556
0
0.184875875711441
0.397915542125702
0.63691908121109
0.899688005447388
1.18431675434113
1.48944997787476
1.81446099281311
2.15953922271729
2.52566361427307
2.91448283195496
3.32810235023499
3.76880526542664
4.23868989944458
4.73831081390381
5.26665163040161
5.82244777679443
6.40450048446655
7.01190900802612
7.64423704147339
8.30161380767822
8.98470878601074
9.69467353820801
10.432933807373
11.2009601593018
12
12.8304176330566
13.6904716491699
14.577600479126
15.4890804290771
16.4223537445068
17.3752536773682
18.3461856842041
19.3342609405518
20.3392810821533
21.3616638183594
22.4023056030273
23.4623394012451
24.5428867340088
25.6439113616943
26.7642345428467
27.9026966094971
29.0583896636963
30.2308826446533
31.4203701019287
32.6277046203613
33.8543663024902
35.1024551391602
36.3743896484375
37.672737121582
39
40.3579444885254
41.746711730957
43.165699005127
44.6140213012695
46.0907402038574
47.5949211120605
49.1257514953613
50.6826553344727
52.2651634216309
53.8729209899902
55.5055809020996
57.1625938415527
58.8431243896484
60.5452880859375
62.2662048339844
64.0029373168945
65.7525634765625
67.5124435424805
69.280387878418
71.0547409057617
72.834342956543
74.6186218261719
76.4074401855469
78.2010650634766
80
81.8046798706055
83.6149749755859
85.4306640625
87.2517318725586
89.0782165527344
90.9104461669922
92.7488784790039
94.5941543579102
96.4469451904297
98.3079605102539
100.177825927734
102.056915283203
103.945419311523
105.842926025391
107.748558044434
109.661277770996
111.579864501953
113.50301361084
115.429504394531
117.358169555664
119.28783416748
121.217613220215
123.146614074707
125.074234008789
127
128.923645019531
130.845153808594
132.764739990234
134.682769775391
136.599822998047
138.516525268555
140.433471679688
142.351226806641
144.270294189453
146.190948486328
148.113342285156
150.037384033203
151.962966918945
153.889923095703
155.818359375
157.748229980469
159.679092407227
161.610244750977
163.540557861328
165.468765258789
167.392700195312
169.310302734375
171.219085693359
173.116470336914
175
176.86750793457
178.717895507812
180.550552368164
182.365112304688
184.16130065918
185.93879699707
187.697265625
189.436187744141
191.154891967773
192.852584838867
194.528503417969
196.181869506836
197.812393188477
199.420608520508
201.008193969727
202.577239990234
204.129364013672
205.666107177734
207.188446044922
208.696899414062
210.191009521484
211.669967651367
213.132293701172
214.576248168945
216
217.402069091797
218.782608032227
220.14225769043
221.481719970703
222.801406860352
224.101470947266
225.381469726562
226.640487670898
227.877044677734
229.089263916016
230.275115966797
231.432495117188
232.559814453125
233.65690612793
234.725143432617
235.766494750977
236.782424926758
237.774291992188
238.742706298828
239.687622070312
240.607879638672
241.501892089844
242.367050170898
243.200698852539
244
244.762741088867
245.48893737793
246.179382324219
246.8349609375
247.456405639648
248.044235229492
248.598236083984
249.11799621582
249.602310180664
250.049942016602
250.459518432617
250.829803466797
251.160293579102
251.452499389648
251.709823608398
251.936492919922
252.136260986328
252.312637329102
252.46842956543
252.605575561523
252.724563598633
252.825225830078
252.906051635742
252.965072631836
253
253.00862121582
252.990936279297
252.947174072266
252.877502441406
252.781509399414
252.658096313477
252.505218505859
252.320388793945
252.100341796875
251.841278076172
251.539642333984
251.191925048828
250.795700073242
250.350662231445
249.858825683594
249.323379516602
248.747451782227
248.134521484375
247.487640380859
246.809600830078
246.102233886719
245.367034912109
244.604690551758
243.815612792969
243
242.158432006836
241.293334960938
240.407379150391
239.50276184082
238.580932617188
237.642501831055
236.686706542969
235.711898803711
234.715225219727
233.693176269531
232.641677856445
231.556427001953
230.433807373047
229.271545410156
228.0693359375
226.827682495117
225.547119140625
224.228515625
222.872772216797
221.480758666992
220.053039550781
218.590393066406
217.093353271484
215.562805175781
214
212.406951904297
210.787292480469
209.145553588867
207.485916137695
205.812210083008
204.127807617188
202.435043334961
200.73551940918
199.029754638672
197.317443847656
195.597534179688
193.868499755859
192.128524780273
190.376312255859
188.611251831055
186.832717895508
185.039703369141
183.231018066406
181.405334472656
179.561004638672
177.696151733398
175.809127807617
173.898193359375
171.962066650391
170
168.011917114258
165.999084472656
163.963470458984
161.907562255859
159.833969116211
157.745651245117
155.645416259766
153.536102294922
151.420455932617
149.30094909668
147.179946899414
145.059432983398
142.94140625
140.827499389648
138.719329833984
136.6181640625
134.524566650391
132.438888549805
130.360824584961
128.289855957031
126.224998474121
124.1650390625
122.108551025391
120.05403137207
118
115.944923400879
113.887214660645
111.825424194336
109.758407592773
107.685279846191
105.605781555176
103.520095825195
101.429008483887
99.3338928222656
97.2365951538086
95.1395034790039
93.0451965332031
90.9565353393555
88.8759002685547
86.8051071166992
84.7460021972656
82.7001800537109
80.6692199707031
78.6547698974609
76.658447265625
74.6818161010742
72.7264022827148
70.7936096191406
68.8845443725586
67
65.1399917602539
63.303092956543
61.4871673583984
59.6899528503418
57.909294128418
56.1433601379395
54.3908576965332
52.6512222290039
50.9245491027832
49.2116622924805
47.5139808654785
45.8333168029785
44.1716537475586
42.5299873352051
40.908332824707
39.3067359924316
37.7254486083984
36.1651840209961
34.6271896362305
33.113338470459
31.6259841918945
30.1679878234863
28.7423686981201
27.352144241333
26
24.6875534057617
23.4140434265137
22.1776714324951
20.9762535095215
19.8076133728027
18.6698741912842
17.5616893768311
16.4824256896973
15.4321660995483
14.4116907119751
13.4223003387451
12.4655876159668
11.5431060791016
10.6548528671265
9.79929065704346
8.97485542297363
8.18031978607178
7.41508531570435
6.67938089370728
5.97435617446899
5.30203437805176
4.66518878936768
4.06704759597778
3.51095843315125
3
2.53605532646179
2.11816740036011
1.74412214756012
1.41130661964417
1.11706042289734
0.859013319015503
0.63533091545105
0.44486540555954
0.287188470363617
0.162511929869652
0.0715025141835213
0.0150302639231086
-0.00619988748803735
0.00673456257209182
0.0510277934372425
0.1238659247756
0.222896695137024
0.346568435430527
0.494387954473495
0.667054891586304
0.866462528705597
1.09555685520172
1.35807454586029
1.65817070007324
2
2.38677310943604
2.81904697418213
3.2962818145752
3.81765174865723
4.38231515884399
4.98966979980469
5.63950729370117
6.33209228515625
7.06811666488647
7.84854888916016
8.67441654205322
9.54651069641113
10.4650192260742
11.428053855896
12.4316911697388
13.471640586853
14.5436706542969
15.6439990997314
16.7695713043213
17.9182758331299
19.0889892578125
20.2815723419189
21.4967136383057
22.7356643676758
24
25.2908573150635
26.6076126098633
27.9491958618164
29.3147773742676
30.7039699554443
32.1169967651367
33.5547790527344
35.0189552307129
36.5117111206055
38.0356903076172
39.5936813354492
41.1882743835449
42.8215980529785
44.4941177368164
46.2046051025391
47.9513244628906
49.7322540283203
51.5452880859375
53.3884735107422
55.2600898742676
57.1585998535156
59.0828704833984
61.0318336486816
63.0045509338379
65
67.0166854858398
69.0519790649414
71.1028823852539
73.1665725708008
75.2405776977539
77.3228225708008
79.4117584228516
81.5064239501953
83.6063766479492
85.7115631103516
87.8223342895508
89.9391479492188
92.0625381469727
94.1925582885742
96.3287811279297
98.4709091186523
100.618522644043
102.771446228027
104.92960357666
107.093124389648
109.262130737305
111.436981201172
113.618003845215
115.805549621582
118
120.201545715332
122.410270690918
124.626220703125
126.849411010742
129.079772949219
131.31721496582
133.561477661133
135.812210083008
138.068832397461
140.330459594727
142.596282958984
144.864974975586
147.135238647461
149.40592956543
151.676055908203
153.944595336914
156.210250854492
158.471649169922
160.726959228516
162.97428894043
165.211074829102
167.434860229492
169.642791748047
171.832061767578
174
176.144470214844
178.264511108398
180.359878540039
182.430419921875
184.476318359375
186.49755859375
188.493881225586
190.46501159668
192.410186767578
194.328460693359
196.218872070312
198.080337524414
199.912200927734
201.714950561523
203.490249633789
205.240356445312
206.966979980469
208.671783447266
210.355804443359
212.019515991211
213.662399291992
215.283630371094
216.881546020508
218.454284667969
220
221.517303466797
223.006713867188
224.469543457031
225.906829833984
227.319396972656
228.707336425781
230.069854736328
231.40544128418
232.711502075195
233.984710693359
235.221572875977
236.417999267578
237.570648193359
238.677764892578
239.73974609375
240.757675170898
241.732421875
242.664886474609
243.555679321289
244.404907226562
245.211929321289
245.97607421875
246.696105957031
247.37092590332
248
248.583648681641
249.125228881836
249.629013061523
250.099365234375
250.540130615234
250.954391479492
251.343872070312
251.709136962891
252.049209594727
252.361770629883
252.643630981445
252.890747070312
253.099060058594
253.266036987305
253.39094543457
253.473419189453
253.512466430664
253.506774902344
253.454513549805
253.353286743164
253.199798583984
252.990905761719
252.723175048828
252.393539428711
252
251.542083740234
251.022872924805
250.447036743164
249.819854736328
249.146789550781
248.432815551758
247.682327270508
246.898773193359
246.08430480957
245.240127563477
244.366607666016
243.463134765625
242.529144287109
241.564971923828
240.57243347168
239.553176879883
238.507690429688
237.436004638672
236.336822509766
235.208190917969
234.046768188477
232.849197387695
231.611343383789
230.329315185547
229
227.621429443359
226.194580078125
224.721939086914
223.206436157227
221.651550292969
220.060577392578
218.436508178711
216.782012939453
215.099014282227
213.388854980469
211.652572631836
209.890533447266
208.103210449219
206.291854858398
204.458572387695
202.60546875
200.733551025391
198.843505859375
196.935043334961
195.007110595703
193.057876586914
191.085098266602
189.086135864258
187.058486938477
185
182.909225463867
180.786499023438
178.632949829102
176.450286865234
174.240310668945
172.005249023438
169.747116088867
167.468063354492
165.169891357422
162.854385375977
160.523162841797
158.177642822266
155.819305419922
153.449813842773
151.07096862793
148.684661865234
146.291961669922
143.894012451172
141.491470336914
139.084930419922
136.674499511719
134.260543823242
131.843170166016
129.422821044922
127
124.575477600098
122.150207519531
119.725257873535
117.301895141602
114.881546020508
112.465805053711
110.056350708008
107.655097961426
105.263916015625
102.884666442871
100.519172668457
98.1689529418945
95.8353118896484
93.5186233520508
91.2184829711914
88.934196472168
86.6647262573242
84.4091491699219
82.1667633056641
79.9371795654297
77.7203979492188
75.5170669555664
73.3281936645508
71.1552429199219
69
66.8640747070312
64.7480545043945
62.652214050293
60.5770797729492
58.5234146118164
56.492488861084
54.486011505127
52.506233215332
50.5557441711426
48.6373748779297
46.7539939880371
44.9081649780273
43.1018867492676
41.3352699279785
39.6065559387207
37.9134140014648
36.2532539367676
34.6236572265625
33.0226516723633
31.4489631652832
29.9020900726318
28.3824100494385
26.8910064697266
25.4295425415039
24
22.6038837432861
21.2406673431396
19.9093418121338
18.6091480255127
17.3398704528809
16.1020851135254
14.8972854614258
13.7278919219971
12.5971412658691
11.5088453292847
10.4670677185059
9.47570133209229
8.53800106048584
7.65471172332764
6.82410049438477
6.04369449615479
5.31077527999878
4.62281084060669
3.97779393196106
3.37449932098389
2.81260132789612
2.29267334938049
1.81602966785431
1.38447856903076
1
0.663794815540314
0.374451339244843
0.129806458950043
-0.0720759779214859
-0.232542961835861
-0.352050989866257
-0.429992347955704
-0.46465665102005
-0.453345149755478
-0.392621666193008
-0.278685629367828
-0.107812657952309
0.123086094856262
0.414530694484711
0.764443039894104
1.17004239559174
1.62835276126862
2.13659620285034
2.69252753257751
3.29465675354004
3.94234442710876
4.6357593536377
5.37571573257446
6.16338968276978
7
7.88589286804199
8.81882953643799
9.79576396942139
10.8137845993042
11.8704700469971
12.9641351699829
14.0940265655518
15.2603483200073
16.4641742706299
17.7072257995605
18.9915962219238
20.3193283081055
21.692008972168
23.1091575622559
24.5682506561279
26.0663566589355
27.6005115509033
29.1680870056152
30.7670249938965
32.3960609436035
34.0546989440918
35.7432708740234
37.4627571105957
39.2144889831543
41
42.8202476501465
44.6744194030762
46.5611610412598
48.479190826416
50.4275016784668
52.405460357666
54.4128608703613
56.4499549865723
58.5172576904297
60.6155014038086
62.7453498840332
64.9071426391602
67.1007232666016
69.3245315551758
71.5757217407227
73.8511199951172
76.1474456787109
78.4615859985352
80.7908096313477
83.1329727172852
85.4863586425781
87.8499908447266
90.2233657836914
92.606559753418
95
97.4042510986328
99.8195953369141
102.246376037598
104.685195922852
107.136863708496
109.60228729248
112.082305908203
114.577751159668
117.089065551758
119.61629486084
122.159133911133
124.716407775879
127.286529541016
129.867233276367
132.455810546875
135.049224853516
137.644012451172
140.236358642578
142.822509765625
145.398559570312
147.960525512695
150.504760742188
153.027938842773
155.527084350586
158
160.4453125
162.863159179688
165.254638671875
167.621505737305
169.965805053711
172.289779663086
174.595458984375
176.884613037109
179.158447265625
181.417572021484
183.662094116211
185.891326904297
188.1044921875
190.30110168457
192.481231689453
194.64485168457
196.791000366211
198.918212890625
201.024078369141
203.105606079102
205.158782958984
207.179336547852
209.162689208984
211.104217529297
213
214.847198486328
216.645751953125
218.396926879883
220.102722167969
221.765319824219
223.386993408203
224.969497680664
226.514266967773
228.021789550781
229.49201965332
230.924468994141
232.318084716797
233.671905517578
234.986557006836
236.264053344727
237.506561279297
238.715438842773
239.891128540039
241.032989501953
242.13932800293
243.206832885742
244.231521606445
245.208587646484
246.13298034668
247
247.806106567383
248.551116943359
249.236190795898
249.863311767578
250.434219360352
250.950744628906
251.413864135742
251.82421875
252.181503295898
252.484924316406
252.733352661133
252.925369262695
253.060302734375
253.139465332031
253.166442871094
253.145156860352
253.078979492188
252.970520019531
252.821273803711
252.631622314453
252.400161743164
252.12483215332
251.802139282227
251.428436279297
251
250.513946533203
249.97053527832
249.371032714844
248.717147827148
248.010025024414
247.250717163086
246.439331054688
245.57551574707
244.657989501953
243.685180664062
242.655380249023
241.566680908203
240.418350219727
239.21159362793
237.950103759766
236.638198852539
235.279754638672
233.878540039062
232.437438964844
230.958572387695
229.442657470703
227.889907836914
226.299392700195
224.669906616211
223
221.288833618164
219.537643432617
217.748321533203
215.922653198242
214.062026977539
212.167434692383
210.23908996582
208.276794433594
206.279724121094
204.246688842773
202.176635742188
200.068496704102
197.921920776367
195.738082885742
193.519622802734
191.269882202148
188.991806030273
186.688491821289
184.362442016602
182.015686035156
179.649536132812
177.264907836914
174.861923217773
172.440383911133
170
167.540390014648
165.061981201172
162.565399169922
160.051040649414
157.51921081543
154.970062255859
152.403717041016
149.820327758789
147.22021484375
144.603927612305
141.972412109375
139.3271484375
136.670211791992
134.004104614258
131.33203125
128.657379150391
125.983627319336
123.314262390137
120.652725219727
118.002250671387
115.365653991699
112.745498657227
110.143699645996
107.56160736084
105
102.45866394043
99.9361724853516
97.4303512573242
94.9384536743164
92.4575653076172
89.9848022460938
87.5175857543945
85.0539932250977
82.5927429199219
80.1335067749023
77.6768493652344
75.2241668701172
72.7776718139648
70.3393478393555
67.9109497070312
65.4948272705078
63.0939407348633
60.7120018005371
58.3534698486328
56.023509979248
53.727653503418
51.4718437194824
49.2618446350098
47.1030311584473
45
42.9556884765625
40.9700393676758
39.0412712097168
37.1666145324707
35.3427391052246
33.5661430358887
31.8335342407227
30.1421279907227
28.4897689819336
26.8750743865967
25.2973670959473
23.7565212249756
22.2527275085449
20.784854888916
19.3505115509033
17.9477939605713
16.5756492614746
15.2342720031738
13.9252433776855
12.6516199111938
11.4178276062012
10.229419708252
9.09267807006836
8.01412963867188
7
6.05503845214844
5.18047428131104
4.37582397460938
3.63984894752502
2.97095131874084
2.36755585670471
1.82839751243591
1.35270833969116
0.940266668796539
0.591320872306824
0.306384027004242
0.0859546288847923
-0.0699075907468796
-0.163532555103302
-0.199542835354805
-0.182732701301575
-0.117461666464806
-0.0072177667170763
0.145727872848511
0.340507507324219
0.577688455581665
0.859126448631287
1.18767940998077
1.56678605079651
2
2.4898738861084
3.03593969345093
3.63664078712463
4.29035615921021
4.99576807022095
5.75218629837036
6.55976104736328
7.41958093643188
8.3336067199707
9.30447673797607
10.3352117538452
11.4288053512573
12.5877342224121
13.8121271133423
15.0997591018677
16.4479084014893
17.8537883758545
19.3149070739746
20.829288482666
22.395637512207
24.0133228302002
25.6822910308838
27.4028587341309
29.175386428833
31
32.8757476806641
34.7992362976074
36.7661361694336
38.7720603942871
40.8129272460938
42.8851432800293
44.9859046936035
47.1132545471191
49.2660522460938
51.443904876709
53.6469955444336
55.8757781982422
58.130802154541
60.4115142822266
62.716365814209
65.0439224243164
67.3930740356445
69.7631988525391
72.1542282104492
74.5667495727539
77.0018081665039
79.4609298706055
81.9458389282227
84.4583206176758
87
89.5719223022461
92.173957824707
94.8054504394531
97.4654541015625
100.152740478516
102.865928649902
105.603378295898
108.363311767578
111.143684387207
113.94214630127
116.756225585938
119.582916259766
122.419036865234
125.261207580566
128.105819702148
130.949523925781
133.788803100586
136.620513916016
139.441543579102
142.249084472656
145.040374755859
147.813110351562
150.565093994141
153.294509887695
156
158.680786132812
161.337295532227
163.970581054688
166.582015991211
169.173034667969
171.744903564453
174.298416137695
176.833999633789
179.351318359375
181.849426269531
184.326904296875
186.78173828125
189.211822509766
191.615844726562
193.993377685547
196.344207763672
198.667465209961
200.962036132812
203.226150512695
205.457473754883
207.652755737305
209.808517456055
211.920837402344
213.985824584961
216
217.960876464844
219.868759155273
221.725082397461
223.531768798828
225.29069519043
227.003448486328
228.670944213867
230.293395996094
231.869918823242
233.399032592773
234.878723144531
236.306396484375
237.679824829102
238.998519897461
240.264022827148
241.478149414062
242.642074584961
243.756362915039
244.820510864258
245.833221435547
246.791427612305
247.691665649414
248.529541015625
249.300369262695
250
250.625366210938
251.177108764648
251.657211303711
252.068313598633
252.41291809082
252.693328857422
252.911148071289
253.067367553711
253.162124633789
253.194808959961
253.164779663086
253.07096862793
252.913070678711
252.692977905273
252.415145874023
252.084274291992
251.704360961914
251.278625488281
250.809020996094
250.296142578125
249.738739013672
249.134414672852
248.479431152344
247.769485473633
247
246.167221069336
245.270492553711
244.310180664062
243.286773681641
242.200698852539
241.052047729492
239.840408325195
238.564956665039
237.224258422852
235.816940307617
234.341735839844
232.797744750977
231.18522644043
229.506698608398
227.767211914062
225.972579956055
224.128280639648
222.239547729492
220.31071472168
218.345230102539
216.344863891602
214.310852050781
212.242767333984
210.139633178711
208
205.822509765625
203.607330322266
201.354934692383
199.065536499023
196.738845825195
194.374221801758
191.970626831055
189.526794433594
187.041198730469
184.512649536133
181.9404296875
179.324264526367
176.66520690918
173.965805053711
171.230316162109
168.4638671875
165.671615600586
162.859161376953
160.031860351562
157.194808959961
154.352462768555
151.508972167969
148.667419433594
145.830459594727
143
140.177215576172
137.362823486328
134.556777954102
131.75830078125
128.965866088867
126.177474975586
123.390762329102
120.603378295898
117.813018798828
115.017692565918
112.216018676758
109.407150268555
106.591079711914
103.768081665039
100.938873291016
98.1049499511719
95.2684860229492
92.4325637817383
89.6010665893555
86.7787399291992
83.9707870483398
81.1830749511719
78.4215087890625
75.6919784545898
73
70.3499908447266
67.7441940307617
65.18359375
62.6682014465332
60.1974906921387
57.7704734802246
55.3860549926758
53.0432548522949
50.7412490844727
48.4795112609863
46.2577934265137
44.0759620666504
41.9339218139648
39.8301734924316
37.7619667053223
35.7267875671387
33.7227821350098
31.7491703033447
29.8064765930176
27.8967056274414
26.0232563018799
24.1908931732178
22.4053230285645
20.6728820800781
19
17.392110824585
15.851674079895
14.3798475265503
12.977313041687
11.6446027755737
10.3823947906494
9.19170665740967
8.07400226593018
7.03114318847656
6.06525230407715
5.17842102050781
4.37237691879272
3.64801812171936
3.0033860206604
2.43375778198242
1.93379056453705
1.49817204475403
1.12213945388794
0.801900923252106
0.53491997718811
0.320043295621872
0.157453015446663
0.0484571196138859
-0.00485042855143547
0
0.0647326558828354
0.188224151730537
0.368577063083649
0.604211568832397
0.894246757030487
1.23882186412811
1.63928008079529
2.09820604324341
2.61929178237915
3.20704579353333
3.8663854598999
4.6021294593811
5.41837549209595
6.31641101837158
7.29465961456299
8.35070705413818
9.48178672790527
10.6851873397827
11.9585218429565
13.2999610900879
14.7082624435425
16.1827430725098
17.7230663299561
19.3289794921875
21
22.7345523834229
24.5283851623535
26.3763542175293
28.273458480835
30.2152080535889
32.197940826416
34.2190132141113
36.2769432067871
38.3712997436523
40.5025291442871
42.6717720031738
44.8804397583008
47.1298637390137
49.4199523925781
51.7491683959961
54.1159362792969
56.5187530517578
58.9565391540527
61.4286766052246
63.9350357055664
66.4759140014648
69.0520477294922
71.6642684936523
74.3134002685547
77
79.7238998413086
82.4834594726562
85.2764511108398
88.1004486083984
90.9529037475586
93.8312683105469
96.7330322265625
99.6557083129883
102.596870422363
105.554046630859
108.524696350098
111.506118774414
114.495498657227
117.489730834961
120.48558807373
123.480110168457
126.470413208008
129.454025268555
132.428665161133
135.392501831055
138.34375
141.281097412109
144.20344543457
147.109909057617
150
152.873657226562
155.73176574707
158.575637817383
161.406707763672
164.226348876953
167.035598754883
169.83479309082
172.623794555664
175.401458740234
178.165863037109
180.914428710938
183.643707275391
186.350158691406
189.03076171875
191.68342590332
194.306121826172
196.896270751953
199.451034545898
201.966995239258
204.440246582031
206.866165161133
209.239974975586
211.556625366211
213.811370849609
216
218.119644165039
220.17041015625
222.15397644043
224.072677612305
225.928985595703
227.725326538086
229.463485717773
231.144760131836
232.769409179688
234.337112426758
235.846878051758
237.29736328125
238.687408447266
240.017700195312
241.290710449219
242.509384155273
243.675659179688
244.790756225586
245.854614257812
246.865921020508
247.821746826172
248.718215942383
249.55029296875
250.312606811523
251
251.608337402344
252.137023925781
252.586883544922
252.959197998047
253.254989624023
253.475204467773
253.619674682617
253.687850952148
253.678237915039
253.588592529297
253.416778564453
253.160415649414
252.818008422852
252.390625
251.882125854492
251.297058105469
250.639434814453
249.913070678711
249.120590209961
248.263870239258
247.343154907227
246.35807800293
245.307022094727
244.188217163086
243
241.741561889648
240.415100097656
239.024063110352
237.571807861328
236.061370849609
234.495223999023
232.875091552734
231.201690673828
229.474990844727
227.694320678711
225.858749389648
223.967086791992
222.018798828125
220.015167236328
217.959411621094
215.855072021484
213.705184936523
211.512344360352
209.278411865234
207.004257202148
204.689651489258
202.333786010742
199.934906005859
197.490951538086
195
192.460372924805
189.872299194336
187.236526489258
184.55403137207
181.825653076172
179.052322387695
176.234756469727
173.373947143555
170.470886230469
167.526794433594
164.543426513672
161.523071289062
158.468902587891
155.385131835938
152.276901245117
149.149917602539
146.009658813477
142.861770629883
139.711517333984
136.563873291016
133.423202514648
130.293518066406
127.178047180176
124.079498291016
121
117.940818786621
114.902374267578
111.884292602539
108.885581970215
105.904823303223
102.940452575684
99.9908447265625
97.0547637939453
94.1312942504883
91.2201690673828
88.3217239379883
85.4368591308594
82.5671157836914
79.713623046875
76.8772659301758
74.0592651367188
71.2612915039062
68.4856491088867
65.7353515625
63.0140800476074
60.3260192871094
57.6758689880371
55.0684356689453
52.5083885192871
50
47.5462341308594
45.1474304199219
42.8025436401367
40.5099258422852
38.2676734924316
36.0741195678711
33.9280471801758
31.8290920257568
29.7777118682861
27.7753505706787
25.8242492675781
23.9272403717041
22.0873908996582
20.3061923980713
18.5835437774658
16.919506072998
15.3146915435791
13.770622253418
12.2898826599121
10.8762111663818
9.5343713760376
8.26995182037354
7.08892631530762
5.99718618392944
5
4.10078191757202
3.29896020889282
2.59197402000427
1.97638213634491
1.44834792613983
1.00411593914032
0.640383064746857
0.354551315307617
0.14483667910099
0.0102170538157225
-0.0497457422316074
-0.0351842455565929
0.0536303743720055
0.214232966303825
0.442054450511932
0.732650995254517
1.08230698108673
1.48845028877258
1.9499568939209
2.46728706359863
3.04245471954346
3.67880749702454
4.38066434860229
5.15281629562378
6
6.92569923400879
7.93008136749268
9.01194095611572
10.1697444915771
11.4019947052002
12.707558631897
14.0858812332153
15.5371236801147
17.0620937347412
18.6620903015137
20.3386554718018
22.0931854248047
23.9265117645264
25.8372192382812
27.8216781616211
29.8758563995361
31.9957447052002
34.1776657104492
36.4184837341309
38.715763092041
41.0676498413086
43.4729347229004
45.9306755065918
48.4400367736816
51
53.6086959838867
56.262336730957
58.9565048217773
61.6869316101074
64.4497222900391
67.2416381835938
70.0601654052734
72.9036407470703
75.7712631225586
78.6628112792969
81.5787887573242
84.5198059082031
87.4867477416992
90.4798202514648
93.4986343383789
96.5429611206055
99.6124420166016
102.706832885742
105.825759887695
108.96883392334
112.135093688965
115.323463439941
118.532096862793
121.758598327637
125
128.252578735352
131.51220703125
134.774505615234
138.03483581543
141.288391113281
144.530426025391
147.755996704102
150.960372924805
154.13883972168
157.286987304688
160.400924682617
163.477005004883
166.512634277344
169.506469726562
172.458770751953
175.370819091797
178.244232177734
181.080795288086
183.882431030273
186.650695800781
189.386337280273
192.08984375
194.760711669922
197.397888183594
200
202.565521240234
205.094436645508
207.586975097656
210.042724609375
212.46061706543
214.838455200195
217.173034667969
219.4599609375
221.693664550781
223.867965698242
225.976226806641
228.011581420898
229.968048095703
231.84196472168
233.632263183594
235.339233398438
236.963165283203
238.504928588867
239.965042114258
241.34391784668
242.641174316406
243.856384277344
244.98844909668
246.036529541016
247
247.879486083984
248.678817749023
249.402984619141
250.056823730469
250.644485473633
251.168975830078
251.631820678711
252.033020019531
252.370819091797
252.641967773438
252.842544555664
252.967376708984
253.01203918457
252.973876953125
252.852920532227
252.649765014648
252.364471435547
251.997055053711
251.546798706055
251.01252746582
250.392059326172
249.683029174805
248.882781982422
247.98893737793
247
245.915924072266
244.740463256836
243.478820800781
242.13671875
240.719482421875
239.231994628906
237.677856445312
236.059844970703
234.379211425781
232.636154174805
230.830108642578
228.959686279297
227.023803710938
225.022521972656
222.957794189453
220.831695556641
218.645477294922
216.400177001953
214.096084594727
211.732986450195
209.309814453125
206.825790405273
204.279724121094
201.67106628418
199
196.267913818359
193.478744506836
190.637588500977
187.749908447266
184.8212890625
181.857131958008
178.862258911133
175.841064453125
172.797134399414
169.733322143555
166.651931762695
163.554412841797
160.442001342773
157.315689086914
154.176605224609
151.025283813477
147.86149597168
144.684616088867
141.493606567383
138.287353515625
135.064575195312
131.824523925781
128.566696166992
125.291442871094
122
118.694259643555
115.376884460449
112.051094055176
108.720825195312
105.390678405762
102.065803527832
98.7518768310547
95.4550247192383
92.1816024780273
88.9380569458008
85.7306823730469
82.5652847290039
79.4470367431641
76.3793029785156
73.3636245727539
70.4005508422852
67.4896926879883
64.6301956176758
61.8211250305176
59.0615501403809
56.3508186340332
53.6887969970703
51.0757522583008
48.5124588012695
46
43.5391235351562
41.1288681030273
38.7679443359375
36.4554786682129
34.1912956237793
31.9762077331543
29.8121376037598
27.7021446228027
25.6503200531006
23.6615333557129
21.7410869598389
19.8942584991455
18.1257972717285
16.437858581543
14.8299999237061
13.3009881973267
11.8492574691772
10.4734134674072
9.17258167266846
7.94668960571289
6.79659461975098
5.72410726547241
4.73178768157959
3.82269334793091
3
2.26590943336487
1.61957681179047
1.05915927886963
0.5829176902771
0.189608499407768
-0.121167115867138
-0.348772644996643
-0.491484940052032
-0.546617686748505
-0.510798096656799
-0.380374819040298
-0.151899591088295
0.177252382040024
0.606722414493561
1.13316857814789
1.75244903564453
2.46023011207581
3.25245761871338
4.12575197219849
5.07767629623413
6.10685634613037
7.21294927597046
8.39645195007324
9.65839576721191
11
12.4216623306274
13.9211273193359
15.4954137802124
17.1418552398682
18.858419418335
20.6439552307129
22.4983386993408
24.4224681854248
26.4180927276611
28.4875183105469
30.6333160400391
32.8577461242676
35.1623878479004
37.5465240478516
40.0071487426758
42.5405883789062
45.1428146362305
47.8097610473633
50.5375061035156
53.3224792480469
56.1613731384277
59.0512924194336
61.9894828796387
64.9733047485352
68
71.0663299560547
74.1677780151367
77.2996215820312
80.4575729370117
83.637825012207
86.8373260498047
90.0537109375
93.2853851318359
96.5313415527344
99.7910842895508
103.064453125
106.351417541504
109.651962280273
112.965744018555
116.292129516602
119.630531311035
122.980155944824
126.340133666992
129.709320068359
133.086303710938
136.468978881836
139.854995727539
143.241287231445
146.624252319336
150
153.3642578125
156.713302612305
160.04345703125
163.351104736328
166.632598876953
169.884063720703
173.101501464844
176.280838012695
179.41764831543
182.507522583008
185.546340942383
188.529968261719
191.455062866211
194.31999206543
197.124801635742
199.870529174805
202.558166503906
205.188980102539
207.763793945312
210.282867431641
212.74560546875
215.150924682617
217.496780395508
219.780670166016
222
224.152572631836
226.238555908203
228.258804321289
230.214019775391
232.104370117188
233.929290771484
235.687194824219
237.375518798828
238.990509033203
240.527816772461
241.982727050781
243.350341796875
244.626434326172
245.809387207031
246.900253295898
247.901214599609
248.813980102539
249.640426635742
250.381774902344
251.038436889648
251.60954284668
252.093719482422
252.488662719727
252.791564941406
253
253.112380981445
253.130386352539
253.056823730469
252.894500732422
252.645614624023
252.311660766602
251.893020629883
251.388916015625
250.797592163086
250.116287231445
249.34211730957
248.471878051758
247.503356933594
246.436614990234
245.274597167969
244.020950317383
242.679077148438
241.252197265625
239.742874145508
238.15299987793
236.483245849609
234.733779907227
232.903930664062
230.992904663086
229
226.92529296875
224.771484375
222.542007446289
220.240295410156
217.869277954102
215.431259155273
212.927825927734
210.35969543457
207.727111816406
205.029632568359
202.266952514648
199.438659667969
196.545166015625
193.588424682617
190.572052001953
187.500259399414
184.377044677734
181.206634521484
177.993072509766
174.740051269531
171.451034545898
168.129364013672
164.778167724609
161.400588989258
158
154.579864501953
151.144409179688
147.69775390625
144.24382019043
140.786117553711
137.327819824219
133.871643066406
130.420043945312
126.975250244141
123.539237976074
120.113952636719
116.701133728027
113.302635192871
109.919769287109
106.553497314453
103.204597473145
99.8735961914062
96.5611190795898
93.267936706543
89.9951782226562
86.7441635131836
83.5168304443359
80.3152923583984
77.1421203613281
74
70.8913116455078
67.8171615600586
64.7781448364258
61.7749443054199
58.8084564208984
55.8801536560059
52.9921875
50.1475486755371
47.3500480651855
44.604248046875
41.9152526855469
39.2884178161621
36.7290153503418
34.2404747009277
31.8243598937988
29.481782913208
27.2137069702148
25.0213203430176
22.9062404632568
20.870698928833
18.9175262451172
17.0501461029053
15.2723026275635
13.5877666473389
12
10.5111103057861
9.11995887756348
7.82406187057495
6.6206579208374
5.50717735290527
4.48170709609985
3.54329872131348
2.69216322898865
1.92969131469727
1.25831246376038
0.681203186511993
0.20189380645752
-0.176297351717949
-0.452417582273483
-0.627919435501099
-0.704614043235779
-0.684155821800232
-0.567697942256927
-0.355629622936249
-0.047450240701437
0.358211040496826
0.863414108753204
1.47059559822083
2.18215274810791
3
3.92447638511658
4.95239782333374
6.07911777496338
7.29968023300171
8.60929012298584
10.0037260055542
11.4796581268311
13.0348129272461
14.6679801940918
16.3788967132568
18.1679992675781
20.0360813140869
21.9838600158691
24.0102844238281
26.11256980896
28.2880058288574
30.5342388153076
32.8496017456055
35.2331962585449
37.6849899291992
40.2055702209473
42.7961235046387
45.4579849243164
48.1923675537109
51
53.8803825378418
56.8307342529297
59.8471908569336
62.9255065917969
66.0613021850586
69.2501525878906
72.4878692626953
75.7704620361328
79.0941772460938
82.4553985595703
85.8507308959961
89.2766494750977
92.7296447753906
96.2056579589844
99.7002792358398
103.20955657959
106.729797363281
110.257926940918
113.791374206543
117.328002929688
120.865921020508
124.403602600098
127.939483642578
131.472152709961
135
138.521469116211
142.035263061523
145.540023803711
149.034454345703
152.517150878906
155.986236572266
159.439468383789
162.874099731445
166.286911010742
169.673889160156
173.030883789062
176.353256225586
179.63639831543
182.876617431641
186.071395874023
189.218704223633
192.316436767578
195.362533569336
198.354705810547
201.290328979492
204.16618347168
206.978958129883
209.724685668945
212.39958190918
215
217.523162841797
219.968872070312
222.337875366211
224.631240844727
226.849853515625
228.994049072266
231.063385009766
233.056533813477
234.971038818359
236.803512573242
238.550231933594
240.206802368164
241.769256591797
243.23567199707
244.606369018555
245.882293701172
247.063980102539
248.151702880859
249.14501953125
250.042755126953
250.842590332031
251.54167175293
252.136520385742
252.623626708984
253
253.263870239258
253.417129516602
253.463012695312
253.405151367188
253.247039794922
252.991500854492
252.640518188477
252.195098876953
251.655044555664
251.019256591797
250.286224365234
249.453918457031
248.520736694336
247.487167358398
246.355880737305
245.13005065918
243.812057495117
242.403930664062
240.906631469727
239.320358276367
237.643997192383
235.876037597656
234.014129638672
232.056045532227
230
227.845245361328
225.594100952148
223.250030517578
220.816802978516
218.298294067383
215.698104858398
213.019561767578
210.265472412109
207.43830871582
204.540283203125
201.573577880859
198.540557861328
195.44401550293
192.288131713867
189.078338623047
185.820404052734
182.519348144531
179.179946899414
175.806350708008
172.402038574219
168.9697265625
165.511672973633
162.029678344727
158.525283813477
155
151.455490112305
147.893890380859
144.317398071289
140.728134155273
137.128051757812
133.519012451172
129.902938842773
126.282089233398
122.658721923828
119.035575866699
115.41576385498
111.802749633789
108.200401306152
104.612327575684
101.041923522949
97.4925003051758
93.9670944213867
90.4687652587891
87.0006332397461
83.565788269043
80.1673355102539
76.8085174560547
73.4924011230469
70.2219848632812
67
63.8283081054688
60.7070083618164
57.6353607177734
54.6124038696289
51.6373634338379
48.7100372314453
45.8310432434082
43.0022048950195
40.2264862060547
37.5081253051758
34.8524589538574
32.2655715942383
29.7540340423584
27.3229866027832
24.976095199585
22.7168502807617
20.5487937927246
18.475772857666
16.5019645690918
14.6319169998169
12.8704223632812
11.2223262786865
9.69216728210449
8.28380107879639
7
5.84140729904175
4.80469226837158
3.88452196121216
3.07477211952209
2.36913537979126
1.76173961162567
1.24764668941498
0.823226094245911
0.486353009939194
0.23643684387207
0.0742786526679993
0.00179862137883902
0.0215534511953592
0.134705692529678
0.34096571803093
0.640508532524109
1.03435277938843
1.52453291416168
2.11416697502136
2.80736708641052
3.60900735855103
4.52434110641479
5.55851125717163
6.71598482131958
8
9.41147327423096
10.9471769332886
12.6016645431519
14.3683786392212
16.2401924133301
18.2098846435547
20.2705955505371
22.4161491394043
24.6412315368652
26.9414710998535
29.313419342041
31.7543449401855
34.2620697021484
36.8336296081543
39.4653434753418
42.1544342041016
44.8992042541504
47.6991806030273
50.5551376342773
53.4688949584961
56.4429969787598
59.48046875
62.584285736084
65.7569122314453
69
72.313606262207
75.695426940918
79.1417083740234
82.6478271484375
86.2082901000977
89.8171310424805
93.4678955078125
97.1540145874023
100.86873626709
104.605323791504
108.357261657715
112.118103027344
115.881904602051
119.642997741699
123.39640045166
127.138198852539
130.865295410156
134.575531005859
138.267501831055
141.940444946289
145.593688964844
149.226928710938
152.839569091797
156.430938720703
160
163.545562744141
167.06689453125
170.563140869141
174.033111572266
177.474975585938
180.886169433594
184.263244628906
187.601913452148
190.897064208984
194.142807006836
197.3330078125
200.461135864258
203.521133422852
206.508483886719
209.420532226562
212.255493164062
215.011810302734
217.688186645508
220.283050537109
222.794586181641
225.220184326172
227.557144165039
229.801834106445
231.950637817383
234
235.947113037109
237.791900634766
239.535217285156
241.178131103516
242.721328735352
244.165008544922
245.508361816406
246.749984741211
247.887298583984
248.917236328125
249.836410522461
250.64128112793
251.329223632812
251.899826049805
252.35546875
252.699188232422
252.933868408203
253.061965942383
253.085388183594
253.004943847656
252.820129394531
252.529647827148
252.131240844727
251.622222900391
251
250.262786865234
249.411804199219
248.449340820312
247.377670288086
246.198822021484
244.914352416992
243.525131225586
242.031311035156
240.432434082031
238.727798461914
236.916809082031
234.998886108398
232.974731445312
230.847045898438
228.621017456055
226.302474975586
223.89697265625
221.409820556641
218.845703125
216.208480834961
213.500930786133
210.725234985352
207.882614135742
204.973968505859
202
198.961624145508
195.861328125
192.701675415039
189.485000610352
186.213043212891
182.88720703125
179.508285522461
176.076904296875
172.593338012695
169.058029174805
165.471801757812
161.835891723633
158.152572631836
154.424987792969
150.657562255859
146.855255126953
143.023208618164
139.166961669922
135.292251586914
131.405151367188
127.511611938477
123.618003845215
119.730651855469
115.855865478516
112
108.168922424316
104.367721557617
100.600639343262
96.8711929321289
93.1822662353516
89.5362243652344
85.9349746704102
82.3802490234375
78.8735733032227
75.4164581298828
72.0104217529297
68.6567459106445
65.3567733764648
62.1105575561523
58.9171409606934
55.7755088806152
52.6848030090332
49.6448822021484
46.656494140625
43.7215690612793
40.8432540893555
38.0260200500488
35.2753829956055
32.5977363586426
30
27.4886322021484
25.0679912567139
22.7415409088135
20.5125389099121
18.384183883667
16.3598384857178
14.4431228637695
12.6379251480103
10.9483184814453
9.37837028503418
7.93183660507202
6.6118369102478
5.42039632797241
4.35658979415894
3.41663289070129
2.59581995010376
1.88917803764343
1.29202306270599
0.800424933433533
0.411568462848663
0.123958043754101
-0.0625431314110756
-0.146842002868652
-0.12688373029232
0
0.236047923564911
0.581163763999939
1.03472256660461
1.59651041030884
2.26696753501892
3.04736876487732
3.9398717880249
4.94744110107422
6.07360887527466
7.32212066650391
8.69651126861572
10.1996116638184
11.8329916000366
13.5952568054199
15.4820604324341
17.4879970550537
19.6070976257324
21.8332843780518
24.1607284545898
26.5841121673584
29.0987854003906
31.7007904052734
34.3868408203125
37.1540832519531
40
42.9217491149902
45.9150848388672
48.9757232666016
52.1000099182129
55.285099029541
58.5289306640625
61.8302879333496
65.188591003418
68.603645324707
72.0754241943359
75.6036682128906
79.1875915527344
82.8256378173828
86.514778137207
90.2506408691406
94.0283889770508
97.842658996582
101.687980651855
105.558654785156
109.449058532715
113.353378295898
117.266082763672
121.181594848633
125.094573974609
129
132.893127441406
136.769989013672
140.627395629883
144.462921142578
148.274826049805
152.061920166016
155.823135375977
159.557723999023
163.264694213867
166.942718505859
170.590362548828
174.205429077148
177.785552978516
181.328765869141
184.833465576172
188.297973632812
191.719863891602
195.096084594727
198.422653198242
201.694686889648
204.906127929688
208.05012512207
211.119094848633
214.104995727539
217
219.796997070312
222.491363525391
225.079895019531
227.56005859375
229.92985534668
232.187545776367
234.331268310547
236.359313964844
238.269561767578
240.059982299805
241.728713989258
243.274002075195
244.694946289062
245.993072509766
247.17204284668
248.236312866211
249.189804077148
250.036026000977
250.777465820312
251.415420532227
251.949432373047
252.378067016602
252.698455810547
252.907043457031
253
252.973968505859
252.828369140625
252.563415527344
252.179428100586
251.676422119141
251.053985595703
250.311126708984
249.446487426758
248.458099365234
247.344039916992
246.102767944336
244.733032226562
243.235046386719
241.611480712891
239.867736816406
238.010147094727
236.044921875
233.978042602539
231.814971923828
229.560333251953
227.217376708984
224.788726806641
222.275802612305
219.67936706543
217
214.238265991211
211.396286010742
208.47624206543
205.479965209961
202.408630371094
199.26286315918
196.042709350586
192.748031616211
189.37841796875
185.933853149414
182.414840698242
178.822708129883
175.160079956055
171.431091308594
167.641693115234
163.798721313477
159.909149169922
155.980484008789
152.020202636719
148.035934448242
144.034896850586
140.024215698242
136.010665893555
132.000610351562
128
124.014068603516
120.047256469727
116.103004455566
112.183731079102
108.290969848633
104.42561340332
100.588073730469
96.7786254882812
92.9975509643555
89.2454528808594
85.5233840942383
81.8328018188477
78.175895690918
74.5544128417969
70.9700241088867
67.4247741699219
63.9212608337402
60.462947845459
57.0541687011719
53.7003479003906
50.4077644348145
47.1836013793945
44.0355949401855
40.9717483520508
38
35.1272354125977
32.357837677002
29.6947822570801
27.1401462554932
24.6954612731934
22.3619518280029
20.1407909393311
18.0333023071289
16.0409851074219
14.1655740737915
12.4088649749756
10.7725563049316
9.25791931152344
7.86413097381592
6.58836364746094
5.42752075195312
4.37876224517822
3.43994998931885
2.6099545955658
1.88887107372284
1.27806866168976
0.780090630054474
0.398395925760269
0.136990636587143
0
-0.00939947739243507
0.109177261590958
0.355011224746704
0.727203249931335
1.22496330738068
1.84788167476654
2.59608936309814
3.47030639648438
4.47175931930542
5.60197496414185
6.8624906539917
8.25449848175049
9.77839851379395
11.4322052001953
13.2116079330444
15.1117610931396
17.127758026123
19.2549743652344
21.4893283843994
23.8274536132812
26.2666816711426
28.8050231933594
31.4409217834473
34.1730422973633
37
39.9196853637695
42.9281959533691
46.021167755127
49.1944160461426
52.4441986083984
55.7672576904297
59.1609191894531
62.6229858398438
66.1515960693359
69.7450637817383
73.4016342163086
77.1191558837891
80.8950042724609
84.725341796875
88.605339050293
92.5299911499023
96.4940872192383
100.492454528809
104.519882202148
108.5712890625
112.641288757324
116.724678039551
120.815956115723
124.909606933594
129
133.081436157227
137.148681640625
141.196838378906
145.221588134766
149.219055175781
153.185729980469
157.118316650391
161.013824462891
164.869064331055
168.680908203125
172.4462890625
176.161865234375
179.824569702148
183.432144165039
186.983261108398
190.477111816406
193.912460327148
197.288116455078
200.602233886719
203.852432250977
207.035186767578
210.146545410156
213.18147277832
216.134475708008
219
221.772613525391
224.448989868164
227.026565551758
229.502960205078
231.875640869141
234.141845703125
236.298217773438
238.340881347656
240.265396118164
242.066833496094
243.740325927734
245.280899047852
246.684448242188
247.949127197266
249.075469970703
250.065200805664
250.919738769531
251.641006469727
252.230239868164
252.688491821289
253.015548706055
253.21125793457
253.274536132812
253.204391479492
253
252.661407470703
252.191497802734
251.594085693359
250.872970581055
250.031463623047
249.072311401367
247.997024536133
246.806503295898
245.500335693359
244.077484130859
242.536544799805
240.875732421875
239.093963623047
237.191772460938
235.17170715332
233.036712646484
230.789520263672
228.432571411133
225.968139648438
223.39794921875
220.723052978516
217.944686889648
215.063766479492
212.081573486328
209
205.821792602539
202.551910400391
199.195861816406
195.75944519043
192.248199462891
188.667373657227
185.021850585938
181.316116333008
177.554260253906
173.739974975586
169.877197265625
165.969451904297
162.02082824707
158.035583496094
154.018615722656
149.974548339844
145.907531738281
141.821624755859
137.720458984375
133.607772827148
129.486938476562
125.361793518066
121.23609161377
117.113975524902
113
108.89868927002
104.814460754395
100.751441955566
96.7136459350586
92.7050170898438
88.7295074462891
84.7911987304688
80.8943939208984
77.0436706542969
73.2437973022461
69.499870300293
65.8169708251953
62.2001190185547
58.6531562805176
55.1787414550781
51.7791137695312
48.456241607666
45.2122917175293
42.0497283935547
38.9716033935547
35.9816207885742
33.0842361450195
30.284481048584
27.5878410339355
25
22.5259780883789
20.1686916351318
17.9301338195801
15.8120460510254
13.8161563873291
11.9444360733032
10.1992263793945
8.58333015441895
7.099937915802
5.75248146057129
4.54437112808228
3.47866797447205
2.55765867233276
1.78114700317383
1.14649665355682
0.650305151939392
0.288949280977249
0.0590062290430069
-0.0423788130283356
-0.0172310136258602
0.133399158716202
0.409426182508469
0.811599314212799
1.34124994277954
2
2.78887486457825
3.70673513412476
4.7518630027771
5.92282867431641
7.21872806549072
8.63935947418213
10.1852884292603
11.857798576355
13.6587018966675
15.5900220870972
17.6536750793457
19.851016998291
22.1824131011963
24.6458797454834
27.2371215820312
29.9510498046875
32.7821197509766
35.7246780395508
38.7730827331543
41.9219627380371
45.1661643981934
48.5008163452148
51.9211502075195
55.422477722168
59
62.6484451293945
66.3615036010742
70.1328048706055
73.9565200805664
77.8274459838867
81.7411117553711
85.6936798095703
89.6819686889648
93.7031707763672
97.7547836303711
101.834281921387
105.939041137695
110.066146850586
114.212303161621
118.37378692627
122.547119140625
126.728607177734
130.914672851562
135.1015625
139.285430908203
143.46208190918
147.626922607422
151.775100708008
155.901275634766
160
164.065719604492
168.093612670898
172.079254150391
176.018493652344
179.907272338867
183.741485595703
187.51676940918
191.228561401367
194.871688842773
198.440612792969
201.929641723633
205.332595825195
208.64372253418
211.858261108398
214.97297668457
217.985336303711
220.892654418945
223.692428588867
226.381896972656
228.958053588867
231.417098999023
233.755096435547
235.967758178711
238.050704956055
240
241.812576293945
243.488067626953
245.02734375
246.431716918945
247.702606201172
248.841064453125
249.847808837891
250.72282409668
251.465423583984
252.074249267578
252.547744750977
252.883911132812
253.081268310547
253.139984130859
253.062133789062
252.850311279297
252.506225585938
252.031463623047
251.426696777344
250.691757202148
249.825302124023
248.825469970703
247.689682006836
246.415313720703
245
243.442276000977
241.743362426758
239.905532836914
237.931365966797
235.823547363281
233.584701538086
231.217163085938
228.72331237793
226.105239868164
223.365219116211
220.505859375
217.530197143555
214.442337036133
211.247833251953
207.953979492188
204.568435668945
201.098388671875
197.550872802734
193.932235717773
190.248260498047
186.503692626953
182.703002929688
178.84992980957
174.947814941406
171
167.009582519531
162.980209350586
158.915328979492
154.817962646484
150.690460205078
146.535125732422
142.353912353516
138.148834228516
133.922012329102
129.676010131836
125.414161682129
121.140121459961
116.858612060547
112.574569702148
108.293350219727
104.020584106445
99.7620162963867
95.5237426757812
91.3121566772461
87.1339645385742
82.996223449707
78.9063720703125
74.871940612793
70.9006195068359
67
63.1769561767578
59.4367980957031
55.7837219238281
52.2211990356445
48.7521934509277
45.3793869018555
42.105396270752
38.932975769043
35.8651161193848
32.9050827026367
30.056396484375
27.3226470947266
24.7073211669922
22.2123870849609
19.8383541107178
17.5854225158691
15.4538679122925
13.4443635940552
11.5582075119019
9.79750347137451
8.16516780853271
6.66490936279297
5.30097055435181
4.0778603553772
3
2.07078838348389
1.29105234146118
0.66040825843811
0.178055584430695
-0.156951233744621
-0.345428943634033
-0.387875348329544
-0.284374713897705
-0.0346083343029022
0.362017899751663
0.90617710351944
1.5983635187149
2.43852257728577
3.42463302612305
4.55278396606445
5.81881380081177
7.2187705039978
8.74923706054688
10.4075756072998
12.192063331604
14.1018724441528
16.1369647979736
18.2978630065918
20.5853176116943
23
25.5417613983154
28.2084655761719
30.9972095489502
33.9049797058105
36.9287414550781
40.065559387207
43.3125648498535
46.6669311523438
50.1256866455078
53.6854553222656
57.3424758911133
61.0921058654785
64.9289016723633
68.8459548950195
72.8350601196289
76.887939453125
80.9962463378906
85.1520080566406
89.3476638793945
93.5761795043945
97.8309860229492
102.106117248535
106.396011352539
110.695533752441
115
119.305030822754
123.606689453125
127.901748657227
132.18766784668
136.462554931641
140.724884033203
144.973159790039
149.206100463867
153.421752929688
157.617752075195
161.791122436523
165.937957763672
170.053680419922
174.133697509766
178.17317199707
182.167388916016
186.110717773438
189.997314453125
193.820693969727
197.573791503906
201.248641967773
204.837265014648
208.331024169922
211.721343994141
215
218.15966796875
221.1953125
224.10334777832
226.88117980957
229.526840209961
232.038787841797
234.415573120117
236.655822753906
238.757873535156
240.719970703125
242.540176391602
244.216384887695
245.747100830078
247.132202148438
248.373199462891
249.472152709961
250.430511474609
251.249359130859
251.929046630859
252.469146728516
252.86799621582
253.123458862305
253.232604980469
253.192413330078
253
252.653350830078
252.153045654297
251.500686645508
250.69807434082
249.74723815918
248.649856567383
247.407150268555
246.020065307617
244.489013671875
242.814147949219
240.995849609375
239.034225463867
236.930435180664
234.687042236328
232.308441162109
229.799453735352
227.164474487305
224.407958984375
221.533782958984
218.545593261719
215.446319580078
212.239212036133
208.92692565918
205.512634277344
202
198.393325805664
194.698425292969
190.921646118164
187.069213867188
183.14697265625
179.160491943359
175.114822387695
171.014617919922
166.864196777344
162.667556762695
158.428756713867
154.151611328125
149.840377807617
145.499298095703
141.132843017578
136.745422363281
132.340942382812
127.923286437988
123.496376037598
119.06428527832
114.63134765625
110.202606201172
105.783515930176
101.380340576172
97
92.6497268676758
88.3366012573242
84.0675048828125
79.8493194580078
75.6887741088867
71.5925750732422
67.5674819946289
63.6202735900879
59.7576789855957
55.9864273071289
52.3130912780762
48.7438087463379
45.2842178344727
41.9382209777832
38.7080001831055
35.594856262207
32.5994529724121
29.7222499847412
26.963794708252
24.3249912261963
21.8073024749756
19.4128971099854
17.1445693969727
15.0056953430176
13
11.1308469772339
9.3999137878418
7.80829095840454
6.35712909698486
5.0478048324585
3.88212418556213
2.86238670349121
1.99140524864197
1.27238583564758
0.708732068538666
0.303759187459946
0.0603791624307632
-0.019327225163579
0.0644725784659386
0.309387356042862
0.712262392044067
1.26965522766113
1.97818577289581
2.83485984802246
3.83728528022766
4.98380136489868
6.27346563339233
7.70596027374268
9.28137588500977
11
12.8616094589233
14.8643341064453
17.0058822631836
19.2842025756836
21.6976051330566
24.2448062896729
26.9248847961426
29.7371845245361
32.6810111999512
35.7554054260254
38.9588012695312
42.2887001037598
45.7414283752441
49.3113136291504
52.9908790588379
56.7719802856445
60.6460800170898
64.6045532226562
68.6389007568359
72.740837097168
76.9024429321289
81.1161499023438
85.3747863769531
89.6715316772461
94
98.3540725708008
102.727897644043
107.11637878418
111.515396118164
115.921775817871
120.333076477051
124.747344970703
129.163070678711
133.578643798828
137.992141723633
142.401336669922
146.803100585938
151.193618774414
155.568756103516
159.923843383789
164.254180908203
168.554122924805
172.817672729492
177.038131713867
181.208160400391
185.319564819336
189.36376953125
193.331527709961
197.21337890625
201
204.682601928711
208.254180908203
211.708999633789
215.042282104492
218.249938964844
221.32861328125
224.275100708008
227.086715698242
229.760757446289
232.294525146484
234.685684204102
236.931869506836
239.031311035156
240.983764648438
242.790542602539
244.453567504883
245.974319458008
247.354080200195
248.593399047852
249.692108154297
250.648681640625
251.461044311523
252.126022338867
252.640258789062
253
253.202087402344
253.245407104492
253.129592895508
252.8544921875
252.419845581055
251.825286865234
251.069931030273
250.153030395508
249.073364257812
247.829727172852
246.421569824219
244.84831237793
243.110809326172
241.211456298828
239.154937744141
236.946441650391
234.591049194336
232.093978881836
229.460037231445
226.693664550781
223.798599243164
220.778503417969
217.636581420898
214.375900268555
211
207.512634277344
203.918975830078
200.224456787109
196.434204101562
192.553207397461
188.586059570312
184.536987304688
180.410308837891
176.210205078125
171.941070556641
167.607894897461
163.216018676758
158.771697998047
154.281860351562
149.754043579102
145.19612121582
140.615478515625
136.019515991211
131.415420532227
126.810203552246
122.210563659668
117.62328338623
113.054832458496
108.51163482666
104
99.5257415771484
95.0939254760742
90.7088088989258
86.3739547729492
82.0924835205078
77.8672103881836
73.7009201049805
69.5966415405273
65.5577621459961
61.5882568359375
57.6927833557129
53.8765716552734
50.1454048156738
46.5046234130859
42.9590644836426
39.5136413574219
36.1734886169434
32.9440956115723
29.8314895629883
26.8422050476074
23.9832324981689
21.2620334625244
18.6861743927002
16.2631416320801
14
11.9025506973267
9.97411346435547
8.21642303466797
6.63022327423096
5.2154860496521
3.9717071056366
2.8981294631958
1.99392402172089
1.25829541683197
0.690496444702148
0.289772510528564
0.0552620254456997
-0.0142356278374791
0.0785937085747719
0.329693347215652
0.734990239143372
1.29083621501923
1.99428641796112
2.84332227706909
3.83695006370544
4.97518920898438
6.25893831253052
7.68974256515503
9.26947021484375
11
12.8824853897095
14.9162759780884
17.0999584197998
19.4319648742676
21.9106693267822
24.5344676971436
27.3017845153809
30.2110157012939
33.260383605957
36.4477310180664
39.7703666687012
43.2247467041016
46.8064041137695
50.5092315673828
54.3256645202637
58.2477951049805
62.267505645752
66.3767166137695
70.5675354003906
74.8321914672852
79.1631011962891
83.5527725219727
87.9938049316406
92.4786987304688
97
101.550163269043
106.121566772461
110.707130432129
115.300407409668
119.895820617676
124.48844909668
129.07389831543
133.648315429688
138.208114624023
142.749649047852
147.269454956055
151.763702392578
156.228424072266
160.659851074219
165.054290771484
169.408355712891
173.718353271484
177.980346679688
182.189895629883
186.341934204102
190.430374145508
194.448516845703
198.388534545898
202.242004394531
206
209.653549194336
213.194732666016
216.616470336914
219.911911010742
223.074722290039
226.09880065918
228.978302001953
231.707702636719
234.281723022461
236.695266723633
238.944076538086
241.024108886719
242.93278503418
244.66926574707
246.234848022461
247.632064819336
248.863464355469
249.932083129883
250.840591430664
251.591293334961
252.185424804688
252.623870849609
252.906372070312
253.032104492188
253
252.808853149414
252.458801269531
251.950271606445
251.283279418945
250.457214355469
249.470779418945
248.322189331055
247.009216308594
245.529174804688
243.879409790039
242.057830810547
240.062728881836
237.893920898438
235.553024291992
233.043899536133
230.371704101562
227.54182434082
224.560333251953
221.433639526367
218.168380737305
214.771011352539
211.248504638672
207.607681274414
203.855712890625
200
196.048309326172
192.009185791016
187.891067504883
183.701614379883
179.447784423828
175.135665893555
170.770446777344
166.356796264648
161.898696899414
157.399948120117
152.864288330078
148.295501708984
143.697784423828
139.075561523438
134.433486938477
129.776290893555
125.108489990234
120.434753417969
115.759765625
111.088684082031
106.426872253418
101.780334472656
97.155517578125
92.5595474243164
88
83.4846420288086
79.0208053588867
74.6155319213867
70.2756729125977
66.0078353881836
61.8187103271484
57.7150344848633
53.7038269042969
49.7923736572266
45.9883155822754
42.2995452880859
38.7340316772461
35.2996673583984
32.0030899047852
28.8496398925781
25.8439159393311
22.9898738861084
20.2910938262939
17.7508335113525
15.372184753418
13.1580982208252
11.1114149093628
9.23473834991455
7.53034067153931
6
4.6443977355957
3.46214532852173
2.45082020759583
1.60767424106598
0.92996484041214
0.415309488773346
0.0619422495365143
-0.131099611520767
-0.163900956511497
-0.0357027314603329
0.254965722560883
0.710082948207855
1.33179473876953
2.12128901481628
3.07872819900513
4.20428562164307
5.49833106994629
6.96147537231445
8.59455871582031
10.3985633850098
12.3744344711304
14.5228500366211
16.8439273834229
19.3369255065918
22
24.8296852111816
27.8201961517334
30.9644737243652
34.2548522949219
37.6833076477051
41.2417106628418
44.9220008850098
48.7162857055664
52.6169090270996
56.616382598877
60.7074279785156
64.8828582763672
69.1355743408203
73.4582595825195
77.8436126708984
82.285026550293
86.7766952514648
91.3135604858398
95.8912811279297
100.505966186523
105.153915405273
109.831512451172
114.534744262695
119.259231567383
124
128.751358032227
133.507217407227
138.261276245117
143.006942749023
147.737655639648
152.446578979492
157.126541137695
161.770172119141
166.369598388672
170.916717529297
175.403121948242
179.820159912109
184.159362792969
188.412933349609
192.574081420898
196.637008666992
200.596313476562
204.447204589844
208.185317993164
211.806396484375
215.306045532227
218.679962158203
221.923416137695
225.031661987305
228
230.823928833008
233.500396728516
236.026947021484
238.401138305664
240.620697021484
242.682891845703
244.584671020508
246.322570800781
247.892501831055
249.2900390625
250.510681152344
251.549819946289
252.403411865234
253.068878173828
253.545303344727
253.832794189453
253.93132019043
253.841598510742
253.56413269043
253.099746704102
252.448989868164
251.61262512207
250.591491699219
249.386672973633
248
246.434005737305
244.693084716797
242.782348632812
240.707000732422
238.471832275391
236.08154296875
233.540023803711
230.850952148438
228.017242431641
225.041656494141
221.927032470703
218.675827026367
215.291275024414
211.777359008789
208.138961791992
204.381256103516
200.50895690918
196.526885986328
192.439743041992
188.25244140625
183.969696044922
179.596923828125
175.139907836914
170.60514831543
166
161.33251953125
156.611740112305
151.846786499023
147.046798706055
142.220642089844
137.376800537109
132.523498535156
127.668556213379
122.819595336914
117.983993530273
113.168937683105
108.381332397461
103.628021240234
98.9150238037109
94.2477264404297
89.6308059692383
85.0682678222656
80.5637588500977
76.1208343505859
71.7431793212891
67.4348449707031
63.2005157470703
59.0456581115723
54.9764785766602
51
47.12353515625
43.3540115356445
39.6982383728027
36.1631011962891
32.7555885314941
29.4828262329102
26.3521041870117
23.3708534240723
20.5465278625488
17.8864898681641
15.3977937698364
13.0869293212891
10.9595050811768
9.01917362213135
7.26757431030273
5.70514726638794
4.33145093917847
3.14546799659729
2.14587926864624
1.33131158351898
0.700545966625214
0.252617985010147
-0.0131647828966379
-0.0972642749547958
0
0.277946442365646
0.734680652618408
1.36802315711975
2.17608404159546
3.15738368034363
4.31095600128174
5.63634443283081
7.13352394104004
8.8027286529541
10.644193649292
12.6579065322876
14.8433084487915
17.198974609375
19.7218360900879
22.4072532653809
25.2499923706055
28.244514465332
31.3851509094238
34.6662521362305
38.0823135375977
41.6278915405273
45.297737121582
49.0865821838379
52.989128112793
57
61.1134986877441
65.3233489990234
69.6234130859375
74.0080032348633
78.4719543457031
83.0104522705078
87.6189956665039
92.2931137084961
97.0281372070312
101.81893157959
106.659759521484
111.5439453125
116.464027404785
121.411582946777
126.377708435059
131.353332519531
136.329025268555
141.295425415039
146.243148803711
151.162673950195
156.044311523438
160.878540039062
165.655548095703
170.365829467773
175
179.549285888672
184.006134033203
188.364044189453
192.617614746094
196.76220703125
200.793884277344
204.708953857422
208.504196166992
212.176040649414
215.720748901367
219.134536743164
222.41291809082
225.55158996582
228.546661376953
231.394836425781
234.093292236328
236.638717651367
239.027587890625
241.256210327148
243.320388793945
245.215270996094
246.935943603516
248.477127075195
249.833404541016
251
251.972763061523
252.749389648438
253.328826904297
253.710479736328
253.894332885742
253.880599975586
253.669418334961
253.261352539062
252.656646728516
251.855697631836
250.859252929688
249.66813659668
248.283889770508
246.709228515625
244.948181152344
243.005264282227
240.884582519531
238.590423583984
236.126708984375
233.497512817383
230.706237792969
227.756774902344
224.652969360352
221.399063110352
218
214.46142578125
210.790222167969
206.993957519531
203.079833984375
199.055114746094
194.9267578125
190.701248168945
186.384979248047
181.983978271484
177.50422668457
172.951736450195
168.332580566406
163.653091430664
158.919692993164
154.138977050781
149.317321777344
144.460342407227
139.573577880859
134.662292480469
129.731796264648
124.787452697754
119.835304260254
114.881729125977
109.933967590332
105
100.088317871094
95.2076110839844
90.366584777832
85.5738906860352
80.8381118774414
76.167839050293
71.571533203125
67.0578231811523
62.6353225708008
58.312744140625
54.0987777709961
50.0019073486328
46.030387878418
42.1912956237793
38.4904747009277
34.9329414367676
31.5229320526123
28.2642612457275
25.1604480743408
22.2150135040283
19.4315814971924
16.8140716552734
14.366662979126
12.0937814712524
10
8.08949565887451
6.36524820327759
4.82960844039917
3.48467421531677
2.33236575126648
1.37453198432922
0.61297744512558
0.0494581125676632
-0.314395606517792
-0.477209717035294
-0.438037604093552
-0.19652795791626
0.246815428137779
0.889854729175568
1.72889292240143
2.75963568687439
3.97755575180054
5.37815475463867
6.95719718933105
8.71087646484375
10.6358957290649
12.7294864654541
14.9893321990967
17.4134330749512
20
22.7470149993896
25.6517028808594
28.7111797332764
31.9228477478027
35.2843437194824
38.7934646606445
42.4479446411133
46.2453231811523
50.1826095581055
54.2559852600098
58.4606323242188
62.7904319763184
67.2379455566406
71.7941360473633
76.4486999511719
81.1907730102539
86.0092468261719
90.8928375244141
95.8304901123047
100.811264038086
105.82445526123
110.859756469727
115.907112121582
120.956909179688
126
131.027877807617
136.032867431641
141.008377075195
145.94905090332
150.850494384766
155.708923339844
160.521179199219
165.284149169922
169.994323730469
174.647735595703
179.239776611328
183.764709472656
188.216033935547
192.586776733398
196.869583129883
201.057144165039
205.141174316406
209.113327026367
212.964599609375
216.685897827148
220.267303466797
223.699203491211
226.971527099609
230.074813842773
233
235.739151000977
238.286407470703
240.637603759766
242.789810180664
244.741333007812
246.491500854492
248.040313720703
249.388381958008
250.536605834961
251.486129760742
252.238433837891
252.794799804688
253.156890869141
253.326995849609
253.308135986328
253.10334777832
252.714645385742
252.143692016602
251.390975952148
250.45654296875
249.339019775391
248.036865234375
246.547805786133
244.869522094727
243
240.937789916992
238.682998657227
236.236541748047
233.600036621094
230.775527954102
227.765731811523
224.573974609375
221.204376220703
217.662002563477
213.952774047852
210.083999633789
206.063812255859
201.90202331543
197.609359741211
193.19775390625
188.679412841797
184.066101074219
179.369384765625
174.600173950195
169.76887512207
164.885131835938
159.958068847656
154.996215820312
150.007598876953
145
139.980422973633
134.95556640625
129.931045532227
124.91185760498
119.901977539062
114.90502166748
109.924285888672
104.963188171387
100.02547454834
95.1155853271484
90.2388763427734
85.4015655517578
80.611083984375
75.8752517700195
71.2023468017578
66.6010360717773
62.0802574157715
57.6493797302246
53.3180694580078
49.0964126586914
44.9947319030762
41.0236701965332
37.1938705444336
33.5159111022949
30
26.6553916931152
23.489673614502
20.5089454650879
17.7180881500244
15.1208381652832
12.7199974060059
10.5176057815552
8.5151309967041
6.71363306045532
5.11387491226196
3.71638059616089
2.52145886421204
1.52913069725037
0.738479673862457
0.147745922207832
-0.244939982891083
-0.441260665655136
-0.442536383867264
-0.24960108101368
0.137259960174561
0.718296766281128
1.49417841434479
2.4658260345459
3.63418173789978
5
6.56334829330444
8.32298564910889
10.2769680023193
12.4230451583862
14.7587337493896
17.2813377380371
19.9879455566406
22.8754062652588
25.9401969909668
29.1783180236816
32.5851821899414
36.1554527282715
39.8830184936523
43.760627746582
47.7801361083984
51.9333038330078
56.211856842041
60.6077079772949
65.1129150390625
69.7197265625
74.4203338623047
79.2069091796875
84.0713577270508
89.0052871704102
94
99.0463638305664
104.13500213623
109.25675201416
114.402786254883
119.564804077148
124.734825134277
129.905059814453
135.068023681641
140.215972900391
145.341079711914
150.435302734375
155.490097045898
160.496826171875
165.446838378906
170.33186340332
175.14421081543
179.876312255859
184.521041870117
189.071472167969
193.520782470703
197.861923217773
202.087860107422
206.191162109375
210.164413452148
214
217.690643310547
221.229873657227
224.611953735352
227.831756591797
230.884353637695
233.765289306641
236.47004699707
238.994354248047
241.333724975586
243.483596801758
245.439544677734
247.196990966797
248.751907348633
250.101058959961
251.242279052734
252.174209594727
252.895446777344
253.405166625977
253.702423095703
253.786804199219
253.657424926758
253.314086914062
252.756469726562
251.984848022461
251
249.803482055664
248.398254394531
246.788009643555
244.976684570312
242.968139648438
240.766448974609
238.375305175781
235.798400878906
233.03923034668
230.101348876953
226.988555908203
223.704681396484
220.254272460938
216.642379760742
212.874923706055
208.957992553711
204.897369384766
200.698959350586
196.368728637695
191.912979125977
187.338012695312
182.651062011719
177.859817504883
172.972915649414
168
162.951477050781
157.838577270508
152.672744750977
147.465362548828
142.227401733398
136.969665527344
131.70246887207
126.435859680176
121.179611206055
115.943252563477
110.736106872559
105.567245483398
100.445587158203
95.3792724609375
90.3756942749023
85.4414138793945
80.5820922851562
75.8028259277344
71.1083221435547
66.5031585693359
61.9920616149902
57.5801887512207
53.2732124328613
49.0774688720703
45
41.0481834411621
37.2292594909668
33.550407409668
30.0188694000244
26.6419353485107
23.4270076751709
20.3815879821777
17.5132923126221
14.8297815322876
12.338659286499
10.0473175048828
7.96273517608643
6.09121704101562
4.43762636184692
3.00529193878174
1.79643821716309
0.812377691268921
0.0536587722599506
-0.479777127504349
-0.7884521484375
-0.873226523399353
-0.735234618186951
-0.375873267650604
0.203189194202423
1
2.0120313167572
3.23578524589539
4.66741037368774
6.3031439781189
8.13942813873291
10.1729736328125
12.4007835388184
14.8200778961182
17.4281692504883
20.2222690582275
23.1993103027344
26.355770111084
29.6874294281006
33.189079284668
36.8545036315918
40.6772689819336
44.650691986084
48.7679595947266
53.022144317627
57.4061660766602
61.9125900268555
66.5336761474609
71.2612152099609
76.0864028930664
81
85.9921569824219
91.0526657104492
96.1714324951172
101.338760375977
106.545463562012
111.782783508301
117.042289733887
122.315841674805
127.595329284668
132.87255859375
138.139175415039
143.38639831543
148.605407714844
153.787185668945
158.922927856445
164.004592895508
169.023941040039
173.973342895508
178.845199584961
183.631927490234
188.325469970703
192.917846679688
197.400390625
201.764205932617
206
210.098602294922
214.051376342773
217.850280761719
221.487854003906
224.95703125
228.251327514648
231.364456176758
234.290573120117
237.024063110352
239.559494018555
241.892013549805
244.016754150391
245.929870605469
247.628387451172
249.110549926758
250.375717163086
251.423309326172
252.253433227539
252.866287231445
253.262359619141
253.441818237305
253.405136108398
253.152359008789
252.683822631836
252
251.101638793945
249.990341186523
248.668228149414
247.137283325195
245.399566650391
243.457077026367
241.311752319336
238.9658203125
236.421508789062
233.681625366211
230.749526977539
227.629196166992
224.325714111328
220.845077514648
217.194351196289
213.381149291992
209.412887573242
205.297164916992
201.041610717773
196.65380859375
192.141174316406
187.511611938477
182.772735595703
177.932693481445
173
167.983276367188
162.891525268555
157.733474731445
152.517639160156
147.252014160156
141.944488525391
136.602905273438
131.235260009766
125.849952697754
120.456024169922
115.063346862793
109.68244934082
104.324829101562
99.002311706543
93.7268371582031
88.5103302001953
83.3642120361328
78.2997131347656
73.3276672363281
68.4585723876953
63.7025527954102
59.0694618225098
54.5687141418457
50.2093849182129
46
41.9482192993164
38.0603790283203
34.3416023254395
30.7959499359131
27.4265556335449
24.2359256744385
21.2261352539062
18.3991260528564
15.7569046020508
13.3017139434814
11.036150932312
8.96320247650146
7.08617830276489
5.40817642211914
3.93206644058228
2.66079497337341
1.59750604629517
0.745556354522705
0.108499094843864
-0.309965014457703
-0.506078898906708
-0.476194530725479
-0.216972306370735
0.274397373199463
1
1.96077489852905
3.15608429908752
4.58412075042725
6.24225759506226
8.12713241577148
10.2347469329834
12.5605411529541
15.0994539260864
17.8459053039551
20.7937831878662
23.9364814758301
27.2668361663818
30.7771396636963
34.459056854248
38.3037643432617
42.3027267456055
46.4477462768555
50.7311096191406
55.1455497741699
59.6841812133789
64.340202331543
69.1069412231445
73.9774475097656
78.9443817138672
84
89.135871887207
94.3431243896484
99.6126861572266
104.935516357422
110.302619934082
115.704933166504
121.133201599121
126.577911376953
132.029052734375
137.475921630859
142.907501220703
148.311859130859
153.6767578125
158.989837646484
164.239059448242
169.412963867188
174.500717163086
179.492156982422
184.377807617188
189.148895263672
193.796737670898
198.313430786133
202.691131591797
206.922393798828
211
214.917266845703
218.668502807617
222.248748779297
225.653671264648
228.879547119141
231.9228515625
234.780120849609
237.447937011719
239.922485351562
242.199722290039
244.275253295898
246.144348144531
247.802276611328
249.244598388672
250.467407226562
251.467330932617
252.240936279297
252.785110473633
253.097213745117
253.174926757812
253.016128540039
252.619567871094
251.984420776367
251.110855102539
250
248.654113769531
247.077011108398
245.273468017578
243.249008178711
241.009384155273
238.56086730957
235.909744262695
233.062576293945
230.025863647461
226.806045532227
223.410003662109
219.844284057617
216.11589050293
212.231781005859
208.19905090332
204.024459838867
199.71403503418
195.273406982422
190.70783996582
186.022537231445
181.222579956055
176.313705444336
171.30207824707
166.194808959961
161
155.726760864258
150.385223388672
144.985885620117
139.539733886719
134.057861328125
128.551635742188
123.032691955566
117.51294708252
112.004669189453
106.520393371582
101.073081970215
95.6757583618164
90.3416366577148
85.0833740234375
79.9128799438477
74.8411560058594
69.8780288696289
65.0322952270508
60.3119277954102
55.7242164611816
51.2757682800293
46.9730072021484
42.8220748901367
38.8290328979492
35
31.340763092041
27.8566398620605
24.5524635314941
21.4327907562256
18.5019950866699
15.7644052505493
13.2244110107422
10.8865852355957
8.75569152832031
6.83671188354492
5.13476419448853
3.65499067306519
2.40236020088196
1.38113045692444
0.594744443893433
0.0460391417145729
-0.262679785490036
-0.329637467861176
-0.153602212667465
0.266119092702866
0.929641604423523
1.83644461631775
2.98528003692627
4.37409687042236
6
7.85903787612915
9.94605445861816
12.2551298141479
14.7799816131592
17.5140743255615
20.4507427215576
23.58323097229
26.9047317504883
30.4083061218262
34.0868530273438
37.9330635070801
41.9393081665039
46.0976982116699
50.3999519348145
54.8375930786133
59.4025497436523
64.087028503418
68.8837051391602
73.7855453491211
78.7855911254883
83.8768081665039
89.0519714355469
94.3032684326172
99.6223068237305
105
110.426582336426
115.891807556152
121.38525390625
126.89656829834
132.415588378906
137.932083129883
143.435836791992
148.91650390625
154.36344909668
159.765594482422
165.111724853516
170.389999389648
175.588531494141
180.695541381836
185.69953918457
190.590118408203
195.35710144043
199.991165161133
204.483413696289
208.825607299805
213.009292602539
217.026580810547
220.869415283203
224.529800415039
228
231.272415161133
234.340301513672
237.197616577148
239.8388671875
242.259323120117
244.454544067383
246.420593261719
248.154067993164
249.651779174805
250.910766601562
251.928863525391
252.703979492188
253.234893798828
253.52116394043
253.563369750977
253.363006591797
252.921463012695
252.240905761719
251.323547363281
250.17204284668
248.788879394531
247.176986694336
245.339202880859
243.278991699219
241
238.506225585938
235.802398681641
232.893447875977
229.784255981445
226.479721069336
222.98469543457
219.304122924805
215.443176269531
211.407302856445
207.202682495117
202.83625793457
198.315505981445
193.649215698242
188.846649169922
183.91796875
178.873672485352
173.723907470703
168.479125976562
163.149719238281
157.746185302734
152.279083251953
146.759506225586
141.198593139648
135.608047485352
130
124.386627197266
118.780143737793
113.192253112793
107.634140014648
102.116287231445
96.6487808227539
91.2412261962891
85.9031143188477
80.6439361572266
75.4733505249023
70.4012451171875
65.4377212524414
60.593318939209
55.8781509399414
51.3020668029785
46.8743896484375
42.6037902832031
38.4985084533691
34.5662803649902
30.8144874572754
27.2501564025879
23.8801231384277
20.7109317779541
17.7488956451416
15
12.469630241394
10.162257194519
8.0814962387085
6.23028659820557
4.61094903945923
3.22533202171326
2.0749249458313
1.16097068786621
0.484542220830917
0.0465805530548096
-0.152095481753349
-0.110800206661224
0.170914500951767
0.692984104156494
1.45483243465424
2.45567846298218
3.69463634490967
5.17069625854492
6.8827018737793
8.82926654815674
11.0086660385132
13.4186983108521
16.0565071105957
18.9184474945068
22
25.2955684661865
28.7984828948975
32.5013084411621
36.3962173461914
40.4749870300293
44.7290802001953
49.1496124267578
53.7273597717285
58.4526023864746
63.3151168823242
68.3041534423828
73.4083786010742
78.6159362792969
83.9146957397461
89.2923812866211
94.7372360229492
100.237892150879
105.783508300781
111.363708496094
116.968406677246
122.587448120117
128.210739135742
133.827850341797
139.427947998047
145
150.53254699707
156.014236450195
161.434066772461
166.781677246094
172.047088623047
177.220779418945
182.293685913086
187.256912231445
192.101745605469
196.819442749023
201.401321411133
205.838424682617
210.122177124023
214.244064331055
218.196319580078
221.97200012207
225.564178466797
228.966857910156
232.174102783203
235.180526733398
237.980239868164
240.567810058594
242.937454223633
245.083404541016
247
248.681655883789
250.123428344727
251.320953369141
252.270370483398
252.968276977539
253.411758422852
253.598526000977
253.52702331543
253.19612121582
252.60563659668
251.756195068359
250.649261474609
249.28742980957
247.674438476562
245.814956665039
243.714553833008
241.378967285156
238.814361572266
236.027069091797
233.023727416992
229.810668945312
226.39485168457
222.783020019531
218.982284545898
215
210.843734741211
206.521270751953
202.040313720703
197.408325195312
192.632400512695
187.719680786133
182.677307128906
177.512802124023
172.234252929688
166.850601196289
161.371856689453
155.809051513672
150.174652099609
144.48176574707
138.74430847168
132.976547241211
127.192481994629
121.406242370605
115.631820678711
109.883079528809
104.173683166504
98.5173110961914
92.927375793457
87.4172668457031
82
76.6880264282227
71.4929122924805
66.4249801635742
61.4933662414551
56.7059173583984
52.0695381164551
47.5902442932129
43.2735557556152
39.1246490478516
35.1486358642578
31.3507671356201
27.7364864349365
24.3115482330322
21.0816173553467
18.0523071289062
15.2291374206543
12.6175765991211
10.2231063842773
8.05121612548828
6.10743236541748
4.39728784561157
2.92628335952759
1.69975590705872
0.722774147987366
0
-0.464637458324432
-0.668183982372284
-0.608628153800964
-0.284745931625366
0.303885251283646
1.15691816806793
2.27326464653015
3.65109610557556
5.28784227371216
7.18015098571777
9.32389640808105
11.7141666412354
14.3452405929565
17.2105712890625
20.302921295166
23.6148223876953
27.1386737823486
30.8668193817139
34.7915153503418
38.9048767089844
43.1987380981445
47.6645584106445
52.2932777404785
57.0751953125
62
67.0566787719727
72.2337646484375
77.519645690918
82.9028854370117
88.3721771240234
93.9164581298828
99.5246124267578
105.185516357422
110.88786315918
116.619956970215
122.369728088379
128.124633789062
133.871826171875
139.598419189453
145.291610717773
150.939498901367
156.530502319336
162.053817749023
167.499252319336
172.85710144043
178.11767578125
183.271697998047
188.309768676758
193.222290039062
198
202.633316040039
207.113220214844
211.431274414062
215.579528808594
219.550628662109
223.337509155273
226.933486938477
230.331848144531
233.52604675293
236.509307861328
239.274932861328
241.815872192383
244.125427246094
246.197052001953
248.024673461914
249.603103637695
250.927276611328
251.99299621582
252.796630859375
253.335250854492
253.606460571289
253.608840942383
253.341567993164
252.804901123047
252
250.928955078125
249.595062255859
248.002471923828
246.155776977539
244.060134887695
241.721054077148
239.144256591797
236.335693359375
233.301498413086
230.048080444336
226.582183837891
222.910598754883
219.040756225586
214.980270385742
210.736801147461
206.318298339844
201.732070922852
196.985794067383
192.087112426758
187.044174194336
181.865463256836
176.560607910156
171.140060424805
165.615539550781
160
154.307342529297
148.552352905273
142.750045776367
136.915420532227
131.063171386719
125.20777130127
119.363182067871
113.543075561523
107.760566711426
102.028549194336
96.3594512939453
90.7652969360352
85.2577056884766
79.8473587036133
74.544075012207
69.356575012207
64.2924194335938
59.3584289550781
54.560863494873
49.9057731628418
45.3992462158203
41.0478553771973
36.8587379455566
32.8398513793945
29
25.3486289978027
21.895580291748
18.6508502960205
15.6244792938232
12.8263807296753
10.2662410736084
7.95334005355835
5.8964204788208
4.10350847244263
2.5817334651947
1.3371297121048
0.374480962753296
-0.30289688706398
-0.693417608737946
-0.797249853610992
-0.616158664226532
-0.153300479054451
0.586935043334961
1.59911775588989
2.87700009346008
4.41371822357178
6.20198011398315
8.23422050476074
10.5027647018433
13
15.7184057235718
18.6507358551025
21.7902698516846
25.1310653686523
28.6679172515869
32.396240234375
36.3118667602539
40.4108428955078
44.6890144348145
49.1417808532715
53.7638130187988
58.5487518310547
63.489070892334
68.5761337280273
73.8001861572266
79.1509017944336
84.6172409057617
90.1876754760742
95.8500747680664
101.591751098633
107.399284362793
113.258743286133
119.15552520752
125.074424743652
131
136.916519165039
142.80859375
148.661499023438
154.46159362793
160.19596862793
165.852935791016
171.421234130859
176.890380859375
182.250152587891
187.490295410156
192.600708007812
197.57080078125
202.390151977539
207.048126220703
211.534454345703
215.839431762695
219.953552246094
223.867904663086
227.573913574219
231.063583374023
234.328765869141
237.362152099609
240.156311035156
242.704360961914
245
247.037353515625
248.811569213867
250.318649291992
251.55549621582
252.519775390625
253.209976196289
253.625106811523
253.764877319336
253.629348754883
253.219085693359
252.53532409668
251.579376220703
250.353439331055
248.86003112793
247.102294921875
245.083999633789
242.808883666992
240.281158447266
237.505676269531
234.487731933594
231.233108520508
227.748825073242
224.042526245117
220.122940063477
216
211.684417724609
207.187744140625
202.521911621094
197.698959350586
192.730712890625
187.628952026367
182.405227661133
177.070922851562
171.637283325195
166.115570068359
160.51708984375
154.85302734375
149.134872436523
143.373641967773
137.580215454102
131.764892578125
125.937118530273
120.106170654297
114.280967712402
108.470672607422
102.684623718262
96.9330291748047
91.2268524169922
85.5781173706055
80
74.5064544677734
69.1120071411133
63.8314170837402
58.6793212890625
53.670093536377
48.8178405761719
44.1362342834473
39.6384925842285
35.3373222351074
31.2448577880859
27.3725605010986
23.7310848236084
20.330150604248
17.1781578063965
14.2820806503296
11.6473569869995
9.27794742584229
7.17651414871216
5.34453582763672
3.78255224227905
2.49035429954529
1.46721172332764
0.712006807327271
0.223409682512283
0
0.0402333736419678
0.34251081943512
0.905249357223511
1.72705435752869
2.80670928955078
4.14314985275269
5.73537588119507
7.58234262466431
9.68277835845947
12.0349760055542
14.6366539001465
17.4847469329834
20.5752716064453
23.9032707214355
27.4628314971924
31.2473640441895
35.2496299743652
39.461727142334
43.8750610351562
48.480339050293
53.2673797607422
58.225212097168
63.341911315918
68.6046981811523
74
79.5136032104492
85.1310119628906
90.8378219604492
96.6200866699219
102.464424133301
108.35782623291
114.287689208984
120.241729736328
126.207649230957
132.172958374023
138.125061035156
144.051010131836
149.937469482422
155.771072387695
161.538619995117
167.227584838867
172.825790405273
178.321487426758
183.703536987305
188.961090087891
194.083129882812
199.059066772461
203.877822875977
208.528472900391
213
217.281356811523
221.362030029297
225.232055664062
228.882202148438
232.304016113281
235.489715576172
238.432144165039
241.124908447266
243.561859130859
245.737319946289
247.646362304688
249.284164428711
250.646591186523
251.730194091797
252.532241821289
253.050964355469
253.284973144531
253.233917236328
252.897888183594
252.277969360352
251.375579833984
250.19319152832
248.733764648438
247.001129150391
245
242.735641479492
240.214126586914
237.441925048828
234.425903320312
231.172973632812
227.690399169922
223.98551940918
220.066055297852
215.939956665039
211.615829467773
207.102783203125
202.410278320312
197.548797607422
192.528900146484
187.361633300781
182.057998657227
176.628631591797
171.084289550781
165.435791015625
159.693923950195
153.869964599609
147.97575378418
142.023696899414
136.027130126953
130
123.957038879395
117.913215637207
111.883445739746
105.88240814209
99.9244155883789
94.0234146118164
88.1931533813477
82.4472808837891
76.7992706298828
71.2627944946289
65.8516311645508
60.5795478820801
55.4603691101074
50.5075035095215
45.733772277832
41.1510543823242
36.7701835632324
32.6010551452637
28.6525821685791
24.9328479766846
21.4491443634033
18.2081775665283
15.2160215377808
12.4782619476318
10
7.7856969833374
5.83916044235229
4.16342544555664
2.76086711883545
1.63323771953583
0.781769752502441
0.207247957587242
-0.089914932847023
-0.109635010361671
0.147853225469589
0.682005882263184
1.49196207523346
2.57646656036377
3.93384718894958
5.56200647354126
7.45854043960571
9.62075996398926
12.0456237792969
14.7296733856201
17.6689167022705
20.858699798584
24.2935791015625
27.9671783447266
31.8721237182617
36
40.341365814209
44.8859786987305
49.6230430603027
54.5414848327637
59.6300468444824
64.8772201538086
70.2712707519531
75.8001556396484
81.4513549804688
87.211799621582
93.0678939819336
99.0053482055664
105.009422302246
111.065010070801
117.156982421875
123.27075958252
129.392013549805
135.506912231445
141.602020263672
147.664001464844
153.679458618164
159.634902954102
165.516387939453
171.309585571289
177
182.572647094727
188.012878417969
193.306396484375
198.439804077148
203.400207519531
208.175811767578
212.755325317383
217.128356933594
221.284973144531
225.215835571289
228.912368774414
232.366317749023
235.570327758789
238.517623901367
241.202514648438
243.62060546875
245.767974853516
247.641952514648
249.240509033203
250.562423706055
251.606506347656
252.37255859375
252.860122680664
253.069198608398
253
252.652801513672
252.028106689453
251.126541137695
249.948959350586
248.496109008789
246.769134521484
244.769165039062
242.498001098633
239.957824707031
237.151611328125
234.083251953125
230.757522583008
227.180465698242
223.359130859375
219.30143737793
215.016311645508
210.513061523438
205.801651000977
200.892944335938
195.798446655273
190.530303955078
185.101898193359
179.52717590332
173.821228027344
168
162.07991027832
156.077713012695
150.01008605957
143.893112182617
137.742324829102
131.572845458984
125.399131774902
119.23551940918
113.095962524414
106.994491577148
100.945182800293
94.9621658325195
89.0597381591797
83.2518463134766
77.552116394043
71.9733963012695
66.5276641845703
61.226146697998
56.0794868469238
51.0977973937988
46.290771484375
41.6680335998535
37.239013671875
33.0131759643555
29
25.2087688446045
21.6484889984131
18.3276062011719
15.2539691925049
12.4348239898682
9.87685585021973
7.58622360229492
5.56863212585449
3.82936120033264
2.3732762336731
1.20481407642365
0.327963411808014
-0.253846943378448
-0.537861585617065
-0.522057354450226
-0.205187246203423
0.413257956504822
1.33300173282623
2.55294156074524
4.07111501693726
5.88465356826782
7.9897141456604
10.3814249038696
13.0538444519043
16
19.2118549346924
22.6805629730225
26.3966178894043
30.3501281738281
34.530876159668
38.9283294677734
43.5316047668457
48.329460144043
53.3101768493652
58.4614562988281
63.7704391479492
69.2236709594727
74.8071136474609
80.5065231323242
86.3075942993164
92.1963958740234
98.1594543457031
104.183692932129
110.25643157959
116.365188598633
122.497299194336
128.640182495117
134.780685424805
140.9052734375
147
153.050384521484
159.042007446289
164.960525512695
170.792129516602
176.523300170898
182.140991210938
187.632232666016
192.984283447266
198.184417724609
203.21955871582
208.076782226562
212.742813110352
217.204498291016
221.449005126953
225.463912963867
229.23811340332
232.760955810547
236.023284912109
239.016784667969
241.734405517578
244.169769287109
246.317886352539
248.174331665039
249.735794067383
251
251.965362548828
252.631378173828
252.99836730957
253.067489624023
252.840530395508
252.31999206543
251.508453369141
250.409149169922
249.025573730469
247.361419677734
245.420623779297
243.207366943359
240.726226806641
237.981857299805
234.979049682617
231.723007202148
228.218505859375
224.470825195312
220.485595703125
216.269104003906
211.828125
207.170852661133
202.306442260742
197.245452880859
192
186.583389282227
181.010055541992
175.295135498047
169.454177856445
163.5029296875
157.457427978516
151.333892822266
145.148635864258
138.918197631836
132.659408569336
126.389228820801
120.124755859375
113.883071899414
107.680892944336
101.53426361084
95.4582977294922
89.466796875
83.57275390625
77.7880935668945
72.1243209838867
66.5922546386719
61.2028656005859
55.966911315918
50.8955001831055
46
41.2918930053711
36.7827110290527
32.4836616516113
28.4055728912354
24.5587711334229
20.9531421661377
17.5981044769287
14.5026044845581
11.6751308441162
9.12368011474609
6.8557014465332
4.87802505493164
3.19674181938171
1.81701850891113
0.743022739887238
-0.0221938174217939
-0.476626634597778
-0.619306147098541
-0.450251013040543
0.0295990966260433
0.818445384502411
1.91367304325104
3.31188416481018
5.00893068313599
7
9.27958393096924
11.8416881561279
14.6799192428589
17.7876529693604
21.1580371856689
24.7839317321777
28.6578216552734
32.7716941833496
37.1168518066406
41.683765411377
46.4619750976562
51.4399719238281
56.6051979064941
61.9442672729492
67.4431381225586
73.0875778198242
78.8631210327148
84.7552337646484
90.7492828369141
96.8304290771484
102.983505249023
109.19310760498
115.443290710449
121.717803955078
128
134.273101806641
140.520538330078
146.726272583008
152.875259399414
158.953155517578
164.946716308594
170.843048095703
176.630081176758
182.295913696289
187.828567504883
193.216415405273
198.447219848633
203.508987426758
208.389755249023
213.077926635742
217.562591552734
221.832611083984
225.877197265625
229.685760498047
233.247756958008
236.552536010742
239.58984375
242.349655151367
244.82258605957
247
248.874664306641
250.441207885742
251.696075439453
252.636993408203
253.262893676758
253.573806762695
253.570297241211
253.253662109375
252.625366210938
251.687164306641
250.441253662109
248.8896484375
247.03498840332
244.880569458008
242.430603027344
239.689880371094
236.663116455078
233.35563659668
229.773483276367
225.923706054688
221.814178466797
217.454711914062
212.856597900391
208.033187866211
203
197.774398803711
192.375778198242
186.824356079102
181.140747070312
175.345062255859
169.45671081543
163.493728637695
157.472534179688
151.407669067383
145.311645507812
139.195114135742
133.066528320312
126.932945251465
120.799629211426
114.670829772949
108.550010681152
102.440315246582
96.3458709716797
90.2724380493164
84.228401184082
78.2253723144531
72.2790679931641
66.4093551635742
60.6403350830078
55
49.5193023681641
44.2307815551758
39.1674385070801
34.3615913391113
29.8435382843018
25.6403980255127
21.7748908996582
18.2644138336182
15.1201276779175
12.3464574813843
9.94083690643311
7.89378643035889
6.18938446044922
4.80565500259399
3.71594429016113
2.89108443260193
2.30153775215149
1.91959059238434
1.72153913974762
1.68968212604523
1.8140424489975
2.09363603591919
2.5371949672699
3.16331958770752
4
5.0832347869873
6.45493221282959
8.16121959686279
10.2501411437988
12.7687635421753
15.7601022720337
19.2599296569824
23.2937088012695
27.8737525939941
32.9968147277832
38.6423454284668
44.7713928222656
51.3265151977539
58.2323799133301
65.3977661132812
72.7187957763672
80.082160949707
87.3690338134766
94.459114074707
101.235054016113
107.586357116699
113.41381072998
118.632835388184
123.176910400391
127
130.078155517578
132.410461425781
134.018768310547
134.946212768555
135.255004882812
135.023391723633
134.341735839844
133.308654785156
132.026626586914
130.597595214844
129.119079589844
127.68000793457
126.357788085938
125.215179443359
124.298629760742
123.637817382812
123.245429992676
123.118309020996
123.238952636719
123.577796936035
124.095481872559
124.746200561523
125.480323791504
126.247619628906
127
127.693786621094
128.29150390625
128.764129638672
129.092208862305
129.266525268555
129.287826538086
129.166107177734
128.919418334961
128.572235107422
128.153518676758
127.694725036621
127.227355957031
126.78148651123
126.383071899414
126.052848815918
125.805870056152
125.650833129883
125.590370178223
125.62109375
125.734519958496
125.917579650879
126.154205322266
126.426094055176
126.714218139648
127
127.266075134277
127.497200012207
127.681304931641
127.810043334961
127.879241943359
127.888763427734
127.842163085938
127.746520996094
127.611396789551
127.448303222656
127.269721984863
127.088119506836
126.915458679199
126.76203918457
126.63614654541
126.543724060059
126.48787689209
126.469146728516
126.485549926758
126.533027648926
126.605545043945
126.696189880371
126.797172546387
126.900817871094
127
127.088523864746
127.161964416504
127.217391967773
127.25333404541
127.26976776123
127.267860412598
127.249610900879
127.218002319336
127.176239013672
127.127853393555
127.076316833496
127.024795532227
126.976264953613
126.933456420898
126.898994445801
126.874740600586
126.861503601074
126.85920715332
126.866928100586
126.883003234863
126.90495300293
126.930305480957
126.956230163574
126.98014831543
127
127.014289855957
127.022895812988
127.026443481445
127.025886535645
127.022529602051
127.017646789551
127.012321472168
127.007553100586
127.003860473633
127.001480102539
127.000343322754
127
127.000007629395
127.000015258789
126.999992370605
127.000015258789
127.000007629395
127
126.999969482422
127.000022888184
126.999984741211
127.000022888184
127.000007629395
126.999984741211
127
127.000007629395
127.000007629395
127.000015258789
126.999992370605
126.999992370605
127.000038146973
126.999992370605
127.000015258789
127
126.999984741211
127.000007629395
126.999984741211
127.000007629395
127.000015258789
126.999992370605
127.000015258789
127.000007629395
127
126.999969482422
127.000022888184
126.999984741211
127.000022888184
127.000007629395
126.999984741211
127
127.000007629395
127.000007629395
127.000015258789
126.999992370605
126.999992370605
127.000038146973
126.999992370605
127.000015258789
127
126.999984741211
127.000007629395
126.999984741211
127.000007629395
127.000015258789
126.999992370605
127.000015258789
127.000007629395
127
126.999969482422
127.000022888184
126.999984741211
127.000022888184
127.000007629395
126.999984741211
127
127.000007629395
127.000007629395
127.000015258789
126.999992370605
126.999992370605
127.000038146973
126.999992370605
127.000015258789
127
126.999984741211
127.000007629395
126.999984741211
127.000007629395
127.000015258789
126.999992370605
127.000015258789
127.000007629395
127
126.999969482422
127.000022888184
126.999984741211
127.000022888184
127.000007629395
126.999984741211
127
127.000007629395
127.000007629395
127.000015258789
126.999992370605
126.999992370605
127.000038146973
126.999992370605
127.000015258789
127
126.999984741211
127.000007629395
126.999984741211
127.000007629395
127.000015258789
126.999992370605
127.000015258789
127.000007629395
127
126.999969482422
127.000022888184
126.999984741211
127.000022888184
127.000007629395
126.999984741211
127
127.000007629395
127.000007629395
127.000015258789
126.999992370605
126.999992370605
127.000038146973
126.999992370605
127.000015258789
127
126.999984741211
127.000007629395
126.999984741211
127.000007629395
127.000015258789
126.999992370605
127.000015258789
127.000007629395
127
126.999969482422
127.000022888184
126.999984741211
127.000022888184
127.000007629395
126.999984741211
127
127.000007629395
127.000007629395
127.000015258789
126.999992370605
126.999992370605
127.000038146973
126.999992370605
127.000015258789
127
126.999984741211
127.000007629395
126.999984741211
127.000007629395
127.000015258789
126.999992370605
127.000015258789
127.000007629395
127
126.999969482422
127.000022888184
126.999984741211
127.000022888184
127.000007629395
126.999984741211
127
127.000007629395
127.000007629395
127.000015258789
126.999992370605
126.999992370605
127.000038146973
126.999992370605
127.000015258789
127
126.999984741211
127.000007629395
126.999984741211
127.000007629395
127.000015258789
126.999992370605
127.000015258789
127.000007629395
127
126.999969482422
127.000022888184
126.999984741211
127.000022888184
127.000007629395
126.999984741211
127
127.000007629395
127.000007629395
127.000015258789
126.999992370605
126.999992370605
127.000038146973
126.999992370605
127.000015258789
127
126.999984741211
127.000007629395
126.999984741211
127.000007629395
127.000015258789
126.999992370605
127.000015258789
127.000007629395
127
126.999969482422
127.000022888184
126.999984741211
127.000022888184
127.000007629395
126.999984741211
127
127.000007629395
127.000007629395
127.000015258789
126.999992370605
126.999992370605
127.000038146973
126.999992370605
127.000015258789
127
126.999984741211
127.000007629395
126.999984741211
127.000007629395
127.000015258789
126.999992370605
127.000015258789
127.000007629395
127
126.999969482422
127.000022888184
126.999984741211
127.000022888184
127.000007629395
126.999984741211
127
127.000007629395
127.000007629395
127.000015258789
126.999992370605
126.999992370605
127.000038146973
126.999992370605
127.000015258789
127
126.999984741211
127.000007629395
126.999984741211
127.000007629395
127.000015258789
126.999992370605
127.000015258789
127.000007629395
127
126.999969482422
127.000022888184
126.999984741211
127.000022888184
127.000007629395
126.999984741211
127
127.000007629395
127.000007629395
127.000015258789
126.999992370605
126.999992370605
127.000038146973
126.999992370605
127.000015258789
127
126.999984741211
127.000007629395
126.999984741211
127.000007629395
127.000015258789
126.999992370605
127.000015258789
127.000007629395
127
126.999969482422
127.000022888184
126.999984741211
127.000022888184
127.000007629395
126.999984741211
127
127.000007629395
127.000007629395
127.000015258789
126.999992370605
126.999992370605
127.000038146973
126.999992370605
127.000015258789
127
126.999984741211
127.000007629395
126.999984741211
127.000007629395
127.000015258789
126.999992370605
127.000015258789
127.000007629395
127
126.999969482422
127.000022888184
126.999984741211
127.000022888184
127.000007629395
126.999984741211
127
127.000007629395
127.000007629395
127.000015258789
126.999992370605
126.999992370605
127.000038146973
126.999992370605
127.000015258789
127
126.999984741211
127.000007629395
126.999984741211
127.000007629395
127.000015258789
126.999992370605
127.000015258789
127.000007629395
127
126.999969482422
127.000022888184
126.999984741211
127.000022888184
127.000007629395
126.999984741211
127
127.000007629395
127.000007629395
127.000015258789
126.999992370605
126.999992370605
127.000038146973
126.999992370605
127.000015258789
127
126.999984741211
127.000007629395
126.999984741211
127.000007629395
127.000015258789
126.999992370605
127.000015258789
127.000007629395
127
126.999969482422
127.000022888184
126.999984741211
127.000022888184
127.000007629395
126.999984741211
127
127.000007629395
127.000007629395
127.000015258789
126.999992370605
126.999992370605
127.000038146973
126.999992370605
127.000015258789
127
126.999984741211
127.000007629395
126.999984741211
127.000007629395
127.000015258789
126.999992370605
127.000015258789
127.000007629395
127
126.999969482422
127.000022888184
126.999984741211
127.000022888184
127.000007629395
126.999984741211
127
127.000007629395
127.000007629395
127.000015258789
126.999992370605
126.999992370605
127.000038146973
126.999992370605
127.000015258789
127
126.999984741211
127.000007629395
126.999984741211
127.000007629395
127.000015258789
126.999992370605
127.000015258789
127.000007629395
127
126.999969482422
127.000022888184
126.999984741211
127.000022888184
127.000007629395
126.999984741211
127
127.000007629395
127.000007629395
127.000015258789
126.999992370605
126.999992370605
127.000038146973
126.999992370605
127.000015258789
127
126.999984741211
127.000007629395
126.999984741211
127.000007629395
127.000015258789
126.999992370605
127.000015258789
127.000007629395
127
126.999969482422
127.000022888184
126.999984741211
127.000022888184
127.000007629395
126.999984741211
127
127.000007629395
127.000007629395
127.000015258789
126.999992370605
126.999992370605
127.000038146973
126.999992370605
127.000015258789
127
126.999984741211
127.000007629395
126.999984741211
127.000007629395
127.000015258789
126.999992370605
127.000015258789
127.000007629395
127
126.999969482422
127.000022888184
126.999984741211
127.000022888184
127.000007629395
126.999984741211
127
127.000007629395
127.000007629395
127.000015258789
126.999992370605
126.999992370605
127.000038146973
126.999992370605
127.000015258789
127
126.999984741211
127.000007629395
126.999984741211
127.000007629395
127.000015258789
126.999992370605
127.000015258789
127.000007629395
127
126.999969482422
127.000022888184
126.999984741211
127.000022888184
127.000007629395
126.999984741211
127
127.000007629395
127.000007629395
127.000015258789
126.999992370605
126.999992370605
127.000038146973
126.999992370605
127.000015258789
127
126.999984741211
127.000007629395
126.999984741211
127.000007629395
127.000015258789
126.999992370605
127.000015258789
127.000007629395
127
126.999969482422
127.000022888184
126.999984741211
127.000022888184
127.000007629395
126.999984741211
127
127.000007629395
127.000007629395
127.000015258789
126.999992370605
126.999992370605
127.000038146973
126.999992370605
127.000015258789
127
126.999984741211
127.000007629395
126.999984741211
127.000007629395
127.000015258789
126.999992370605
127.000015258789
127.000007629395
127
126.999969482422
127.000022888184
126.999984741211
127.000022888184
127.000007629395
126.999984741211
127
127.000007629395
127.000007629395
127.000015258789
126.999992370605
126.999992370605
127.000038146973
126.999992370605
127.000015258789
127
126.999984741211
127.000007629395
126.999984741211
127.000007629395
127.000015258789
126.999992370605
127.000015258789
127.000007629395
127
126.999969482422
127.000022888184
126.999984741211
127.000022888184
127.000007629395
126.999984741211
127
127.000007629395
127.000007629395
127.000015258789
126.999992370605
126.999992370605
127.000038146973
126.999992370605
127.000015258789
127
126.999984741211
127.000007629395
126.999984741211
127.000007629395
127.000015258789
126.999992370605
127.000015258789
127.000007629395
127
126.999969482422
127.000022888184
126.999984741211
127.000022888184
127.000007629395
126.999984741211
127
127.000007629395
127.000007629395
127.000015258789
126.999992370605
126.999992370605
127.000038146973
126.999992370605
127.000015258789
127
126.999984741211
127.000007629395
126.999984741211
127.000007629395
127.000015258789
126.999992370605
127.000015258789
127.000007629395
127
126.999969482422
127.000022888184
126.999984741211
127.000022888184
127.000007629395
126.999984741211
127
127.000007629395
127.000007629395
127.000015258789
126.999992370605
126.999992370605
127.000038146973
126.999992370605
127.000015258789
127
126.999984741211
127.000007629395
126.999984741211
127.000007629395
127.000015258789
126.999992370605
127.000015258789
127.000007629395
127
126.999969482422
127.000022888184
126.999984741211
127.000022888184
127.000007629395
126.999984741211
127
127.000007629395
127.000007629395
127.000015258789
126.999992370605
126.999992370605
127.000038146973
126.999992370605
127.000015258789
127
126.999984741211
127.000007629395
126.999984741211
127.000007629395
127.000015258789
126.999992370605
127.000015258789
127.000007629395
127
126.999969482422
127.000022888184
126.999984741211
127.000022888184
127.000007629395
126.999984741211
127
127.000007629395
127.000007629395
127.000015258789
126.999992370605
126.999992370605
127.000038146973
126.999992370605
127.000015258789
127
126.999984741211
127.000007629395
126.999984741211
127.000007629395
127.000015258789
126.999992370605
127.000015258789
127.000007629395
127
126.999969482422
127.000022888184
126.999984741211
127.000022888184
127.000007629395
126.999984741211
127
127.000007629395
127.000007629395
127.000015258789
126.999992370605
126.999992370605
127.000038146973
126.999992370605
127.000015258789
127
126.999984741211
127.000007629395
126.999984741211
127.000007629395
127.000015258789
126.999992370605
127.000015258789
127.000007629395
127
126.999969482422
127.000022888184
126.999984741211
127.000022888184
127.000007629395
126.999984741211
127
127.000007629395
127.000007629395
127.000015258789
126.999992370605
126.999992370605
127.000038146973
126.999992370605
127.000015258789
127
126.999984741211
127.000007629395
126.999984741211
127.000007629395
127.000015258789
126.999992370605
127.000015258789
127.000007629395
127
126.999969482422
127.000022888184
126.999984741211
127.000022888184
127.000007629395
126.999984741211
127
127.000007629395
127.000007629395
127.000015258789
126.999992370605
126.999992370605
127.000038146973
126.999992370605
127.000015258789
127
126.999984741211
127.000007629395
126.999984741211
127.000007629395
127.000015258789
126.999992370605
127.000015258789
127.000007629395
127
126.999969482422
127.000022888184
126.999984741211
127.000022888184
127.000007629395
126.999984741211
127
127.000007629395
127.000007629395
127.000015258789
126.999992370605
126.999992370605
127.000038146973
126.999992370605
127.000015258789
127
126.999984741211
127.000007629395
126.999984741211
127.000007629395
127.000015258789
126.999992370605
127.000015258789
127.000007629395
127
126.999969482422
127.000022888184
126.999984741211
127.000022888184
127.000007629395
126.999984741211
127
127.000007629395
127.000007629395
127.000015258789
126.999992370605
126.999992370605
127.000038146973
126.999992370605
127.000015258789
127
126.999984741211
127.000007629395
126.999984741211
127.000007629395
127.000015258789
126.999992370605
127.000015258789
127.000007629395
127
126.999969482422
127.000022888184
126.999984741211
127.000022888184
127.000007629395
126.999984741211
127
127.000007629395
127.000007629395
127.000015258789
126.999992370605
126.999992370605
127.000038146973
126.999992370605
127.000015258789
127
126.999984741211
127.000007629395
126.999984741211
127.000007629395
127.000015258789
126.999992370605
127.000015258789
127.000007629395
127
126.999969482422
127.000022888184
126.999984741211
127.000022888184
127.000007629395
126.999984741211
127
127.000007629395
127.000007629395
127.000015258789
126.999992370605
126.999992370605
127.000038146973
126.999992370605
127.000015258789
127
126.999984741211
127.000007629395
126.999984741211
127.000007629395
127.000015258789
126.999992370605
127.000015258789
127.000007629395
127
126.999969482422
127.000022888184
126.999984741211
127.000022888184
127.000007629395
126.999984741211
127
127.000007629395
127.000007629395
127.000015258789
126.999992370605
126.999992370605
127.000038146973
126.999992370605
127.000015258789
127
126.999984741211
127.000007629395
126.999984741211
127.000007629395
127.000015258789
126.999992370605
127.000015258789
127.000007629395
127
126.999969482422
127.000022888184
126.999984741211
127.000022888184
127.000007629395
126.999984741211
127
127.000007629395
127.000007629395
127.000015258789
126.999992370605
126.999992370605
127.000038146973
126.999992370605
127.000015258789
127
126.999984741211
127.000007629395
126.999984741211
127.000007629395
127.000015258789
126.999992370605
127.000015258789
127.000007629395
127
126.999969482422
127.000022888184
126.999984741211
127.000022888184
127.000007629395
126.999984741211
127
127.000007629395
127.000007629395
127.000015258789
126.999992370605
126.999992370605
127.000038146973
126.999992370605
127.000015258789
127
126.999984741211
127.000007629395
126.999984741211
127.000007629395
127.000015258789
126.999992370605
127.000015258789
127.000007629395
127
126.999969482422
127.000022888184
126.999984741211
127.000022888184
127.000007629395
126.999984741211
127
127.000007629395
127.000007629395
127.000015258789
126.999992370605
126.999992370605
127.000038146973
126.999992370605
127.000015258789
127
126.999984741211
127.000007629395
126.999984741211
127.000007629395
127.000015258789
126.999992370605
127.000015258789
127.000007629395
127
126.999969482422
127.000022888184
126.999984741211
127.000022888184
127.000007629395
126.999984741211
127
127.000007629395
127.000007629395
127.000015258789
126.999992370605
126.999992370605
127.000038146973
126.999992370605
127.000015258789
127
126.999984741211
127.000007629395
126.999984741211
127.000007629395
127.000015258789
126.999992370605
127.000015258789
127.000007629395
127
126.999969482422
127.000022888184
126.999984741211
127.000022888184
127.000007629395
126.999984741211
127
127.000007629395
127.000007629395
127.000015258789
126.999992370605
126.999992370605
127.000038146973
126.999992370605
127.000015258789
127
126.999984741211
127.000007629395
126.999984741211
127.000007629395
127.000015258789
126.999992370605
127.000015258789
127.000007629395
127
126.999969482422
127.000022888184
126.999984741211
127.000022888184
127.000007629395
126.999984741211
127
127.000007629395
127.000007629395
127.000015258789
126.999992370605
126.999992370605
127.000038146973
126.999992370605
127.000015258789
127
126.999984741211
127.000007629395
126.999984741211
127.000007629395
127.000015258789
126.999992370605
127.000015258789
127.000007629395
127
126.999969482422
127.000022888184
126.999984741211
127.000022888184
127.000007629395
126.999984741211
127
127.000007629395
127.000007629395
127.000015258789
126.999992370605
126.999992370605
127.000038146973
126.999992370605
127.000015258789
127
126.999984741211
127.000007629395
126.999984741211
127.000007629395
127.000015258789
126.999992370605
127.000015258789
127.000007629395
127
126.999969482422
127.000022888184
126.999984741211
127.000022888184
127.000007629395
126.999984741211
127
127.000007629395
127.000007629395
127.000015258789
126.999992370605
126.999992370605
127.000038146973
126.999992370605
127.000015258789
127
126.999984741211
127.000007629395
126.999984741211
127.000007629395
127.000015258789
126.999992370605
127.000015258789
127.000007629395
127
126.999969482422
127.000022888184
126.999984741211
127.000022888184
127.000007629395
126.999984741211
127
127.000007629395
127.000007629395
127.000015258789
126.999992370605
126.999992370605
127.000038146973
126.999992370605
127.000015258789
127
126.999984741211
127.000007629395
126.999984741211
127.000007629395
127.000015258789
126.999992370605
127.000015258789
127.000007629395
127
126.999969482422
127.000022888184
126.999984741211
127.000022888184
127.000007629395
126.999984741211
127
127.000007629395
127.000007629395
127.000015258789
126.999992370605
126.999992370605
127.000038146973
126.999992370605
127.000015258789
127
126.999984741211
127.000007629395
126.999984741211
127.000007629395
127.000015258789
126.999992370605
127.000015258789
127.000007629395
127
126.999969482422
127.000022888184
126.999984741211
127.000022888184
127.000007629395
126.999984741211
127
127.000007629395
127.000007629395
127.000015258789
126.999992370605
126.999992370605
127.000038146973
126.999992370605
127.000015258789
127
126.999984741211
127.000007629395
126.999984741211
127.000007629395
127.000015258789
126.999992370605
127.000015258789
127.000007629395
127
126.999969482422
127.000022888184
126.999984741211
127.000022888184
127.000007629395
126.999984741211
127
127.000007629395
127.000007629395
127.000015258789
126.999992370605
126.999992370605
127.000038146973
126.999992370605
127.000015258789
127
126.999984741211
127.000007629395
126.999984741211
127.000007629395
127.000015258789
126.999992370605
127.000015258789
127.000007629395
127
126.999969482422
127.000022888184
126.999984741211
127.000022888184
127.000007629395
126.999984741211
127
127.000007629395
127.000007629395
127.000015258789
126.999992370605
126.999992370605
127.000038146973
126.999992370605
127.000015258789
127
126.999984741211
127.000007629395
126.999984741211
127.000007629395
127.000015258789
126.999992370605
127.000015258789
127.000007629395
127
126.999969482422
127.000022888184
126.999984741211
127.000022888184
127.000007629395
126.999984741211
127
127.000007629395
127.000007629395
127.000015258789
126.999992370605
126.999992370605
127.000038146973
126.999992370605
127.000015258789
127
126.999984741211
127.000007629395
126.999984741211
127.000007629395
127.000015258789
126.999992370605
127.000015258789
127.000007629395
127
126.999969482422
127.000022888184
126.999984741211
127.000022888184
127.000007629395
126.999984741211
127
127.000007629395
127.000007629395
127.000015258789
126.999992370605
126.999992370605
127.000038146973
126.999992370605
127.000015258789
127
126.999984741211
127.000007629395
126.999984741211
127.000007629395
127.000015258789
126.999992370605
127.000015258789
127.000007629395
127
126.999969482422
127.000022888184
126.999984741211
127.000022888184
127.000007629395
126.999984741211
127
127.000007629395
127.000007629395
127.000015258789
126.999992370605
126.999992370605
127.000038146973
126.999992370605
127.000015258789
127
126.999984741211
127.000007629395
126.999984741211
127.000007629395
127.000015258789
126.999992370605
127.000015258789
127.000007629395
127
126.999969482422
127.000022888184
126.999984741211
127.000022888184
127.000007629395
126.999984741211
127
127.000007629395
127.000007629395
127.000015258789
126.999992370605
126.999992370605
127.000038146973
126.999992370605
127.000015258789
127
126.999984741211
127.000007629395
126.999984741211
127.000007629395
127.000015258789
126.999992370605
127.000015258789
127.000007629395
127
126.999969482422
127.000022888184
126.999984741211
127.000022888184
127.000007629395
126.999984741211
127
127.000007629395
127.000007629395
127.000015258789
126.999992370605
126.999992370605
127.000038146973
126.999992370605
127.000015258789
127
126.999984741211
127.000007629395
126.999984741211
127.000007629395
127.000015258789
126.999992370605
127.000015258789
127.000007629395
127
126.999969482422
127.000022888184
126.999984741211
127.000022888184
127.000007629395
126.999984741211
127
127.000007629395
127.000007629395
127.000015258789
126.999992370605
126.999992370605
127.000038146973
126.999992370605
127.000015258789
127
126.999984741211
127.000007629395
126.999984741211
127.000007629395
127.000015258789
126.999992370605
127.000015258789
127.000007629395
127
126.999969482422
127.000022888184
126.999984741211
127.000022888184
127.000007629395
126.999984741211
127
127.000007629395
127.000007629395
127.000015258789
126.999992370605
126.999992370605
127.000038146973
126.999992370605
127.000015258789
127
126.999984741211
127.000007629395
126.999984741211
127.000007629395
127.000015258789
126.999992370605
127.000015258789
127.000007629395
127
126.999969482422
127.000022888184
126.999984741211
127.000022888184
127.000007629395
126.999984741211
127
127.000007629395
127.000007629395
127.000015258789
126.999992370605
126.999992370605
127.000038146973
126.999992370605
127.000015258789
127
126.999984741211
127.000007629395
126.999984741211
127.000007629395
127.000015258789
126.999992370605
127.000015258789
127.000007629395
127
126.999969482422
127.000022888184
126.999984741211
127.000022888184
127.000007629395
126.999984741211
127
127.000007629395
127.000007629395
127.000015258789
126.999992370605
126.999992370605
127.000038146973
126.999992370605
127.000015258789
127
126.999984741211
127.000007629395
126.999984741211
127.000007629395
127.000015258789
126.999992370605
127.000015258789
127.000007629395
127
126.999969482422
127.000022888184
126.999984741211
127.000022888184
127.000007629395
126.999984741211
127
127.000007629395
127.000007629395
127.000015258789
126.999992370605
126.999992370605
127.000038146973
126.999992370605
127.000015258789
127
126.999984741211
127.000007629395
126.999984741211
127.000007629395
127.000015258789
126.999992370605
127.000015258789
127.000007629395
127
126.999969482422
127.000022888184
126.999984741211
127.000022888184
127.000007629395
126.999984741211
127
127.000007629395
127.000007629395
127.000015258789
126.999992370605
126.999992370605
127.000038146973
126.999992370605
127.000015258789
127
126.999984741211
127.000007629395
126.999984741211
127.000007629395
127.000015258789
126.999992370605
127.000015258789
127.000007629395
127
126.999969482422
127.000022888184
126.999984741211
127.000022888184
127.000007629395
126.999984741211
127
127.000007629395
127.000007629395
127.000015258789
126.999992370605
126.999992370605
127.000038146973
126.999992370605
127.000015258789
127
126.999984741211
127.000007629395
126.999984741211
127.000007629395
127.000015258789
126.999992370605
127.000015258789
127.000007629395
127
126.999969482422
127.000022888184
126.999984741211
127.000022888184
127.000007629395
126.999984741211
127
127.000007629395
127.000007629395
127.000015258789
126.999992370605
126.999992370605
127.000038146973
126.999992370605
127.000015258789
127
126.999984741211
127.000007629395
126.999984741211
127.000007629395
127.000015258789
126.999992370605
127.000015258789
127.000007629395
127
126.999969482422
127.000022888184
126.999984741211
127.000022888184
127.000007629395
126.999984741211
127
127.000007629395
127.000007629395
127.000015258789
126.999992370605
126.999992370605
127.000038146973
126.999992370605
127.000015258789
127
126.999984741211
127.000007629395
126.999984741211
127.000007629395
127.000015258789
126.999992370605
127.000015258789
127.000007629395
127
126.999969482422
127.000022888184
126.999984741211
127.000022888184
127.000007629395
126.999984741211
127
127.000007629395
127.000007629395
127.000015258789
126.999992370605
126.999992370605
127.000038146973
126.999992370605
127.000015258789
127
126.999984741211
127.000007629395
126.999984741211
127.000007629395
127.000015258789
126.999992370605
127.000015258789
127.000007629395
127
126.999969482422
127.000022888184
126.999984741211
127.000022888184
127.000007629395
126.999984741211
127
127.000007629395
127.000007629395
127.000015258789
126.999992370605
126.999992370605
127.000038146973
126.999992370605
127.000015258789
127
126.999984741211
127.000007629395
126.999984741211
127.000007629395
127.000015258789
126.999992370605
127.000015258789
127.000007629395
127
126.999969482422
127.000022888184
126.999984741211
127.000022888184
127.000007629395
126.999984741211
127
127.000007629395
127.000007629395
127.000015258789
126.999992370605
126.999992370605
127.000038146973
126.999992370605
127.000015258789
127
126.999984741211
127.000007629395
126.999984741211
127.000007629395
127.000015258789
126.999992370605
127.000015258789
127.000007629395
127
126.999969482422
127.000022888184
126.999984741211
127.000022888184
127.000007629395
126.999984741211
127
127.000007629395
127.000007629395
127.000015258789
126.999992370605
126.999992370605
127.000038146973
126.999992370605
127.000015258789
127
126.999984741211
127.000007629395
126.999984741211
127.000007629395
127.000015258789
126.999992370605
127.000015258789
127.000007629395
127
126.999969482422
127.000022888184
126.999984741211
127.000022888184
127.000007629395
126.999984741211
127
127.000007629395
127.000007629395
127.000015258789
126.999992370605
126.999992370605
127.000038146973
126.999992370605
127.000015258789
127
126.999984741211
127.000007629395
126.999984741211
127.000007629395
127.000015258789
126.999992370605
127.000015258789
127.000007629395
127
126.999969482422
127.000022888184
126.999984741211
127.000022888184
127.000007629395
126.999984741211
127
127.000007629395
127.000007629395
127.000015258789
126.999992370605
126.999992370605
127.000038146973
126.999992370605
127.000015258789
127
126.999984741211
127.000007629395
126.999984741211
127.000007629395
127.000015258789
126.999992370605
127.000015258789
127.000007629395
127
126.999969482422
127.000022888184
126.999984741211
127.000022888184
127.000007629395
126.999984741211
127
127.000007629395
127.000007629395
127.000015258789
126.999992370605
126.999992370605
127.000038146973
126.999992370605
127.000015258789
127
126.999984741211
127.000007629395
126.999984741211
127.000007629395
127.000015258789
126.999992370605
127.000015258789
127.000007629395
127
126.999969482422
127.000022888184
126.999984741211
127.000022888184
127.000007629395
126.999984741211
127
127.000007629395
127.000007629395
127.000015258789
126.999992370605
126.999992370605
127.000038146973
126.999992370605
127.000015258789
127
126.999984741211
127.000007629395
126.999984741211
127.000007629395
127.000015258789
126.999992370605
127.000015258789
127.000007629395
127
126.999969482422
127.000022888184
126.999984741211
127.000022888184
127.000007629395
126.999984741211
127
127.000007629395
127.000007629395
127.000015258789
126.999992370605
126.999992370605
127.000038146973
126.999992370605
127.000015258789
127
126.999984741211
127.000007629395
126.999984741211
127.000007629395
127.000015258789
126.999992370605
127.000015258789
127.000007629395
127
126.999969482422
127.000022888184
126.999984741211
127.000022888184
127.000007629395
126.999984741211
127
127.000007629395
127.000007629395
127.000015258789
126.999992370605
126.999992370605
127.000038146973
126.999992370605
127.000015258789
127
126.999984741211
127.000007629395
126.999984741211
127.000007629395
127.000015258789
126.999992370605
127.000015258789
127.000007629395
127
126.999969482422
127.000022888184
126.999984741211
127.000022888184
127.000007629395
126.999984741211
127
127.000007629395
127.000007629395
127.000015258789
126.999992370605
126.999992370605
127.000038146973
126.999992370605
127.000015258789
127
126.999984741211
127.000007629395
126.999984741211
127.000007629395
127.000015258789
126.999992370605
127.000015258789
127.000007629395
127
126.999969482422
127.000022888184
126.999984741211
127.000022888184
127.000007629395
126.999984741211
127
127.000007629395
127.000007629395
127.000015258789
126.999992370605
126.999992370605
127.000038146973
126.999992370605
127.000015258789
127
126.999984741211
127.000007629395
126.999984741211
127.000007629395
127.000015258789
126.999992370605
127.000015258789
127.000007629395
127
126.999969482422
127.000022888184
126.999984741211
127.000022888184
127.000007629395
126.999984741211
127
127.000007629395
127.000007629395
127.000015258789
126.999992370605
126.999992370605
127.000038146973
126.999992370605
127.000015258789
127
126.999984741211
127.000007629395
126.999984741211
127.000007629395
127.000015258789
126.999992370605
127.000015258789
127.000007629395
127
126.999969482422
127.000022888184
126.999984741211
127.000022888184
127.000007629395
126.999984741211
127
127.000007629395
127
126.999984741211
126.999923706055
126.999862670898
126.999847412109
126.999732971191
126.999702453613
126.999664306641
126.999664306641
126.99976348877
126.999885559082
127.000129699707
127.000411987305
127.000717163086
127.001091003418
127.001403808594
127.001678466797
127.001838684082
127.001968383789
127.001853942871
127.001655578613
127.001243591309
127.000679016113
127
126.999229431152
126.998413085938
126.997581481934
126.996795654297
126.996147155762
126.995727539062
126.995483398438
126.995590209961
126.995986938477
126.996734619141
126.997840881348
126.999198913574
127.000839233398
127.002593994141
127.004348754883
127.006042480469
127.007453918457
127.008506774902
127.00904083252
127.009086608887
127.008422851562
127.007171630859
127.005264282227
127.002822875977
127
126.996917724609
126.993797302246
126.990791320801
126.988136291504
126.986068725586
126.984802246094
126.984375
126.985015869141
126.986686706543
126.989410400391
126.993095397949
126.997535705566
127.002555847168
127.0078125
127.01294708252
127.017669677734
127.021553039551
127.024314880371
127.02562713623
127.025405883789
127.023406982422
127.019721984863
127.014389038086
127.007698059082
127
126.991706848145
126.983352661133
126.975425720215
126.96851348877
126.963165283203
126.959869384766
126.958908081055
126.960662841797
126.965156555176
126.97233581543
126.981964111328
126.993591308594
127.00666809082
127.02042388916
127.033973693848
127.046478271484
127.056983947754
127.064628601074
127.068626403809
127.068481445312
127.063674926758
127.054161071777
127.039993286133
127.021697998047
127
126.975914001465
126.950736999512
126.925895690918
126.903030395508
126.88387298584
126.870079040527
126.863204956055
126.864753723145
126.87589263916
126.897506713867
126.930160522461
126.973960876465
127.028678894043
127.093605041504
127.167572021484
127.249244689941
127.336807250977
127.428276062012
127.521492004395
127.614326477051
127.704467773438
127.789924621582
127.868682861328
127.93913269043
128
128.050277709961
128.089477539062
128.117431640625
128.134475708008
128.141296386719
128.138870239258
128.128479003906
128.111633300781
128.089981079102
128.06510925293
128.038833618164
128.012603759766
127.987945556641
127.966125488281
127.948036193848
127.934524536133
127.925971984863
127.922523498535
127.923973083496
127.93000793457
127.939865112305
127.952789306641
127.967765808105
127.983825683594
128
128.015258789062
128.02880859375
128.039947509766
128.048126220703
128.05305480957
128.054580688477
128.052719116211
128.047760009766
128.040100097656
128.030151367188
128.018707275391
128.006286621094
127.993751525879
127.981819152832
127.971076965332
127.962341308594
127.95597076416
127.952346801758
127.951683044434
127.954063415527
127.959251403809
127.96696472168
127.976737976074
127.987945556641
128
128.012145996094
128.023681640625
128.033935546875
128.042251586914
128.048202514648
128.051361083984
128.051376342773
128.048217773438
128.041946411133
128.032699584961
128.021011352539
128.00732421875
127.992446899414
127.977195739746
127.962379455566
127.949150085449
127.93830871582
127.930702209473
127.927047729492
127.927932739258
127.933525085449
127.943954467773
127.958908081055
127.977821350098
128
128.024291992188
128.049499511719
128.074172973633
128.096771240234
128.115692138672
128.129318237305
128.13606262207
128.134521484375
128.12353515625
128.102081298828
128.069641113281
128.025955200195
127.971328735352
127.906372070312
127.832160949707
127.750289916992
127.66242980957
127.57071685791
127.477233886719
127.384384155273
127.294273376465
127.209030151367
127.130546569824
127.060432434082
127
126.950103759766
126.911285400391
126.883628845215
126.866775512695
126.860084533691
126.86255645752
126.87279510498
126.889442443848
126.91081237793
126.935272216797
126.961318969727
126.987350463867
127.012145996094
127.034614562988
127.053779602051
127.069244384766
127.080429077148
127.087120056152
127.089195251465
127.086654663086
127.079360961914
127.067283630371
127.050239562988
127.027931213379
127
126.965957641602
126.92520904541
126.877151489258
126.821159362793
126.756645202637
126.683235168457
126.600547790527
126.508743286133
126.408027648926
126.299224853516
126.183418273926
126.062103271484
125.93726348877
125.811141967773
125.686187744141
125.565231323242
125.45085144043
125.345626831055
125.251876831055
125.171607971191
125.106163024902
125.056526184082
125.022743225098
125.004302978516
125
125.007873535156
125.025375366211
125.049499511719
125.076889038086
125.103981018066
125.127227783203
125.143280029297
125.149131774902
125.14232635498
125.121025085449
125.084281921387
125.031875610352
124.964546203613
124.883796691895
124.791954040527
124.692047119141
124.587524414062
124.482086181641
124.379547119141
124.283729553223
124.197898864746
124.124938964844
124.066940307617
124.025169372559
124
123.990753173828
123.995750427246
124.012512207031
124.037651062012
124.067245483398
124.096954345703
124.122169494629
124.138412475586
124.141395568848
124.127365112305
124.093299865723
124.03694152832
123.957130432129
123.853706359863
123.7275390625
123.580741882324
123.416152954102
123.237602233887
123.049491882324
122.856803894043
122.664604187012
122.478134155273
122.302291870117
122.141593933105
122
121.880516052246
121.785270690918
121.715362548828
121.6708984375
121.650947570801
121.653778076172
121.676689147949
121.716552734375
121.769523620605
121.831634521484
121.898780822754
121.966804504395
122.031997680664
122.090881347656
122.140502929688
122.17879486084
122.204093933105
122.215751647949
122.213798522949
122.199066162109
122.172920227051
122.137428283691
122.094932556152
122.04817199707
122
121.953224182129
121.910423278809
121.873954772949
121.845733642578
121.827163696289
121.819236755371
121.822273254395
121.836067199707
121.859878540039
121.892433166504
121.93204498291
121.976585388184
122.023735046387
122.070907592773
122.115348815918
122.154640197754
122.186218261719
122.208023071289
122.218238830566
122.215660095215
122.199363708496
122.16919708252
122.125297546387
122.068481445312
122
121.921501159668
121.834922790527
121.74243927002
121.646469116211
121.549377441406
121.453643798828
121.36156463623
121.275299072266
121.19669342041
121.127243041992
121.06810760498
121.019912719727
120.982872009277
120.956649780273
120.9404296875
120.933128356934
120.933143615723
120.93888092041
120.948524475098
120.960334777832
120.972518920898
120.983703613281
120.992538452148
120.99813079834
121
120.997932434082
120.992080688477
120.983016967773
120.971664428711
120.959259033203
120.947326660156
120.937561035156
120.931816101074
120.931846618652
120.93936920166
120.955879211426
120.982566833496
121.020225524902
121.069137573242
121.129028320312
121.199264526367
121.278587341309
121.365409851074
121.457794189453
121.553642272949
121.650451660156
121.745918273926
121.837471008301
121.922859191895
122
122.066993713379
122.122352600098
122.164894104004
122.194000244141
122.209480285645
122.211738586426
122.201591491699
122.180374145508
122.149772644043
122.11181640625
122.068824768066
122.023094177246
121.977149963379
121.933303833008
121.893646240234
121.860229492188
121.83455657959
121.818023681641
121.811622619629
121.816070556641
121.831588745117
121.858268737793
121.895652770996
121.943183898926
122
122.064987182617
122.13680267334
122.214065551758
122.295341491699
122.379249572754
122.464576721191
122.550224304199
122.63533782959
122.719291687012
122.801628112793
122.882247924805
122.961128234863
123.038551330566
123.114799499512
123.19026184082
123.265495300293
123.340942382812
123.417121887207
123.494499206543
123.573608398438
123.654640197754
123.73787689209
123.823310852051
123.910758972168
124
124.090522766113
124.181632995605
124.272560119629
124.362457275391
124.450500488281
124.535911560059
124.618011474609
124.696334838867
124.770576477051
124.840675354004
124.90690612793
124.969665527344
125.02978515625
125.088165283203
125.145965576172
125.204612731934
125.265441894531
125.330032348633
125.399894714355
125.476615905762
125.56135559082
125.655433654785
125.759582519531
125.874359130859
126
126.136199951172
126.282279968262
126.437202453613
126.599510192871
126.767524719238
126.939270019531
127.112617492676
127.285400390625
127.455390930176
127.62052154541
127.778884887695
127.928703308105
128.068695068359
128.197769165039
128.315399169922
128.421371459961
128.515899658203
128.599655151367
128.673645019531
128.739212036133
128.797882080078
128.851516723633
128.901794433594
128.95068359375
129
129.051361083984
129.106185913086
129.165725708008
129.230819702148
129.301986694336
129.379486083984
129.463088989258
129.552444458008
129.646697998047
129.744934082031
129.845977783203
129.948516845703
130.051361083984
130.153091430664
130.252517700195
130.348678588867
130.440689086914
130.527877807617
130.609802246094
130.686370849609
130.757553100586
130.823837280273
130.885772705078
130.944152832031
131
131.05451965332
131.109008789062
131.164916992188
131.223663330078
131.286605834961
131.355133056641
131.430358886719
131.513412475586
131.605041503906
131.70588684082
131.816314697266
131.936370849609
132.065979003906
132.20458984375
132.351669311523
132.506362915039
132.66748046875
132.833709716797
133.00358581543
133.17546081543
133.347427368164
133.517761230469
133.684463500977
133.845794677734
134
134.1455078125
134.281051635742
134.405685424805
134.518493652344
134.619125366211
134.707275390625
134.782974243164
134.846542358398
134.8984375
134.939346313477
134.970260620117
134.992095947266
135.006134033203
135.013626098633
135.016006469727
135.014801025391
135.011215209961
135.006469726562
135.001571655273
134.997451782227
134.994583129883
134.993392944336
134.993942260742
134.996231079102
135
135.004852294922
135.010482788086
135.016418457031
135.022171020508
135.027130126953
135.030960083008
135.033004760742
135.032943725586
135.030319213867
135.025009155273
135.016998291016
135.006240844727
134.993209838867
134.978469848633
134.962768554688
134.947280883789
134.933013916016
134.92121887207
134.913009643555
134.909759521484
134.912368774414
134.921997070312
134.939392089844
134.965240478516
135
135.043960571289
135.097137451172
135.159439086914
135.230438232422
135.309295654297
135.395034790039
135.486206054688
135.581146240234
135.678009033203
135.774551391602
135.86865234375
135.957870483398
136.040069580078
136.113037109375
136.174942016602
136.224304199219
136.259704589844
136.280136108398
136.28498840332
136.274063110352
136.247375488281
136.205535888672
136.149383544922
136.080322265625
136
135.910491943359
135.814208984375
135.713790893555
135.61198425293
135.511383056641
135.414611816406
135.323852539062
135.241149902344
135.168075561523
135.105728149414
135.054779052734
135.015396118164
134.987319946289
134.96989440918
134.961990356445
134.962341308594
134.969116210938
134.980422973633
134.994018554688
135.007705688477
135.01904296875
135.025909423828
135.026168823242
135.018005371094
135
134.971084594727
134.930801391602
134.879058837891
134.816253662109
134.743209838867
134.660858154297
134.570541381836
134.473724365234
134.372009277344
134.266937255859
134.160217285156
134.053161621094
133.947280883789
133.843795776367
133.743865966797
133.648452758789
133.558059692383
133.473068237305
133.393478393555
133.319107055664
133.249267578125
133.183441162109
133.12060546875
133.059783935547
133
132.940124511719
132.879272460938
132.816543579102
132.751220703125
132.682525634766
132.609817504883
132.532424926758
132.44987487793
132.361526489258
132.266906738281
132.165557861328
132.057037353516
131.941055297852
131.817321777344
131.685821533203
131.546615600586
131.399749755859
131.245422363281
131.083969116211
130.915924072266
130.741668701172
130.56201171875
130.377838134766
130.190063476562
130
129.80891418457
129.618301391602
129.429794311523
129.245010375977
129.065475463867
128.892700195312
128.727920532227
128.572326660156
128.426605224609
128.291427612305
128.166976928711
128.053085327148
127.949371337891
127.855018615723
127.76895904541
127.689994812012
127.61646270752
127.546630859375
127.478576660156
127.410385131836
127.339988708496
127.265495300293
127.185020446777
127.096954345703
127
126.893013000488
126.775299072266
126.646507263184
126.506683349609
126.356216430664
126.195762634277
126.026374816895
125.849327087402
125.666061401367
125.47819519043
125.287521362305
125.095748901367
124.904624938965
124.715782165527
124.53059387207
124.350425720215
124.176116943359
124.008316040039
123.847343444824
123.69319152832
123.545417785645
123.403343200684
123.265953063965
123.131950378418
123
122.868461608887
122.735702514648
122.600135803223
122.460235595703
122.31470489502
122.16251373291
122.002937316895
121.835670471191
121.660797119141
121.478828430176
121.290725708008
121.097763061523
120.90168762207
120.70435333252
120.507820129395
120.314346313477
120.126106262207
119.945106506348
119.773361206055
119.612503051758
119.463760375977
119.328063964844
119.205718994141
119.096572875977
119
118.914703369141
118.838890075684
118.770347595215
118.706588745117
118.644882202148
118.582458496094
118.5166015625
118.444854736328
118.364974975586
118.27515411377
118.17414855957
118.061103820801
117.935874938965
117.798706054688
117.650405883789
117.492385864258
117.326278686523
117.154335021973
116.978988647461
116.802917480469
116.628723144531
116.459114074707
116.296455383301
116.142837524414
116
115.869079589844
115.750541687012
115.644317626953
115.549819946289
115.465911865234
115.39119720459
115.323860168457
115.262016296387
115.203666687012
115.146820068359
115.089698791504
115.030654907227
114.968437194824
114.901962280273
114.830551147461
114.754035949707
114.672561645508
114.58683013916
114.498023986816
114.407661437988
114.317481994629
114.229583740234
114.146011352539
114.068855285645
114
113.941055297852
113.893119812012
113.856910705566
113.832641601562
113.820182800293
113.819030761719
113.828193664551
113.846572875977
113.872657775879
113.904815673828
113.941314697266
113.980209350586
114.019691467285
114.057754516602
114.092437744141
114.1220703125
114.145011901855
114.160011291504
114.166084289551
114.162666320801
114.149307250977
114.126052856445
114.093101501465
114.050857543945
114
113.941200256348
113.875152587891
113.802612304688
113.724395751953
113.641471862793
113.554962158203
113.46598815918
113.376007080078
113.28645324707
113.198905944824
113.115104675293
113.036659240723
112.965316772461
112.902542114258
112.849571228027
112.807609558105
112.777481079102
112.759948730469
112.755554199219
112.764572143555
112.786972045898
112.822509765625
112.870529174805
112.930099487305
113
113.078628540039
113.163993835449
113.253921508789
113.346206665039
113.438659667969
113.529327392578
113.616546630859
113.699020385742
113.775856018066
113.846725463867
113.911827087402
113.971687316895
114.027450561523
114.080474853516
114.132293701172
114.184867858887
114.240127563477
114.300170898438
114.367088317871
114.442886352539
114.529182434082
114.627449035645
114.738494873047
114.862724304199
115
115.149444580078
115.309494018555
115.478050231934
115.652610778809
115.830375671387
116.008453369141
116.183952331543
116.354156494141
116.516609191895
116.669319152832
116.81079864502
116.940063476562
117.05680847168
117.161231994629
117.253997802734
117.336532592773
117.410484313965
117.47819519043
117.542167663574
117.605255126953
117.670181274414
117.739822387695
117.816627502441
117.902778625488
118
118.109428405762
118.231468200684
118.365966796875
118.512168884277
118.668884277344
118.834541320801
119.007293701172
119.185264587402
119.366386413574
119.548782348633
119.730804443359
119.910957336426
120.088203430176
120.261665344238
120.430816650391
120.595733642578
120.756546020508
120.913864135742
121.068588256836
121.22176361084
121.374458312988
121.527816772461
121.68270111084
121.839935302734
122
122.162979125977
122.328605651855
122.496238708496
122.664978027344
122.833755493164
123.00138092041
123.166679382324
123.32861328125
123.486274719238
123.639129638672
123.787010192871
123.930053710938
124.069007873535
124.20484161377
124.338905334473
124.473045349121
124.609146118164
124.74934387207
124.895797729492
125.050651550293
125.215637207031
125.392333984375
125.581733703613
125.784301757812
126
126.227996826172
126.466941833496
126.714820861816
126.969223022461
127.22737121582
127.486312866211
127.742897033691
127.994323730469
128.237854003906
128.47119140625
128.692596435547
128.900924682617
129.095733642578
129.277282714844
129.446578979492
129.605377197266
129.755722045898
129.900360107422
130.042297363281
130.184646606445
130.330368041992
130.482513427734
130.643524169922
130.815505981445
131
131.197784423828
131.408996582031
131.633163452148
131.869003295898
132.114700317383
132.36799621582
132.626068115234
132.88606262207
133.144821166992
133.399337768555
133.64697265625
133.88508605957
134.111877441406
134.325866699219
134.526336669922
134.713394165039
134.88737487793
135.049285888672
135.200698852539
135.343475341797
135.479568481445
135.611221313477
135.740463256836
135.869445800781
136
136.133636474609
136.271759033203
136.41520690918
136.564529418945
136.719833374023
136.880844116211
137.046844482422
137.216949462891
137.389938354492
137.564529418945
137.739532470703
137.913604736328
138.085800170898
138.255447387695
138.422027587891
138.585723876953
138.746505737305
138.904846191406
139.061370849609
139.216827392578
139.371765136719
139.527053833008
139.683181762695
139.840744018555
140
140.161148071289
140.324279785156
140.489303588867
140.655792236328
140.823226928711
140.990768432617
141.157318115234
141.321746826172
141.482711791992
141.638824462891
141.78889465332
141.931671142578
142.066162109375
142.19172668457
142.307891845703
142.414840698242
142.512512207031
142.601135253906
142.681121826172
142.752899169922
142.816741943359
142.873123168945
142.922256469727
142.964492797852
143
143.029037475586
143.051956176758
143.069198608398
143.081008911133
143.08772277832
143.089569091797
143.086776733398
143.079498291016
143.068023681641
143.052597045898
143.03369140625
143.011795043945
142.987762451172
142.962600708008
142.93766784668
142.914520263672
142.894668579102
142.879547119141
142.870666503906
142.869232177734
142.876281738281
142.892593383789
142.918548583984
142.954406738281
143
143.054946899414
143.118789672852
143.19075012207
143.269912719727
143.354888916016
143.444244384766
143.536178588867
143.628829956055
143.720123291016
143.807998657227
143.890472412109
143.965637207031
144.031951904297
144.088073730469
144.133239746094
144.167144775391
144.189468383789
144.200439453125
144.200286865234
144.189559936523
144.168792724609
144.138687133789
144.099990844727
144.053466796875
144
143.940399169922
143.875686645508
143.806869506836
143.73469543457
143.659820556641
143.582626342773
143.503036499023
143.4208984375
143.33561706543
143.246444702148
143.152450561523
143.052490234375
142.94563293457
142.830902099609
142.707595825195
142.575439453125
142.433898925781
142.282974243164
142.122711181641
141.953475952148
141.775695800781
141.590255737305
141.398239135742
141.200942993164
141
140.797348022461
140.595184326172
140.395965576172
140.201995849609
140.015609741211
139.838851928711
139.67333984375
139.520523071289
139.381195068359
139.25569152832
139.143844604492
139.044952392578
138.957809448242
138.880874633789
138.812225341797
138.749725341797
138.690780639648
138.632522583008
138.572067260742
138.506362915039
138.432312011719
138.347045898438
138.248016357422
138.132904052734
138
137.848052978516
137.676544189453
137.485687255859
137.276184082031
137.049240112305
136.80647277832
136.549942016602
136.281936645508
136.004821777344
135.721160888672
135.433532714844
135.144378662109
134.85612487793
134.570983886719
134.291015625
134.018157958984
133.753707885742
133.498779296875
133.254058837891
133.02001953125
132.796508789062
132.583358764648
132.380004882812
132.185821533203
132
131.821640014648
131.649917602539
131.483978271484
131.322830200195
131.165679931641
131.011459350586
130.859146118164
130.707611083984
130.555603027344
130.401779174805
130.244812011719
130.083099365234
129.915161132812
129.739517211914
129.554611206055
129.359268188477
129.152114868164
128.932067871094
128.698257446289
128.4501953125
128.187530517578
127.910461425781
127.61946105957
127.315490722656
127
126.674751281738
126.34196472168
126.004051208496
125.663627624512
125.323417663574
124.986022949219
124.653884887695
124.329307556152
124.014068603516
123.709579467773
123.416778564453
123.135940551758
122.866928100586
122.608947753906
122.360702514648
122.120613098145
121.886650085449
121.656631469727
121.42839050293
121.199859619141
120.96907043457
120.734573364258
120.495162963867
120.25032043457
120
119.744682312012
119.485382080078
119.223487854004
118.960884094238
118.699745178223
118.442306518555
118.190940856934
117.947929382324
117.715217590332
117.494369506836
117.286560058594
117.092170715332
116.911071777344
116.742286682129
116.584136962891
116.434509277344
116.290588378906
116.149459838867
116.007942199707
115.863037109375
115.711700439453
115.551528930664
115.380363464355
115.196762084961
115
114.789932250977
114.567054748535
114.332550048828
114.088188171387
113.836318969727
113.579689025879
113.321266174316
113.064277648926
112.811721801758
112.566452026367
112.330963134766
112.107109069824
111.89623260498
111.69873046875
111.514236450195
111.341835021973
111.179862976074
111.026306152344
110.878868103027
110.735191345215
110.592872619629
110.449798583984
110.304130554199
110.15446472168
110
109.840347290039
109.675590515137
109.506256103516
109.333465576172
109.158813476562
108.984222412109
108.811874389648
108.644119262695
108.483215332031
108.331192016602
108.189781188965
108.060150146484
107.942985534668
107.838050842285
107.744415283203
107.660621643066
107.584655761719
107.514282226562
107.447105407715
107.380790710449
107.313110351562
107.242324829102
107.166976928711
107.086265563965
107
106.90843963623
106.812255859375
106.712669372559
106.611358642578
106.510414123535
106.412239074707
106.319328308105
106.234237670898
106.159294128418
106.09642791748
106.04711151123
106.012100219727
105.991424560547
105.98413848877
105.988334655762
106.001564025879
106.020652770996
106.04224395752
106.06282043457
106.078948974609
106.087432861328
106.085556030273
106.071174621582
106.042839050293
106
105.942733764648
105.871788024902
105.788627624512
105.695495605469
105.595291137695
105.491493225098
105.387962341309
105.28881072998
105.198127746582
105.119842529297
105.057487487793
105.013961791992
104.991485595703
104.991165161133
105.01301574707
105.056327819824
105.119422912598
105.200035095215
105.295372009277
105.402412414551
105.51774597168
105.63818359375
105.760551452637
105.881965637207
106
106.112602233887
106.218086242676
106.315292358398
106.403877258301
106.484077453613
106.556861877441
106.623878479004
106.687294006348
106.749626159668
106.813667297363
106.882354736328
106.958389282227
107.044357299805
107.142143249512
107.253028869629
107.377792358398
107.516563415527
107.6689453125
107.834098815918
108.010795593262
108.197265625
108.39168548584
108.591804504395
108.79532623291
109
109.203392028809
109.403121948242
109.59691619873
109.782974243164
109.95987701416
110.126754760742
110.283348083496
110.429954528809
110.567443847656
110.697143554688
110.820915222168
110.940780639648
111.059135437012
111.178131103516
111.299949645996
111.426658630371
111.559982299805
111.701637268066
111.852966308594
112.015129089355
112.188743591309
112.374267578125
112.571640014648
112.780479431152
113
113.229019165039
113.465942382812
113.708824157715
113.955711364746
114.204643249512
114.45378112793
114.701530456543
114.946594238281
115.188011169434
115.425216674805
115.658142089844
115.886940002441
116.112297058105
116.335037231445
116.556129455566
116.776962280273
116.998886108398
117.223541259766
117.452560424805
117.687675476074
117.930320739746
118.18196105957
118.443656921387
118.716201782227
119
119.294921875
119.60033416748
119.915130615234
120.237777709961
120.566436767578
120.899055480957
121.233291625977
121.566879272461
121.897445678711
122.222702026367
122.540657043457
122.849472045898
123.147743225098
123.434349060059
123.708641052246
123.970565795898
124.220481872559
124.459358215332
124.688682556152
124.910507202148
125.127182006836
125.34147644043
125.55632019043
125.774795532227
126
126.234771728516
126.481689453125
126.742950439453
127.020195007324
127.314498901367
127.62638092041
127.955474853516
128.300918579102
128.661071777344
129.033676147461
129.415939331055
129.804458618164
130.195709228516
130.585922241211
130.971221923828
131.348068237305
131.712997436523
132.063186645508
132.396240234375
132.710632324219
133.00537109375
133.280532836914
133.536819458008
133.775817871094
134
134.21240234375
134.416702270508
134.616958618164
134.817443847656
135.022354125977
135.23567199707
135.460922241211
135.70100402832
135.958038330078
136.233245849609
136.526901245117
136.838180541992
137.165496826172
137.506256103516
137.857116699219
138.214309692383
138.573348999023
138.929672241211
139.27848815918
139.615432739258
139.936141967773
140.237274169922
140.51594543457
140.770370483398
141
141.205230712891
141.387817382812
141.550643920898
141.697601318359
141.833145141602
141.962432861328
142.090774536133
142.223541259766
142.36589050293
142.522430419922
142.697204589844
142.893249511719
143.112777709961
143.356903076172
143.625686645508
143.918304443359
144.232437133789
144.564910888672
144.911743164062
145.268035888672
145.628433227539
145.987319946289
146.339111328125
146.678237915039
147
147.300140380859
147.575576782227
147.824371337891
148.045455932617
148.238784790039
148.4052734375
148.546524047852
148.664978027344
148.763488769531
148.845306396484
148.913970947266
148.972961425781
149.025970458984
149.076370239258
149.127517700195
149.18244934082
149.243301391602
149.311737060547
149.388748168945
149.474472045898
149.568435668945
149.669647216797
149.776565551758
149.887344360352
150
150.11247253418
150.223083496094
150.330276489258
150.432754516602
150.529388427734
150.619186401367
150.701431274414
150.775466918945
150.840942382812
150.897537231445
150.945175170898
150.98388671875
151.014007568359
151.036117553711
151.051040649414
151.060028076172
151.063858032227
151.0634765625
151.059844970703
151.053634643555
151.045379638672
151.035537719727
151.024490356445
151.012542724609
151
150.987274169922
150.975036621094
150.964065551758
150.955108642578
150.948791503906
150.945587158203
150.94580078125
150.94953918457
150.95654296875
150.966506958008
150.978820800781
150.992706298828
151.007385253906
151.02214050293
151.036407470703
151.049713134766
151.06135559082
151.07063293457
151.076782226562
151.079040527344
151.07633972168
151.067993164062
151.052917480469
151.030487060547
151
150.961074829102
150.913772583008
150.858428955078
150.795425415039
150.725234985352
150.648361206055
150.565063476562
150.475784301758
150.380554199219
150.279403686523
150.172317504883
150.058975219727
149.939392089844
149.813385009766
149.681045532227
149.542633056641
149.398132324219
149.247497558594
149.090621948242
148.927261352539
148.756973266602
148.579483032227
148.394393920898
148.201293945312
148
147.790451049805
147.573059082031
147.348419189453
147.117248535156
146.880355834961
146.638595581055
146.392715454102
146.1435546875
145.891845703125
145.63818359375
145.383331298828
145.127807617188
144.872253417969
144.617340087891
144.363922119141
144.112869262695
143.86474609375
143.619964599609
143.37890625
143.141693115234
142.908065795898
142.677688598633
142.450057983398
142.224395751953
142
141.776000976562
141.551834106445
141.326782226562
141.10009765625
140.871200561523
140.639236450195
140.403350830078
140.162826538086
139.916748046875
139.664215087891
139.404479980469
139.136901855469
138.860961914062
138.576370239258
138.283187866211
137.981781005859
137.67236328125
137.355621337891
137.032165527344
136.702819824219
136.368392944336
136.029876708984
135.688232421875
135.344528198242
135
134.655746459961
134.313049316406
133.97314453125
133.637161254883
133.306060791016
132.980484008789
132.660919189453
132.347427368164
132.039855957031
131.737701416016
131.440124511719
131.146118164062
130.854293823242
130.563278198242
130.271469116211
129.977462768555
129.679534912109
129.376113891602
129.065689086914
128.747024536133
128.418869018555
128.080490112305
127.731292724609
127.371040344238
127
126.618721008301
126.228157043457
125.829620361328
125.424713134766
125.015235900879
124.603179931641
124.190589904785
123.779579162598
123.37215423584
122.970191955566
122.575492858887
122.189414978027
121.813179016113
121.447471618652
121.092712402344
120.748985290527
120.415817260742
120.092529296875
119.778091430664
119.471389770508
119.1708984375
118.875129699707
118.582450866699
118.291244506836
118
117.707244873047
117.411582946777
117.111869812012
116.807075500488
116.496589660645
116.180068969727
115.857460021973
115.529052734375
115.195419311523
114.85733795166
114.515899658203
114.172233581543
113.827705383301
113.483436584473
113.140609741211
112.800392150879
112.463722229004
112.131652832031
111.805053710938
111.484825134277
111.171653747559
110.866172790527
110.568878173828
110.280075073242
110
109.728538513184
109.465263366699
109.209571838379
108.960662841797
108.717681884766
108.479759216309
108.246025085449
108.015640258789
107.787757873535
107.561676025391
107.336738586426
107.112228393555
106.887657165527
106.662208557129
106.435096740723
106.205688476562
105.973320007324
105.73755645752
105.498184204102
105.255271911621
105.008903503418
104.759574890137
104.507804870605
104.254333496094
104
103.745552062988
103.491561889648
103.238494873047
102.986862182617
102.737258911133
102.490257263184
102.246543884277
102.006881713867
101.772041320801
101.542869567871
101.32022857666
101.104774475098
100.897247314453
100.697868347168
100.506607055664
100.323371887207
100.147850036621
99.9797897338867
99.8189544677734
99.6652374267578
99.5184097290039
99.3784637451172
99.2454071044922
99.1192321777344
99
98.8875961303711
98.781608581543
98.6815490722656
98.5869369506836
98.4974670410156
98.4129333496094
98.3333511352539
98.2588958740234
98.1899337768555
98.1269989013672
98.070686340332
98.0216217041016
97.9803771972656
97.9471740722656
97.9217910766602
97.9040756225586
97.8935165405273
97.8896484375
97.891960144043
97.8999252319336
97.912841796875
97.9300994873047
97.9509353637695
97.9745407104492
98
98.0261840820312
98.0515899658203
98.0746078491211
98.0936889648438
98.1075134277344
98.1150360107422
98.1154937744141
98.1086349487305
98.0945434570312
98.0737991333008
98.0473556518555
98.0165481567383
97.9829635620117
97.9482116699219
97.9137649536133
97.8814468383789
97.8529663085938
97.8303070068359
97.8154907226562
97.8106689453125
97.817741394043
97.8386993408203
97.8752059936523
97.9286346435547
98
98.0896835327148
98.1973037719727
98.3218307495117
98.4619064331055
98.6157302856445
98.7814025878906
98.9567489624023
99.1396255493164
99.3278503417969
99.5193328857422
99.7121810913086
99.9045028686523
100.094795227051
100.281410217285
100.462882995605
100.638137817383
100.806457519531
100.967788696289
101.122482299805
101.271629333496
101.416625976562
101.559562683105
101.702682495117
101.848594665527
102
102.159461975098
102.329124450684
102.510864257812
102.706275939941
102.916595458984
103.14281463623
103.38542175293
103.644645690918
103.920227050781
104.211486816406
104.517356872559
104.836265563965
105.166229248047
105.504722595215
105.84871673584
106.195182800293
106.540870666504
106.882835388184
107.218292236328
107.545021057129
107.860992431641
108.165000915527
108.456192016602
108.734382629395
109
109.253883361816
109.497146606445
109.731369018555
109.958602905273
110.181182861328
110.401885986328
110.623626708984
110.849578857422
111.082893371582
111.326644897461
111.583786010742
111.856819152832
112.147918701172
112.458503723145
112.789329528809
113.140632629395
113.511909484863
113.902221679688
114.310157775879
114.73388671875
115.171020507812
115.619110107422
116.075302124023
116.536598205566
117
117.462371826172
117.92057800293
118.371673583984
118.813056945801
119.242462158203
119.658241271973
120.059112548828
120.444534301758
120.814483642578
121.169486999512
121.510688781738
121.839546203613
122.15811920166
122.468544006348
122.773155212402
123.074592590332
123.37525177002
123.677642822266
123.984100341797
124.296722412109
124.617233276367
124.947105407715
125.287200927734
125.638137817383
126
126.372383117676
126.754493713379
127.145156860352
127.542991638184
127.94645690918
128.353805541992
128.763488769531
129.173950195312
129.583801269531
129.99186706543
130.397430419922
130.799926757812
131.199295043945
131.595687866211
131.989685058594
132.38215637207
132.774047851562
133.166442871094
133.560501098633
133.957260131836
134.357437133789
134.761810302734
135.170455932617
135.583312988281
136
136.419662475586
136.841247558594
137.263473510742
137.684768676758
138.103469848633
138.51774597168
138.925857543945
139.326187133789
139.717269897461
140.097869873047
140.467346191406
140.825286865234
141.171936035156
141.508010864258
141.834808349609
142.154113769531
142.467849731445
142.778060913086
143.086990356445
143.396560668945
143.708435058594
144.02409362793
144.344390869141
144.669692993164
145
145.334716796875
145.67301940918
146.013671875
146.355056762695
146.695205688477
147.03205871582
147.36328125
147.686721801758
148.00032043457
148.302337646484
148.591552734375
148.867263793945
149.129425048828
149.378860473633
149.617324829102
149.847030639648
150.070877075195
150.291763305664
150.512954711914
150.737655639648
150.968673706055
151.208694458008
151.459732055664
151.723190307617
152
152.290252685547
152.593673706055
152.909332275391
153.235656738281
153.570236206055
153.910232543945
154.252227783203
154.592468261719
154.927108764648
155.252151489258
155.564041137695
155.859390258789
156.135559082031
156.390716552734
156.624069213867
156.835723876953
157.02619934082
157.196685791016
157.348983764648
157.485076904297
157.607131958008
157.717514038086
157.818374633789
157.911865234375
158
158.084518432617
158.167205810547
158.24951171875
158.332534790039
158.416625976562
158.501739501953
158.587265014648
158.67204284668
158.754623413086
158.833160400391
158.905914306641
158.970886230469
159.026611328125
159.071975708008
159.106521606445
159.130447387695
159.143936157227
159.147735595703
159.142822265625
159.130294799805
159.111434936523
159.087615966797
159.060134887695
159.030456542969
159
158.970169067383
158.942642211914
158.919097900391
158.900939941406
158.889129638672
158.884399414062
158.886856079102
158.896331787109
158.912094116211
158.933090209961
158.958221435547
158.985763549805
159.014282226562
159.042434692383
159.069030761719
159.093322753906
159.114028930664
159.130081176758
159.140319824219
159.143493652344
159.13801574707
159.122482299805
159.095306396484
159.054901123047
159
158.929321289062
158.842407226562
158.738891601562
158.618942260742
158.482620239258
158.330352783203
158.162567138672
157.979949951172
157.783294677734
157.573532104492
157.351852416992
157.119552612305
156.878402709961
156.630386352539
156.37776184082
156.123275756836
155.869079589844
155.617233276367
155.369415283203
155.126983642578
154.89045715332
154.660140991211
154.435546875
154.215927124023
154
153.78630065918
153.573394775391
153.359817504883
153.143951416016
152.924118041992
152.69856262207
152.465682983398
152.223983764648
151.972137451172
151.709091186523
151.434371948242
151.147705078125
150.849502563477
150.540740966797
150.223159790039
149.898803710938
149.569885253906
149.238662719727
148.907333374023
148.577896118164
148.251968383789
147.930755615234
147.614959716797
147.304763793945
147
146.699813842773
146.403350830078
146.109176635742
145.81559753418
145.520462036133
145.221328735352
144.915542602539
144.600463867188
144.273239135742
143.931457519531
143.572906494141
143.195861816406
142.799163818359
142.382400512695
141.94612121582
141.491546630859
141.02033996582
140.534942626953
140.0380859375
139.532928466797
139.022720336914
138.511032104492
138.001113891602
137.49641418457
137
136.514602661133
136.042755126953
135.586334228516
135.146697998047
134.724517822266
134.31965637207
133.931365966797
133.558227539062
133.198089599609
132.848403930664
132.506301879883
132.168380737305
131.831420898438
131.492080688477
131.147247314453
130.794174194336
130.430328369141
130.053695678711
129.662734985352
129.256500244141
128.834426879883
128.396820068359
127.944328308105
127.478103637695
127
126.512069702148
126.016815185547
125.516891479492
125.015090942383
124.51416015625
124.016716003418
123.52515411377
123.041618347168
122.56778717041
122.104942321777
121.653930664062
121.214973449707
120.787925720215
120.372024536133
119.966003417969
119.568298339844
119.176856994629
118.789482116699
118.40380859375
118.017501831055
117.62809753418
117.233497619629
116.831657409668
116.420913696289
116
115.567970275879
115.124244689941
114.668716430664
114.20174407959
113.724182128906
113.237373352051
112.743103027344
112.243530273438
111.741134643555
111.238563537598
110.738693237305
110.244293212891
109.75806427002
109.282325744629
108.818923950195
108.369522094727
107.935066223145
107.516319274902
107.113525390625
106.726684570312
106.355102539062
105.998062133789
105.654243469238
105.322135925293
105
104.685729980469
104.376945495605
104.071128845215
103.76587677002
103.459053039551
103.148826599121
102.833778381348
102.513000488281
102.186096191406
101.853218078613
101.514984130859
101.17244720459
100.827033996582
100.480133056641
100.133239746094
99.7880020141602
99.4459609985352
99.1087951660156
98.7781524658203
98.4555892944336
98.1423645019531
97.8396682739258
97.5481719970703
97.2683029174805
97
96.7426300048828
96.4948043823242
96.2547149658203
96.0202865600586
95.7893371582031
95.5597534179688
95.3295822143555
95.0971832275391
94.8612594604492
94.620979309082
94.3759918212891
94.1263732910156
93.8726806640625
93.6155700683594
93.3557815551758
93.0945434570312
92.8332977294922
92.5738677978516
92.3183898925781
92.069206237793
91.8287124633789
91.5993957519531
91.383544921875
91.1831665039062
91
90.8350677490234
90.688591003418
90.56005859375
90.4486389160156
90.353157043457
90.2721405029297
90.2041320800781
90.1475982666016
90.1010894775391
90.0633087158203
90.0331497192383
90.0095520019531
89.9917831420898
89.9787902832031
89.9695129394531
89.9630813598633
89.9588165283203
89.9563674926758
89.9556045532227
89.9566879272461
89.959846496582
89.9654693603516
89.9739303588867
89.9854202270508
90
90.0172576904297
90.0361557006836
90.0552444458008
90.0729141235352
90.087516784668
90.0975799560547
90.1017684936523
90.0991744995117
90.0892181396484
90.0718460083008
90.0474853515625
90.0170669555664
89.9819717407227
89.9436874389648
89.9038238525391
89.8644256591797
89.8278503417969
89.7968215942383
89.7744140625
89.7638854980469
89.7685317993164
89.7916564941406
89.836296081543
89.9050216674805
90
90.1224212646484
90.2723770141602
90.4490661621094
90.6509552001953
90.8759307861328
91.1214141845703
91.3844223022461
91.6618194580078
91.9503021240234
92.2465286254883
92.5472717285156
92.8493576049805
93.1498870849609
93.4458389282227
93.7343597412109
94.0130615234375
94.2800979614258
94.5342712402344
94.7751541137695
95.0030364990234
95.2188034057617
95.4241180419922
95.6210327148438
95.8120498657227
96
96.1876068115234
96.3773956298828
96.571647644043
96.772575378418
96.9823150634766
97.2027816772461
97.435791015625
97.6829681396484
97.9456634521484
98.224967956543
98.5216598510742
98.8360977172852
99.1682968139648
99.5175018310547
99.8824081420898
100.261436462402
100.652656555176
101.054145812988
101.463912963867
101.880111694336
102.300849914551
102.724601745605
103.149833679199
103.575325012207
104
104.422859191895
104.84285736084
105.259033203125
105.67073059082
106.077491760254
106.47924041748
106.876075744629
107.268455505371
107.657035827637
108.042602539062
108.426200866699
108.80876159668
109.191360473633
109.57470703125
109.959396362305
110.34602355957
110.735000610352
111.126853942871
111.522079467773
111.921310424805
112.325103759766
112.734184265137
113.149208068848
113.570922851562
114
114.436973571777
114.88215637207
115.335655212402
115.797515869141
116.267570495605
116.745582580566
117.231071472168
117.723510742188
118.222099304199
118.725868225098
119.233688354492
119.744178771973
120.255935668945
120.767211914062
121.276268005371
121.781455993652
122.281158447266
122.774017333984
123.259002685547
123.735542297363
124.203353881836
124.662734985352
125.114418029785
125.559608459473
126
126.437591552734
126.87467956543
127.313774108887
127.757453918457
128.20832824707
128.668853759766
129.14111328125
129.626922607422
130.127502441406
130.643600463867
131.175201416016
131.721603393555
132.281539916992
132.853012084961
133.433456420898
134.019989013672
134.609191894531
135.197402954102
135.780899047852
136.35612487793
136.91943359375
137.467834472656
137.998596191406
138.509750366211
139
139.468856811523
139.916854858398
140.345245361328
140.756134033203
141.152160644531
141.536529541016
141.912734985352
142.284591674805
142.655792236328
143.030029296875
143.410659790039
143.800674438477
144.202545166016
144.61833190918
145.049407958984
145.496627807617
145.959838867188
146.438217163086
146.930084228516
147.433227539062
147.944580078125
148.460739135742
148.977951049805
149.492309570312
150
150.497406005859
150.981552124023
151.449966430664
151.900924682617
152.333053588867
152.74577331543
153.138916015625
153.513046264648
153.869216918945
154.208923339844
154.534133911133
154.847183227539
155.150787353516
155.447952270508
155.741973876953
156.036331176758
156.33381652832
156.63703918457
156.947952270508
157.268035888672
157.597640991211
157.936828613281
158.28466796875
158.639724731445
159
159.363250732422
159.72721862793
160.08952331543
160.447784423828
160.799438476562
161.141967773438
161.472885131836
161.789947509766
162.091110229492
162.374710083008
162.639495849609
162.884750366211
163.110397338867
163.317291259766
163.50700378418
163.681915283203
163.84440612793
163.997222900391
164.143035888672
164.284683227539
164.424331665039
164.564254760742
164.706024169922
164.850982666016
165
165.153594970703
165.312286376953
165.476104736328
165.644744873047
165.817138671875
165.991775512695
166.16650390625
166.33869934082
166.505462646484
166.663497924805
166.809707641602
166.940887451172
167.054412841797
167.148284912109
167.221481323242
167.273742675781
167.305191040039
167.316635131836
167.309478759766
167.285537719727
167.246780395508
167.195953369141
167.135772705078
167.069366455078
167
166.931060791016
166.866424560547
166.80989074707
166.764755249023
166.733795166016
166.718994140625
166.721343994141
166.741104125977
166.777236938477
166.828002929688
166.890853881836
166.962249755859
167.038436889648
167.115417480469
167.189468383789
167.256759643555
167.313339233398
167.35546875
167.379577636719
167.382537841797
167.361343383789
167.313781738281
167.238143920898
167.133544921875
167
166.83837890625
166.650894165039
166.440612792969
166.211166381836
165.966293334961
165.710159301758
165.446533203125
165.179061889648
164.91096496582
164.644821166992
164.382736206055
164.126037597656
163.875534057617
163.63166809082
163.394470214844
163.163543701172
162.937530517578
162.714614868164
162.492416381836
162.268096923828
162.038375854492
161.799942016602
161.549423217773
161.283660888672
161
160.696441650391
160.372055053711
160.026672363281
159.660888671875
159.27587890625
158.873382568359
158.455444335938
158.024642944336
157.583572387695
157.135055541992
156.682006835938
156.227203369141
155.773406982422
155.323364257812
154.879806518555
154.445068359375
154.020874023438
153.608245849609
153.207717895508
152.81901550293
152.441040039062
152.072418212891
151.710983276367
151.354370117188
151
150.645172119141
150.287704467773
149.92546081543
149.556503295898
149.179321289062
148.792449951172
148.394836425781
147.985794067383
147.564819335938
147.131866455078
146.687255859375
146.231628417969
145.766036987305
145.291885375977
144.811004638672
144.325561523438
143.837371826172
143.348434448242
142.860290527344
142.374481201172
141.891815185547
141.413040161133
140.93830871582
140.46745300293
140
139.535140991211
139.072036743164
138.60954284668
138.146591186523
137.681732177734
137.21354675293
136.740539550781
136.261428833008
135.774826049805
135.279708862305
134.775253295898
134.260925292969
133.736572265625
133.202499389648
132.659317016602
132.108139038086
131.550048828125
130.986465454102
130.418762207031
129.848526000977
129.27702331543
128.705520629883
128.134994506836
127.566307067871
127
126.436347961426
125.875328063965
125.316741943359
124.760063171387
124.204635620117
123.649604797363
123.094146728516
122.53736114502
121.978553771973
121.417053222656
120.852554321289
120.28491973877
119.714385986328
119.14136505127
118.566566467285
117.991027832031
117.415878295898
116.842529296875
116.272445678711
115.707229614258
115.148307800293
114.597106933594
114.054794311523
113.522232055664
113
112.488204956055
111.986450195312
111.49382019043
111.009201049805
110.531127929688
110.05802154541
109.588195800781
109.120079040527
108.652145385742
108.183143615723
107.712059020996
107.238128662109
106.761047363281
106.280578613281
105.796737670898
105.310020446777
104.82103729248
104.330917358398
103.84098815918
103.352920532227
102.868385314941
102.389213562012
101.917098999023
101.453598022461
101
100.557106018066
100.125061035156
99.7034912109375
99.2916412353516
98.8884506225586
98.4926300048828
98.1026916503906
97.7172088623047
97.3346786499023
96.9536666870117
96.5729522705078
96.1913757324219
95.8080673217773
95.422004699707
95.0322723388672
94.638313293457
94.2398223876953
93.8370361328125
93.4305801391602
93.021614074707
92.6115341186523
92.2022857666016
91.7958297729492
91.3943405151367
91
90.6146621704102
90.2395401000977
89.875617980957
89.5234069824219
89.1832580566406
88.8553314208984
88.5394821166992
88.2355270385742
87.9430236816406
87.6613922119141
87.3899765014648
87.1278610229492
86.8740539550781
86.6270294189453
86.3849182128906
86.1459732055664
85.9084548950195
85.6710891723633
85.4329605102539
85.1936798095703
84.9533004760742
84.7124862670898
84.4722900390625
84.2341766357422
84
83.7715301513672
83.5502243041992
83.3374404907227
83.1346054077148
82.9431610107422
82.7644729614258
82.5999908447266
82.4510955810547
82.3189849853516
82.2046356201172
82.1087493896484
82.0315933227539
81.9729614257812
81.9317779541016
81.9061050415039
81.8937072753906
81.8920593261719
81.898551940918
81.910758972168
81.9264221191406
81.943489074707
81.9604263305664
81.9759826660156
81.9893188476562
82
82.0077285766602
82.0120239257812
82.0126419067383
82.009651184082
82.0035705566406
81.9953231811523
81.9861526489258
81.9777374267578
81.9718627929688
81.970588684082
81.9758758544922
81.9895248413086
82.0131072998047
82.0473937988281
82.0923843383789
82.1478500366211
82.2130508422852
82.2872772216797
82.3696899414062
82.4594802856445
82.5559463500977
82.658561706543
82.7668838500977
82.880729675293
83
83.124641418457
83.2541885375977
83.3883056640625
83.5268249511719
83.6699752807617
83.8183135986328
83.9727783203125
84.1346588134766
84.3055191040039
84.4871215820312
84.6813430786133
84.8898544311523
85.1142730712891
85.3554229736328
85.6135177612305
85.8884735107422
86.1797790527344
86.4868240356445
86.8088073730469
87.1448822021484
87.4939880371094
87.8551864624023
88.2273483276367
88.6093673706055
89
89.397834777832
89.8009490966797
90.2073745727539
90.6152267456055
91.0228576660156
91.428955078125
91.8325042724609
92.2330017089844
92.6302261352539
93.0243759155273
93.4159469604492
93.8055953979492
94.1942367553711
94.5824737548828
94.9706802368164
95.3594512939453
95.7492141723633
96.1406326293945
96.5344772338867
96.9316635131836
97.3329849243164
97.7395858764648
98.1523513793945
98.5722122192383
99
99.4362106323242
99.8809204101562
100.333831787109
100.794723510742
101.263198852539
101.738952636719
102.221694946289
102.711318969727
103.207740783691
103.710990905762
104.221237182617
104.73860168457
105.263229370117
105.795028686523
106.333610534668
106.87866973877
107.429733276367
107.986373901367
108.54817199707
109.114768981934
109.685577392578
110.26016998291
110.837921142578
111.418113708496
112
112.582557678223
113.164535522461
113.744598388672
114.321449279785
114.893913269043
115.461044311523
116.02205657959
116.576629638672
117.12467956543
117.666564941406
118.203056335449
118.735145568848
119.264312744141
119.792060852051
120.320129394531
120.850448608398
121.384902954102
121.925437927246
122.47388458252
123.031967163086
123.600952148438
124.181945800781
124.775497436523
125.381622314453
126
126.629600524902
127.268936157227
127.916152954102
128.568954467773
129.224884033203
129.881332397461
130.535659790039
131.185424804688
131.828277587891
132.462295532227
133.085983276367
133.698303222656
134.298736572266
134.887451171875
135.465057373047
136.032989501953
136.592636108398
137.145858764648
137.69482421875
138.241592407227
138.788024902344
139.335891723633
139.886596679688
140.44108581543
141
141.563354492188
142.130859375
142.701889038086
143.275344848633
143.849716186523
144.423294067383
144.994079589844
145.560043334961
146.119247436523
146.669830322266
147.210372924805
147.739700317383
148.257354736328
148.763412475586
149.258651733398
149.744674682617
150.222991943359
150.695587158203
151.164642333984
151.632202148438
152.100006103516
152.569732666016
153.042541503906
153.519180297852
154
154.484893798828
154.973617553711
155.465576171875
155.959686279297
156.45458984375
156.948547363281
157.439498901367
157.92546081543
158.404312133789
158.874145507812
159.333450317383
159.780868530273
160.216003417969
160.639022827148
161.051025390625
161.45378112793
161.849243164062
162.239715576172
162.627487182617
163.014907836914
163.403854370117
163.795928955078
164.192306518555
164.593612670898
165
165.411102294922
165.826522827148
166.245407104492
166.66650390625
167.087982177734
167.507583618164
167.922668457031
168.330444335938
168.727966308594
169.1123046875
169.481018066406
169.831802368164
170.163192749023
170.474700927734
170.766662597656
171.040542602539
171.297744750977
171.540420532227
171.770690917969
171.990829467773
172.202758789062
172.408416748047
172.609191894531
172.806121826172
173
173.191192626953
173.380126953125
173.567001342773
173.751480102539
173.932723999023
174.109390258789
174.279632568359
174.441314697266
174.592041015625
174.729339599609
174.851043701172
174.955062866211
175.040054321289
175.105514526367
175.152038574219
175.181030273438
175.194076538086
175.193328857422
175.181182861328
175.160110473633
175.132461547852
175.100646972656
175.066711425781
175.032608032227
175
174.970428466797
174.945510864258
174.926818847656
174.915283203125
174.911315917969
174.914581298828
174.924179077148
174.938583374023
174.955764770508
174.973190307617
174.988220214844
174.997940063477
174.999755859375
174.991546630859
174.971923828125
174.939880371094
174.894470214844
174.835189819336
174.761489868164
174.673034667969
174.569412231445
174.450485229492
174.315948486328
174.165740966797
174
173.819076538086
173.624053955078
173.416290283203
173.197250366211
172.968063354492
172.72998046875
172.483688354492
172.229965209961
171.969024658203
171.701019287109
171.425994873047
171.143783569336
170.854400634766
170.558197021484
170.255889892578
169.948501586914
169.636627197266
169.320877075195
169.001647949219
168.679092407227
168.352874755859
168.022613525391
167.687652587891
167.347030639648
167
166.645721435547
166.283996582031
165.914688110352
165.537780761719
165.153182983398
164.7607421875
164.360214233398
163.951324462891
163.533752441406
163.107147216797
162.671310424805
162.226089477539
161.771667480469
161.308685302734
160.838302612305
160.361999511719
159.881088256836
159.396911621094
158.910842895508
158.424057006836
157.937194824219
157.451110839844
156.966094970703
156.482360839844
156
155.518951416016
155.039398193359
154.561492919922
154.085159301758
153.610137939453
153.135848999023
152.661575317383
152.186325073242
151.70881652832
151.227691650391
150.741607666016
150.249084472656
149.748840332031
149.239944458008
148.7216796875
148.193893432617
147.656127929688
147.108261108398
146.550384521484
145.982482910156
145.40461730957
144.817108154297
144.220230102539
143.614288330078
143
142.378005981445
141.749282836914
141.115142822266
140.476638793945
139.834915161133
139.191055297852
138.5458984375
137.900283813477
137.254669189453
136.609512329102
135.965103149414
135.32145690918
134.678741455078
134.036804199219
133.395736694336
132.75553894043
132.115951538086
131.476928710938
130.838150024414
130.199523925781
129.560668945312
128.921447753906
128.281646728516
127.641143798828
127
126.358200073242
125.715888977051
125.073318481445
124.430717468262
123.788368225098
123.14656829834
122.505508422852
121.86547088623
121.2265625
120.588897705078
119.952484130859
119.317237854004
118.682975769043
118.049392700195
117.415969848633
116.782318115234
116.147811889648
115.511924743652
114.874206542969
114.234367370605
113.59204864502
112.947311401367
112.300193786621
111.650917053223
111
110.347938537598
109.695236206055
109.042442321777
108.390296936035
107.739501953125
107.091018676758
106.445762634277
105.804801940918
105.169166564941
104.539863586426
103.917831420898
103.303802490234
102.698394775391
102.101776123047
101.513679504395
100.93376159668
100.36141204834
99.7960510253906
99.2370910644531
98.6840591430664
98.1365203857422
97.5943450927734
97.0574340820312
96.5258865356445
96
95.4800262451172
94.9660110473633
94.4579772949219
93.9560623168945
93.4605407714844
92.9718399047852
92.4904403686523
92.0169906616211
91.552116394043
91.096435546875
90.6504211425781
90.2143173217773
89.7881240844727
89.3711853027344
88.962272644043
88.5599517822266
88.1625213623047
87.7683715820312
87.3759155273438
86.9838256835938
86.5909042358398
86.1964111328125
85.7998199462891
85.4009704589844
85
84.5971374511719
84.1924057006836
83.7858734130859
83.3779907226562
82.9693222045898
82.5607986450195
82.1535263061523
81.7489166259766
81.3484268188477
80.9535369873047
80.5657577514648
80.1862945556641
79.8161163330078
79.4555130004883
79.1040496826172
78.7611083984375
78.4258880615234
78.0977401733398
77.776123046875
77.4609069824219
77.1521606445312
76.8505783081055
76.5570602416992
76.2729949951172
76
75.7396926879883
75.4932098388672
75.2617034912109
75.0462188720703
74.8479080200195
74.6679306030273
74.5073623657227
74.3672256469727
74.2482070922852
74.1507568359375
74.0748901367188
74.0199432373047
73.9847793579102
73.9670867919922
73.9636154174805
73.9707946777344
73.9847869873047
74.0018692016602
74.018669128418
74.0322647094727
74.0403747558594
74.0415496826172
74.0350036621094
74.020881652832
74
73.9736862182617
73.9432678222656
73.9104690551758
73.8774871826172
73.8469467163086
73.8218078613281
73.8052597045898
73.8005676269531
73.8108520507812
73.8389053344727
73.8870239257812
73.9567642211914
74.0488052368164
74.1624755859375
74.295768737793
74.445915222168
74.6095275878906
74.7829360961914
74.9624404907227
75.1444625854492
75.3257293701172
75.5036163330078
75.6760177612305
75.841667175293
76
76.1510543823242
76.2950668334961
76.4329299926758
76.5662612915039
76.6975631713867
76.8299713134766
76.9672241210938
77.1135940551758
77.2734146118164
77.4512023925781
77.6510925292969
77.8766403198242
78.1307525634766
78.4148788452148
78.7290878295898
79.0724945068359
79.443229675293
79.8387222290039
80.2557983398438
80.6909255981445
81.1401290893555
81.5995407104492
82.0651626586914
82.5331649780273
83
83.4622802734375
83.9166030883789
84.3600921630859
84.7905960083008
85.2068710327148
85.6086959838867
85.9967575073242
86.3727874755859
86.7393569946289
87.0997619628906
87.4579086303711
87.8179244995117
88.1841354370117
88.5604095458984
88.9500045776367
89.3559875488281
89.78076171875
90.2264709472656
90.6947174072266
91.186653137207
91.7027435302734
92.243049621582
92.8069076538086
93.3931655883789
94
94.6249389648438
95.2646484375
95.9153594970703
96.5731582641602
97.2341842651367
97.894775390625
98.5515823364258
99.2018280029297
99.8432083129883
100.474060058594
101.093406677246
101.700759887695
102.296340942383
102.880508422852
103.453987121582
104.018043518066
104.574127197266
105.124183654785
105.670379638672
106.21516418457
106.760925292969
107.31014251709
107.865074157715
108.427772521973
109
109.582962036133
110.177261352539
110.783042907715
111.400032043457
112.02774810791
112.665489196777
113.312400817871
113.967636108398
114.630393981934
115.299934387207
115.975692749023
116.657188415527
117.344177246094
118.036376953125
118.733627319336
119.43603515625
120.143577575684
120.856460571289
121.574882507324
122.29907989502
123.028991699219
123.764549255371
124.505378723145
125.250846862793
126
126.751564025879
127.503944396973
128.255355834961
129.003814697266
129.747253417969
130.483764648438
131.211364746094
131.928497314453
132.633773803711
133.326232910156
134.005523681641
134.671661376953
135.325332641602
135.967880249023
136.601028442383
137.227294921875
137.849258422852
138.469833374023
139.092025756836
139.718795776367
140.352752685547
140.996307373047
141.651260375977
142.318923950195
143
143.694442749023
144.401748657227
145.120727539062
145.849578857422
146.585815429688
147.32649230957
148.068206787109
148.807266235352
149.539825439453
150.261993408203
150.970321655273
151.661590576172
152.333236694336
152.983596801758
153.611831665039
154.218276977539
154.803558349609
155.369262695312
155.917526245117
156.450927734375
156.972229003906
157.484664916992
157.991317749023
158.495391845703
159
159.508010864258
160.022262573242
160.54541015625
161.079223632812
161.624893188477
162.182846069336
162.752563476562
163.332626342773
163.920974731445
164.514724731445
165.110580444336
165.704742431641
166.293380737305
166.872863769531
167.440017700195
167.992172241211
168.526611328125
169.041229248047
169.534225463867
170.004333496094
170.450576782227
170.87272644043
171.270965576172
171.646179199219
172
172.33464050293
172.653579711914
172.960662841797
173.260208129883
173.556396484375
173.853332519531
174.154632568359
174.463607788086
174.782775878906
175.113891601562
175.458190917969
175.816040039062
176.187225341797
176.571243286133
176.967269897461
177.374084472656
177.789520263672
178.210952758789
178.635040283203
179.058044433594
179.475509643555
179.883010864258
180.275863647461
180.649536132812
181
181.323745727539
181.618682861328
181.883499145508
182.117706298828
182.321365356445
182.495071411133
182.639892578125
182.757354736328
182.849090576172
182.917236328125
182.964126586914
182.992172241211
183.00422668457
183.003677368164
182.994338989258
182.980163574219
182.96452331543
182.950317382812
182.93994140625
182.935134887695
182.936630249023
182.944641113281
182.958633422852
182.977569580078
183
183.024353027344
183.049545288086
183.074447631836
183.097915649414
183.118515014648
183.134658813477
183.144577026367
183.146392822266
183.137954711914
183.117279052734
183.082504272461
183.031768798828
182.963821411133
182.878082275391
182.774948120117
182.6552734375
182.519866943359
182.36994934082
182.206573486328
182.030960083008
181.84391784668
181.646591186523
181.439590454102
181.223785400391
181
180.769287109375
180.533386230469
180.2939453125
180.052764892578
179.811172485352
179.570068359375
179.329986572266
179.090789794922
178.851974487305
178.612350463867
178.370590209961
178.124893188477
177.873443603516
177.614685058594
177.34765625
177.071380615234
176.784805297852
176.486877441406
176.176559448242
175.85285949707
175.514617919922
175.160934448242
174.790924072266
174.404006958008
174
173.579147338867
173.142608642578
172.692047119141
172.229232788086
171.756011962891
171.27409362793
170.784896850586
170.289703369141
169.789260864258
169.283935546875
168.774063110352
168.259292602539
167.739349365234
167.214065551758
166.683410644531
166.1474609375
165.605880737305
165.058197021484
164.503967285156
163.942443847656
163.372817993164
162.794342041016
162.206314086914
161.608245849609
161
160.381805419922
159.754638671875
159.119903564453
158.479293823242
157.834350585938
157.186904907227
156.538467407227
155.890380859375
155.243774414062
154.599304199219
153.957550048828
153.318496704102
152.68212890625
152.04817199707
151.416366577148
150.786361694336
150.157211303711
149.527908325195
148.897201538086
148.263687133789
147.625671386719
146.981719970703
146.330261230469
145.669998168945
145
144.31965637207
143.629013061523
142.928527832031
142.219024658203
141.50146484375
140.777282714844
140.04768371582
139.314224243164
138.578247070312
137.841018676758
137.10383605957
136.367523193359
135.632995605469
134.900955200195
134.171783447266
133.445983886719
132.723358154297
132.003723144531
131.286590576172
130.571502685547
129.857559204102
129.144119262695
128.430465698242
127.715881347656
127
126.282485961914
125.563232421875
124.842414855957
124.120292663574
123.39729309082
122.673980712891
121.950881958008
121.228630065918
120.507743835449
119.788619995117
119.071586608887
118.356674194336
117.643814086914
116.932579040527
116.222290039062
115.512229919434
114.801361083984
114.088760375977
113.373489379883
112.654846191406
111.932144165039
111.205192565918
110.47388458252
109.738594055176
109
108.259002685547
107.516632080078
106.774101257324
106.032852172852
105.294387817383
104.560432434082
103.832588195801
103.112510681152
102.401641845703
101.701156616211
101.011962890625
100.334381103516
99.6684417724609
99.0133285522461
98.3675384521484
97.7293167114258
97.0964736938477
96.4668273925781
95.8381118774414
95.2084197998047
94.5759506225586
93.9394683837891
93.2980880737305
92.6515274047852
92
91.3440856933594
90.6844940185547
90.0222930908203
89.3589553833008
88.6963653564453
88.0367965698242
87.3827133178711
86.7368621826172
86.1019134521484
85.48046875
84.8748550415039
84.2868881225586
83.7179565429688
83.1683654785156
82.6374588012695
82.1240997314453
81.626579284668
81.1430282592773
80.6714248657227
80.2098388671875
79.7564392089844
79.3097686767578
78.8686065673828
78.4321746826172
78
77.5718231201172
77.1471252441406
76.7256011962891
76.3072738647461
75.8925628662109
75.4821472167969
75.0770645141602
74.6785659790039
74.2880020141602
73.9066467285156
73.5356216430664
73.1756744384766
72.8271484375
72.4893188476562
72.1606826782227
71.8393173217773
71.5230026245117
71.2096710205078
70.8973693847656
70.5846099853516
70.2703399658203
69.9541473388672
69.6363296508789
69.3177719116211
69
68.6848602294922
68.3740386962891
68.069450378418
67.7733993530273
67.4885025024414
67.2177047729492
66.9640502929688
66.7306900024414
66.5205535888672
66.3362350463867
66.179817199707
66.0525283813477
65.9548110961914
65.8854522705078
65.8419647216797
65.8210067749023
65.8186187744141
65.8305511474609
65.8525009155273
65.8803939819336
65.9104614257812
65.9396057128906
65.9652862548828
65.9857482910156
66
66.0075149536133
66.0078582763672
66.0011672973633
65.98828125
65.9708404541016
65.9512329101562
65.9323348999023
65.9176559448242
65.9108276367188
65.9155654907227
65.935417175293
65.9734039306641
66.0319366455078
66.1120147705078
66.2133636474609
66.3349227905273
66.4749526977539
66.6313705444336
66.8018035888672
66.9839019775391
67.1753234863281
67.374153137207
67.5786590576172
67.7875518798828
68
68.2152938842773
68.4325714111328
68.6512298583984
68.871208190918
69.0930633544922
69.3179168701172
69.547492980957
69.7839050292969
70.0296859741211
70.2873916625977
70.5596389770508
70.8486175537109
71.1561660766602
71.4829940795898
71.8287200927734
72.1924362182617
72.5726852416992
72.9677352905273
73.375732421875
73.7947769165039
74.223014831543
74.6589126586914
75.1010437011719
75.5483322143555
76
76.4553451538086
76.9134140014648
77.3735198974609
77.8354110717773
78.2993392944336
78.7661666870117
79.2372360229492
79.7144393920898
80.1999740600586
80.6962356567383
81.2058029174805
81.7309417724609
82.2736587524414
82.8350677490234
83.415397644043
84.0143890380859
84.6311645507812
85.2644958496094
85.9127655029297
86.5741882324219
87.2465896606445
87.9277648925781
88.615348815918
89.3069000244141
90
90.6920623779297
91.3802185058594
92.0617218017578
92.7342300415039
93.3958740234375
94.0454406738281
94.6823425292969
95.3068008422852
95.9196624755859
96.5224380493164
97.1172332763672
97.7065200805664
98.2931747436523
98.8798522949219
99.4691467285156
100.063735961914
100.666030883789
101.278434753418
101.90323638916
102.542419433594
103.197685241699
103.870407104492
104.561485290527
105.271354675293
106
106.746734619141
107.510124206543
108.288360595703
109.079223632812
109.880393981934
110.689453125
111.504058837891
112.322090148926
113.141510009766
113.960716247559
114.77840423584
115.593551635742
116.405609130859
117.214126586914
118.018966674805
118.820365905762
119.618766784668
120.414825439453
121.209465026855
122.003753662109
122.798568725586
123.594940185547
124.393630981445
125.195213317871
126
126.807960510254
127.618705749512
128.43147277832
129.245300292969
130.058883666992
130.87077331543
131.679428100586
132.483200073242
133.280426025391
134.069625854492
134.849563598633
135.619247436523
136.378005981445
137.125823974609
137.862945556641
138.590347290039
139.309326171875
140.021423339844
140.728744506836
141.433502197266
142.137954711914
142.844604492188
143.555709838867
144.273483276367
145
145.736907958984
146.485778808594
147.247741699219
148.023345947266
148.812591552734
149.614822387695
150.428649902344
151.252227783203
152.082885742188
152.917678833008
153.753234863281
154.585876464844
155.412063598633
156.228393554688
157.031890869141
157.820159912109
158.590835571289
159.342132568359
160.072647094727
160.781555175781
161.468109130859
162.132568359375
162.775299072266
163.397247314453
164
164.585556030273
165.156829833984
165.71696472168
166.269348144531
166.817169189453
167.36344909668
167.910705566406
168.461013793945
169.015838623047
169.576019287109
170.141799926758
170.712768554688
171.288238525391
171.867248535156
172.448837280273
173.031982421875
173.614944458008
174.195770263672
174.772277832031
175.342056274414
175.902404785156
176.450759887695
176.98454284668
177.501510620117
178
178.478805541992
178.938064575195
179.378601074219
179.801864624023
180.209609985352
180.604034423828
180.987380981445
181.362014770508
181.730224609375
182.094314575195
182.456405639648
182.818420410156
183.182235717773
183.549850463867
183.923431396484
184.304809570312
184.695022583008
185.094436645508
185.502578735352
185.918075561523
186.338531494141
186.760986328125
187.181579589844
187.596038818359
188
188.389068603516
188.759674072266
189.108795166016
189.433731079102
189.73210144043
190.001953125
190.241622924805
190.450057983398
190.626693725586
190.771408081055
190.884979248047
190.968673706055
191.024749755859
191.056427001953
191.068222045898
191.064987182617
191.05158996582
191.032699584961
191.012435913086
190.994476318359
190.981323242188
190.974960327148
190.976089477539
190.984664916992
191
191.020736694336
191.04573059082
191.073547363281
191.102310180664
191.129547119141
191.152709960938
191.168731689453
191.174560546875
191.167098999023
191.143524169922
191.101486206055
191.039108276367
190.955520629883
190.851089477539
190.727401733398
190.587066650391
190.432693481445
190.267395019531
190.094131469727
189.915649414062
189.734069824219
189.551116943359
189.36767578125
189.184066772461
189
188.81462097168
188.627319335938
188.436996459961
188.242080688477
188.040313720703
187.829071044922
187.605102539062
187.365097045898
187.105560302734
186.823181152344
186.515060424805
186.178970336914
185.813583374023
185.419021606445
184.996810913086
184.549652099609
184.080642700195
183.593551635742
183.09245300293
182.581481933594
182.064392089844
181.544891357422
181.02604675293
180.510391235352
180
179.496292114258
179.000640869141
178.513763427734
178.035629272461
177.565277099609
177.100845336914
176.6396484375
176.17854309082
175.713668823242
175.241027832031
174.756683349609
174.256805419922
173.738159179688
173.19856262207
172.636917114258
172.053100585938
171.447418212891
170.820831298828
170.174819946289
169.511199951172
168.831848144531
168.138961791992
167.434616088867
166.720932006836
166
165.273818969727
164.544769287109
163.814849853516
163.086013793945
162.359512329102
161.63623046875
160.916427612305
160.200103759766
159.486663818359
158.775344848633
158.065216064453
157.355194091797
156.644515991211
155.932510375977
155.219039916992
154.504364013672
153.788345336914
153.071243286133
152.353042602539
151.633666992188
150.91276550293
150.189804077148
149.464004516602
148.734420776367
148
147.25944519043
146.511779785156
145.755920410156
144.990875244141
144.215545654297
143.428924560547
142.63005065918
141.818237304688
140.992919921875
140.154052734375
139.301788330078
138.43684387207
137.560455322266
136.674346923828
135.780715942383
134.882308959961
133.981735229492
133.081924438477
132.185577392578
131.295425415039
130.413589477539
129.542053222656
128.682174682617
127.834701538086
127
126.177627563477
125.366676330566
124.565689086914
123.772720336914
122.985397338867
122.201179504395
121.417236328125
120.630920410156
119.839561462402
119.040824890137
118.232788085938
117.413864135742
116.583114624023
115.740020751953
114.884582519531
114.017509460449
113.139854431152
112.253265380859
111.359786987305
110.461906433105
109.562187194824
108.663475036621
107.768486022949
106.879852294922
106
105.130867004395
104.273796081543
103.429595947266
102.598655700684
101.780876159668
100.975929260254
100.183158874512
99.4017791748047
98.6308288574219
97.8692779541016
97.1161727905273
96.3704147338867
95.6310806274414
94.8969879150391
94.166862487793
93.4396667480469
92.7145233154297
91.9908981323242
91.268684387207
90.5481491088867
89.8298187255859
89.1146545410156
88.4037628173828
87.6984405517578
87
86.3095397949219
85.6276092529297
84.9544982910156
84.2902908325195
83.6350479125977
82.9887084960938
82.3512191772461
81.7225036621094
81.1025390625
80.4912261962891
79.8884963989258
79.2941207885742
78.7078323364258
78.1287612915039
77.5556335449219
76.9872589111328
76.4223709106445
75.8601150512695
75.299919128418
74.7416305541992
74.1854782104492
73.6321563720703
73.0826263427734
72.5381164550781
72
71.469482421875
70.9470520019531
70.4330139160156
69.9275436401367
69.4308013916016
68.9429397583008
68.4641571044922
67.9946212768555
67.5346221923828
67.0841979980469
66.6434631347656
66.2121810913086
65.7899703979492
65.3756561279297
64.9673614501953
64.5632781982422
64.1616134643555
63.7610168457031
63.3606185913086
62.9602317810059
62.5603065490723
62.1621437072754
61.7676162719727
61.3792533874512
61
60.6328811645508
60.2803535461426
59.9447326660156
59.6283798217773
59.333610534668
59.0627365112305
58.8178901672363
58.6010513305664
58.4137420654297
58.2570495605469
58.1314086914062
58.0363807678223
57.9706954956055
57.9315299987793
57.9147605895996
57.9156608581543
57.9291305541992
57.9501152038574
57.9738693237305
57.9962196350098
58.0136985778809
58.0238494873047
58.0251121520996
58.0170059204102
58
57.9752197265625
57.9438591003418
57.9077224731445
57.8692970275879
57.8317947387695
57.7990570068359
57.7753257751465
57.7651672363281
57.7731132507324
57.8034553527832
57.8599700927734
57.9456062316895
58.0622825622559
58.2101402282715
58.3876190185547
58.592113494873
58.8201065063477
59.0675735473633
59.330150604248
59.6034812927246
59.8833351135254
60.1659126281738
60.4478950500488
60.7265892028809
61
61.2665710449219
61.5247688293457
61.7736854553223
62.0132789611816
62.244441986084
62.4690055847168
62.6895942687988
62.9096221923828
63.1329345703125
63.3637008666992
63.606128692627
63.8640899658203
64.140998840332
64.4389801025391
64.758918762207
65.1009826660156
65.4646072387695
65.8487930297852
66.2522583007812
66.6735687255859
67.111198425293
67.5638046264648
68.0301055908203
68.5091247558594
69
69.5019836425781
70.0139007568359
70.534782409668
71.0639877319336
71.6014556884766
72.1476211547852
72.703369140625
73.2700881958008
73.8493423461914
74.4429321289062
75.0525360107422
75.6795883178711
76.3250885009766
76.9890289306641
77.6704177856445
78.3677444458008
79.0790176391602
79.8019714355469
80.5342407226562
81.2734375
82.017219543457
82.7635116577148
83.5103988647461
84.2563171386719
85
85.740364074707
86.4762115478516
87.2066268920898
87.9312210083008
88.6501083374023
89.3639755249023
90.0740127563477
90.7819442749023
91.4897842407227
92.1997985839844
92.9144515991211
93.6359558105469
94.3665237426758
95.1075744628906
95.8599700927734
96.6242904663086
97.4006271362305
98.1888885498047
98.9887771606445
99.7998352050781
100.621444702148
101.453010559082
102.293762207031
103.143013000488
104
104.863838195801
105.733345031738
106.607406616211
107.484954833984
108.365074157715
109.246994018555
110.130210876465
111.014366149902
111.89917755127
112.784538269043
113.670402526855
114.556694030762
115.443389892578
116.330177307129
117.216682434082
118.102569580078
118.987350463867
119.870635986328
120.752136230469
121.631683349609
122.509086608887
123.384437561035
124.257804870605
125.129524230957
126
126.869728088379
127.739242553711
128.609237670898
129.480392456055
130.353302001953
131.228729248047
132.107147216797
132.988967895508
133.874420166016
134.76350402832
135.656005859375
136.551406860352
137.44905090332
138.348052978516
139.247406005859
140.146148681641
141.04296875
141.936553955078
142.825607299805
143.708908081055
144.585021972656
145.453018188477
146.311889648438
147.160995483398
148
148.828979492188
149.648590087891
150.459762573242
151.263793945312
152.062133789062
152.856246948242
153.647598266602
154.437530517578
155.227203369141
156.017486572266
156.809158325195
157.602554321289
158.397933959961
159.195541381836
159.995452880859
160.797882080078
161.602386474609
162.408493041992
163.21533203125
164.021896362305
164.826766967773
165.628540039062
166.425689697266
167.21662902832
168
168.774780273438
169.540435791016
170.296997070312
171.044387817383
171.782745361328
172.511993408203
173.232025146484
173.942474365234
174.642684936523
175.331878662109
176.009094238281
176.673156738281
177.323150634766
177.958435058594
178.578826904297
179.184600830078
179.775665283203
180.352203369141
180.914398193359
181.46240234375
181.996307373047
182.516448974609
183.023254394531
183.517425537109
184
184.472564697266
184.937698364258
185.398345947266
185.857604980469
186.318435668945
186.78352355957
187.25505065918
187.734634399414
188.223175048828
188.720840454102
189.227157592773
189.740859985352
190.260314941406
190.783660888672
191.309143066406
191.834808349609
192.357833862305
192.875061035156
193.382873535156
193.877334594727
194.354019165039
194.808715820312
195.237075805664
195.635208129883
196
196.329116821289
196.621948242188
196.87907409668
197.101913452148
197.292572021484
197.453582763672
197.587951660156
197.698959350586
197.789947509766
197.864288330078
197.925506591797
197.976898193359
198.021926879883
198.064346313477
198.108139038086
198.1572265625
198.214340209961
198.281692504883
198.360275268555
198.450256347656
198.550415039062
198.658737182617
198.772247314453
198.887329101562
199
199.106246948242
199.202774047852
199.286758422852
199.355377197266
199.405868530273
199.43586730957
199.442947387695
199.425140380859
199.380569458008
199.307907104492
199.206466674805
199.075912475586
198.917129516602
198.732086181641
198.523956298828
198.296936035156
198.054885864258
197.802017211914
197.542373657227
197.279586791992
197.016510009766
196.755645751953
196.49870300293
196.246658325195
196
195.758819580078
195.523452758789
195.293823242188
195.069244384766
194.848281860352
194.62890625
194.408142089844
194.182693481445
193.948516845703
193.701446533203
193.437286376953
193.15185546875
192.841537475586
192.503860473633
192.137496948242
191.741989135742
191.317306518555
190.863998413086
190.383010864258
189.875595092773
189.343154907227
188.78742980957
188.210266113281
187.613677978516
187
186.37174987793
185.732376098633
185.08544921875
184.434326171875
183.781997680664
183.130935668945
182.483016967773
181.83952331543
181.200942993164
180.567245483398
179.937957763672
179.312026977539
178.688385009766
178.066024780273
177.444259643555
176.822631835938
176.199966430664
175.575210571289
174.946990966797
174.313659667969
173.673217773438
173.023788452148
172.363128662109
171.689117431641
171
170.294158935547
169.570861816406
168.830001831055
168.071472167969
167.295684814453
166.503128051758
165.694366455078
164.870254516602
164.031707763672
163.179702758789
162.315658569336
161.440826416016
160.55712890625
159.666641235352
158.771865844727
157.875595092773
156.980056762695
156.087417602539
155.199432373047
154.3173828125
153.441848754883
152.573043823242
151.710464477539
150.853210449219
150
149.149215698242
148.299255371094
147.448501586914
146.595077514648
145.737075805664
144.872665405273
144.000076293945
143.117691040039
142.224227905273
141.318710327148
140.400650024414
139.469924926758
138.527191162109
137.573516845703
136.610656738281
135.640838623047
134.666412353516
133.690002441406
132.714233398438
131.741729736328
130.774795532227
129.815673828125
128.866012573242
127.927131652832
127
126.084838867188
125.181480407715
124.28923034668
123.406845092773
122.532608032227
121.664489746094
120.800117492676
119.936981201172
119.072448730469
118.203926086426
117.329032897949
116.445526123047
115.551658630371
114.645896911621
113.727157592773
112.794967651367
111.84937286377
110.891014099121
109.921226501465
108.941925048828
107.955467224121
106.964767456055
105.972999572754
104.983573913574
104
103.02555847168
102.063095092773
101.115020751953
100.183372497559
99.2696533203125
98.3748474121094
97.4994201660156
96.6433029174805
95.8058319091797
94.9858474731445
94.1816635131836
93.3910293579102
92.6113204956055
91.8392639160156
91.0710678100586
90.3030624389648
89.5315551757812
88.7533721923828
87.9658813476562
87.1672286987305
86.356315612793
85.5329818725586
84.6979751586914
83.8528518676758
83
82.1422424316406
81.2824630737305
80.4238433837891
79.5698471069336
78.7241439819336
77.8905334472656
77.0727996826172
76.2746200561523
75.4992828369141
74.7495880126953
74.0277862548828
73.3351593017578
72.6722106933594
72.0378799438477
71.4298400878906
70.8449859619141
70.2795486450195
69.7294769287109
69.1906280517578
68.6590194702148
68.1309661865234
67.6033096313477
67.0734558105469
66.5394287109375
66
65.4543304443359
64.9016265869141
64.3415832519531
63.7746162414551
63.2019195556641
62.6253929138184
62.0476417541504
61.4718055725098
60.9014129638672
60.3401260375977
59.791633605957
59.2592430114746
58.7457695007324
58.2527847290039
57.7806129455566
57.3289413452148
56.8968620300293
56.4831695556641
56.0864753723145
55.7054557800293
55.338809967041
54.9855728149414
54.6449546813965
54.3165016174316
54
53.6951751708984
53.4012260437012
53.1173362731934
52.8430786132812
52.578426361084
52.3238143920898
52.0801429748535
51.8487129211426
51.631046295166
51.4287948608398
51.2435188293457
51.0764503479004
50.9283142089844
50.7986259460449
50.6856880187988
50.5873489379883
50.501049041748
50.4242477416992
50.3544845581055
50.2896690368652
50.2280540466309
50.168571472168
50.1106262207031
50.0542602539062
50
49.9485893249512
49.9003677368164
49.8558578491211
49.8160858154297
49.7826080322266
49.7575607299805
49.7435150146484
49.7434844970703
49.7606582641602
49.7982597351074
49.8592796325684
49.9462089538574
50.0608558654785
50.2035331726074
50.3730773925781
50.5675964355469
50.7845649719238
51.0211334228516
51.2743377685547
51.5412826538086
51.8192253112793
52.1058349609375
52.3991317749023
52.697566986084
53
53.3054275512695
53.6124382019043
53.9198608398438
54.2271156311035
54.534236907959
54.841983795166
55.1517868041992
55.4656677246094
55.7861328125
56.1159515380859
56.4580421447754
56.8150978088379
57.1894607543945
57.5824165344238
57.9940986633301
58.4242248535156
58.8720397949219
59.3367042541504
59.817253112793
60.3129005432129
60.8228797912598
61.3467864990234
61.8843193054199
62.435375213623
63
63.578052520752
64.1687088012695
64.7710113525391
65.3841552734375
66.0075073242188
66.640739440918
67.28369140625
67.9364395141602
68.5992050170898
69.272216796875
69.9556274414062
70.6493606567383
71.3530349731445
72.0654144287109
72.7845306396484
73.5082778930664
74.2344360351562
74.9611282348633
75.6866760253906
76.4100875854492
77.1307830810547
77.8490371704102
78.5656204223633
79.2819442749023
80
80.7219619750977
81.4498901367188
82.1857986450195
82.9320297241211
83.6909866333008
84.4651718139648
85.2569198608398
86.0684509277344
86.9015884399414
87.7576141357422
88.6371917724609
89.5400695800781
90.4652862548828
91.410514831543
92.3723831176758
93.3469619750977
94.3297119140625
95.316047668457
96.3014602661133
97.2816925048828
98.2529373168945
99.2122039794922
100.157203674316
101.08659362793
102
102.897895812988
103.781372070312
104.652397155762
105.513702392578
106.36873626709
107.221466064453
108.07625579834
108.937561035156
109.809715270996
110.696716308594
111.602066040039
112.528373718262
113.477432250977
114.44979095459
115.444877624512
116.46118927002
117.496246337891
118.546821594238
119.60920715332
120.67928314209
121.752731323242
122.825355529785
123.893089294434
124.952301025391
126
127.033782958984
128.052032470703
129.053955078125
130.039520263672
131.00959777832
131.965576171875
132.909484863281
133.843765258789
134.771072387695
135.694107055664
136.615570068359
137.537826538086
138.463150024414
139.393157958984
140.329284667969
141.272506713867
142.223114013672
143.180923461914
144.145324707031
145.115432739258
146.089752197266
147.066909790039
148.045303344727
149.0234375
150
150.973983764648
151.944915771484
152.912719726562
153.877639770508
154.839904785156
155.800155639648
156.758605957031
157.715713500977
158.671463012695
159.625625610352
160.577697753906
161.52685546875
162.471969604492
163.411880493164
164.345504760742
165.271713256836
166.188873291016
167.09538269043
167.98942565918
168.869232177734
169.732894897461
170.578887939453
171.405899047852
172.212997436523
173
173.767379760742
174.516845703125
175.250701904297
175.971984863281
176.683746337891
177.389312744141
178.091690063477
178.793762207031
179.497955322266
180.205963134766
180.919235229492
181.638259887695
182.363189697266
183.093902587891
183.830017089844
184.570785522461
185.314605712891
186.059204101562
186.801635742188
187.538604736328
188.266052246094
188.979949951172
189.676162719727
190.350631713867
191
191.621612548828
192.214309692383
192.778030395508
193.313430786133
193.821762084961
194.304931640625
194.765045166016
195.204650878906
195.626281738281
196.032669067383
196.426574707031
196.810699462891
197.187881469727
197.561370849609
197.934692382812
198.311279296875
198.693649291992
199.083786010742
199.482681274414
199.890441894531
200.305999755859
200.727645874023
201.152709960938
201.577972412109
202
202.415283203125
202.821212768555
203.215454101562
203.59587097168
203.960357666016
204.306884765625
204.633392333984
204.938095092773
205.219192504883
205.475250244141
205.705230712891
205.908432006836
206.084991455078
206.236145019531
206.36442565918
206.472991943359
206.564849853516
206.643264770508
206.711059570312
206.770950317383
206.824661254883
206.87385559082
206.919281005859
206.961318969727
207
207.035140991211
207.067199707031
207.096527099609
207.123046875
207.146041870117
207.164428710938
207.17626953125
207.17919921875
207.170394897461
207.146514892578
207.104415893555
207.040756225586
206.952896118164
206.838989257812
206.698684692383
206.532165527344
206.339889526367
206.122772216797
205.881698608398
205.617980957031
205.332595825195
205.026870727539
204.70198059082
204.359146118164
204
203.626312255859
203.240936279297
202.846984863281
202.447326660156
202.044372558594
201.640182495117
201.235824584961
200.831954956055
200.428268432617
200.023910522461
199.617477416992
199.207168579102
198.791152954102
198.368011474609
197.936889648438
197.497299194336
197.048309326172
196.589141845703
196.118774414062
195.636276245117
195.140289306641
194.629730224609
194.103424072266
193.560348510742
193
192.422286987305
191.828323364258
191.219741821289
190.598342895508
189.966018676758
189.324462890625
188.675170898438
188.019302368164
187.357620239258
186.69059753418
186.018402099609
185.340850830078
184.657775878906
183.969299316406
183.275970458984
182.578247070312
181.87614440918
181.169448852539
180.457550048828
179.739501953125
179.01383972168
178.27897644043
177.532958984375
176.773864746094
176
175.20979309082
174.402786254883
173.578765869141
172.737945556641
171.880630493164
171.007476806641
170.119033813477
169.21614074707
168.299621582031
167.37043762207
166.429794311523
165.47883605957
164.519165039062
163.552719116211
162.581802368164
161.608963012695
160.636291503906
159.665679931641
158.698745727539
157.736587524414
156.779693603516
155.828186035156
154.881698608398
153.939300537109
153
152.062408447266
151.125396728516
150.187713623047
149.248046875
148.305053710938
147.35725402832
146.403335571289
145.442001342773
144.472137451172
143.492797851562
142.503448486328
141.503723144531
140.493774414062
139.474182128906
138.446029663086
137.410736083984
136.369613647461
135.324340820312
134.276382446289
133.227310180664
132.178253173828
131.130386352539
130.084442138672
129.040908813477
128
126.961669921875
125.925582885742
124.891212463379
123.857803344727
122.824462890625
121.790298461914
120.754341125488
119.715835571289
118.674133300781
117.628829956055
116.579856872559
115.527366638184
114.471969604492
113.414375305176
112.35546875
111.296524047852
110.238838195801
109.18391418457
108.133323669434
107.088691711426
106.051475524902
105.023109436035
104.004600524902
102.996765136719
102
101.014190673828
100.03849029541
99.0716323852539
98.1119232177734
97.1575241088867
96.20654296875
95.2570648193359
94.3073425292969
93.3559646606445
92.4017562866211
91.4440002441406
90.482307434082
89.5167694091797
88.5475158691406
87.5748138427734
86.5994338989258
85.6224136352539
84.6452941894531
83.6700744628906
82.6991119384766
81.7349319458008
80.7803192138672
79.8379745483398
78.9104461669922
78
77.1082534790039
76.2357559204102
75.3823165893555
74.5473403930664
73.7296981811523
72.9280700683594
72.1408996582031
71.3665771484375
70.6035308837891
69.8501739501953
69.1050720214844
68.3668899536133
67.6343536376953
66.9059143066406
66.1796875
65.454231262207
64.7285003662109
64.0020294189453
63.2751121520996
62.5487327575684
61.8244781494141
61.1046676635742
60.391975402832
59.6893920898438
59
58.3265151977539
57.6706619262695
57.0336494445801
56.4163665771484
55.8194046020508
55.2432022094727
54.6879348754883
54.1536560058594
53.6402549743652
53.1473541259766
52.674373626709
52.2203140258789
51.7838554382324
51.3626251220703
50.953426361084
50.5529708862305
50.158016204834
49.7657623291016
49.373966217041
48.9810676574707
48.5863037109375
48.1897277832031
47.792106628418
47.3948822021484
47
46.6094703674316
46.2246894836426
45.8470191955566
45.4780426025391
45.1195640563965
44.7737197875977
44.4428405761719
44.1294555664062
43.836124420166
43.5653190612793
43.3192329406738
43.0995674133301
42.9073333740234
42.7420921325684
42.6020088195801
42.4846305847168
42.3870277404785
42.3062019348145
42.239128112793
42.1830673217773
42.1356010437012
42.0948181152344
42.0592269897461
42.0278205871582
42
41.9752655029297
41.9525566101074
41.930965423584
41.9101715087891
41.8905181884766
41.8731155395508
41.8598289489746
41.8532752990723
41.8566589355469
41.873592376709
41.907901763916
41.9633026123047
42.0431594848633
42.1496086120605
42.2834510803223
42.4448890686035
42.6335868835449
42.8488273620605
43.0896492004395
43.3549308776855
43.643367767334
43.9536323547363
44.284252166748
44.6336326599121
45
45.3810997009277
45.7736854553223
46.174201965332
46.5793952941895
46.9863777160645
47.3929710388184
47.7976760864258
48.1998748779297
48.5997581481934
48.9982643127441
49.3969879150391
49.7979507446289
50.2034645080566
50.6153221130371
51.0347442626953
51.4630661010742
51.9016723632812
52.3521347045898
52.8162307739258
53.2959518432617
53.793342590332
54.3105850219727
54.8496360778809
55.4123229980469
56
56.6133041381836
57.2514991760254
57.9131469726562
58.5964126586914
59.2992630004883
60.0195541381836
60.7552185058594
61.5043487548828
62.2652206420898
63.0362663269043
63.8161888122559
64.6037216186523
65.3977355957031
66.1965713500977
66.9982452392578
67.8009948730469
68.6033020019531
69.4042129516602
70.2032318115234
71.0005569458008
71.7967758178711
72.5931549072266
73.3912200927734
74.1928405761719
75
75.8144989013672
76.6375198364258
77.4698791503906
78.3124389648438
79.1659774780273
80.0312881469727
80.9091873168945
81.8005599975586
82.7063064575195
83.6271820068359
84.5639801025391
85.5171585083008
86.4869766235352
87.4729919433594
88.4741287231445
89.4891510009766
90.5165100097656
91.5546951293945
92.6021270751953
93.6573638916016
94.7188262939453
95.7851943969727
96.8550491333008
97.9270858764648
99
100.072364807129
101.142456054688
102.208641052246
103.269401550293
104.323524475098
105.370162963867
106.408874511719
107.43962097168
108.462814331055
109.479293823242
110.490325927734
111.497383117676
112.502319335938
113.506866455078
114.512825012207
115.522125244141
116.536506652832
117.557723999023
118.587440490723
119.627075195312
120.677711486816
121.740173339844
122.814819335938
123.901596069336
125
126.109046936035
127.227325439453
128.35302734375
129.484069824219
130.618194580078
131.753112792969
132.886352539062
134.015731811523
135.139099121094
136.25456237793
137.360717773438
138.456359863281
139.540817260742
140.614059448242
141.676483154297
142.729049682617
143.772903442383
144.809585571289
145.840728759766
146.868148803711
147.893402099609
148.918045043945
149.943420410156
150.970428466797
152
153.032592773438
154.068618774414
155.108337402344
156.151504516602
157.197662353516
158.245803833008
159.294616699219
160.342697143555
161.388107299805
162.429061889648
163.463714599609
164.490234375
165.507217407227
166.51383972168
167.509872436523
168.495651245117
169.47151184082
170.43815612793
171.396270751953
172.346694946289
173.289916992188
174.226593017578
175.157012939453
176.081436157227
177
177.912841796875
178.820541381836
179.723709106445
180.622680664062
181.517532348633
182.40788269043
183.292922973633
184.171585083008
185.042236328125
185.903121948242
186.752349853516
187.587921142578
188.408096313477
189.211944580078
189.999114990234
190.769927978516
191.524444580078
192.263031005859
192.985961914062
193.693572998047
194.385772705078
195.062652587891
195.724044799805
196.369812011719
197
197.614959716797
198.216003417969
198.804763793945
199.382858276367
199.951843261719
200.512969970703
201.067153930664
201.614944458008
202.156600952148
202.691864013672
203.220504760742
203.742004394531
204.256103515625
204.762969970703
205.263732910156
205.75944519043
206.250915527344
206.738815307617
207.223159790039
207.703735351562
208.179382324219
208.648895263672
209.110244750977
209.561325073242
210
210.424163818359
210.832931518555
211.225616455078
211.601760864258
211.960678100586
212.301574707031
212.623458862305
212.925247192383
213.205535888672
213.463043212891
213.69660949707
213.905212402344
214.088470458984
214.247055053711
214.382873535156
214.498550415039
214.596496582031
214.679443359375
214.749710083008
214.809616088867
214.860717773438
214.904571533203
214.941986083984
214.9736328125
215
215.021514892578
215.039566040039
215.055480957031
215.070098876953
215.083831787109
215.096328735352
215.106384277344
215.112075805664
215.110733032227
215.099014282227
215.073379516602
215.029724121094
214.964447021484
214.874725341797
214.758819580078
214.61555480957
214.443862915039
214.24299621582
214.012390136719
213.75178527832
213.46076965332
213.139495849609
212.788360595703
212.408020019531
212
211.566497802734
211.11116027832
210.638519287109
210.153121948242
209.659423828125
209.161605834961
208.663223266602
208.167129516602
207.675430297852
207.18928527832
206.709274291992
206.235092163086
205.766067504883
205.30143737793
204.840850830078
204.383529663086
203.927841186523
203.471817016602
203.012786865234
202.547729492188
202.072814941406
201.584396362305
201.078521728516
200.551452636719
200
199.421661376953
198.815505981445
198.181533813477
197.520462036133
196.833206176758
196.121322631836
195.38623046875
194.629623413086
193.853057861328
193.05810546875
192.246246337891
191.4189453125
190.577774047852
189.724746704102
188.862213134766
187.992706298828
187.117980957031
186.239562988281
185.358383178711
184.474838256836
183.588623046875
182.699249267578
181.805511474609
180.906143188477
180
179.085952758789
178.163604736328
177.233123779297
176.294570922852
175.348098754883
174.39387512207
173.431945800781
172.462417602539
171.485046386719
170.499618530273
169.506072998047
168.504104614258
167.493804931641
166.475555419922
165.450164794922
164.418914794922
163.382629394531
162.342208862305
161.298553466797
160.25244140625
159.20426940918
158.154586791992
157.103713989258
156.052047729492
155
153.948013305664
152.896942138672
151.847747802734
150.801177978516
149.757766723633
148.717864990234
147.681381225586
146.647811889648
145.616256713867
144.585388183594
143.553665161133
142.519027709961
141.479461669922
140.432708740234
139.376800537109
138.309768676758
137.229751586914
136.134979248047
135.024108886719
133.896194458008
132.750518798828
131.58723449707
130.406784057617
129.210388183594
128
126.777984619141
125.54744720459
124.311767578125
123.074691772461
121.840110778809
120.611915588379
119.393745422363
118.189102172852
117.000915527344
115.83154296875
114.682777404785
113.555480957031
112.449867248535
111.365036010742
110.299293518066
109.250297546387
108.21492767334
107.189765930176
106.171096801758
105.155181884766
104.138320922852
103.117134094238
102.088562011719
101.050132751465
100
98.9367752075195
97.8595352172852
96.7679672241211
95.6624755859375
94.5441360473633
93.4147415161133
92.2766342163086
91.132682800293
89.9860382080078
88.840087890625
87.6982421875
86.5636367797852
85.4392013549805
84.3269653320312
83.2281799316406
82.1436004638672
81.0733947753906
80.0175323486328
78.9757080078125
77.9475555419922
76.9325942993164
75.9305419921875
74.9411239624023
73.9642639160156
73
72.0483016967773
71.108642578125
70.1806030273438
69.2638549804688
68.3583984375
67.4645843505859
66.5830612182617
65.7147521972656
64.8607635498047
64.0222396850586
63.2002639770508
62.3956413269043
61.6088104248047
60.8391571044922
60.085132598877
59.3448219299316
58.6160125732422
57.8965263366699
57.1843376159668
56.4777603149414
55.7754402160645
55.0766220092773
54.380931854248
53.6885452270508
53
52.3159103393555
51.6363677978516
50.9615211486816
50.291805267334
49.6280326843262
48.9714126586914
48.3234786987305
47.6860809326172
47.0612182617188
46.4509010314941
45.857006072998
45.2809791564941
44.7237777709961
44.1850852966309
43.6633415222168
43.1565628051758
42.6625213623047
42.1790046691895
41.7041549682617
41.2365264892578
40.7752647399902
40.3202095031738
39.871826171875
39.4312210083008
39
38.5798149108887
38.1716842651367
37.7765808105469
37.3957557678223
37.0307769775391
36.6834983825684
36.3559951782227
36.0505065917969
35.7692527770996
35.5142021179199
35.2869606018066
35.0884170532227
34.9186935424805
34.7761764526367
34.6577415466309
34.5595970153809
34.4775199890137
34.4073181152344
34.3450393676758
34.2872505187988
34.2311897277832
34.1750068664551
34.1176910400391
34.0591239929199
34
33.9414100646973
33.8840980529785
33.8291397094727
33.7783317565918
33.7341613769531
33.699821472168
33.6790885925293
33.6762237548828
33.6956939697266
33.7419357299805
33.8190650939941
33.9305458068848
34.0788688659668
34.264705657959
34.4868125915527
34.7429542541504
35.0300483703613
35.3444976806641
35.6824111938477
36.0398941040039
36.4131469726562
36.7986793518066
37.1933898925781
37.5945816040039
38
38.4075317382812
38.8145446777344
39.2187957763672
39.6187705993652
40.013858795166
40.4044456481934
40.7918853759766
41.1785011291504
41.567325592041
41.9620170593262
42.3664817810059
42.7846374511719
43.2200698852539
43.6751823425293
44.1510848999023
44.6482734680176
45.1667175292969
45.7060241699219
46.2655372619629
46.8445014953613
47.442024230957
48.0572395324707
48.6892623901367
49.3371658325195
50
50.6764602661133
51.3644142150879
52.0616035461426
52.7660331726074
53.4762077331543
54.1912231445312
54.9108428955078
55.6355514526367
56.3664512634277
57.1051788330078
57.8537902832031
58.6144561767578
59.3893432617188
60.1798973083496
60.9867324829102
61.8103218078613
62.6508979797363
63.508602142334
64.3835296630859
65.27587890625
66.1856842041016
67.1130905151367
68.0580596923828
69.0205001831055
70
70.995719909668
72.0058975219727
73.0284118652344
74.0610198974609
75.1015701293945
76.1480484008789
77.1987152099609
78.2520751953125
79.3069458007812
80.362419128418
81.4179000854492
82.4728317260742
83.5268859863281
84.5793609619141
85.6293411254883
86.676155090332
87.7192230224609
88.7584838867188
89.7941741943359
90.8270568847656
91.8581924438477
92.8891525268555
93.9217224121094
94.9579544067383
96
97.0498657226562
98.109130859375
99.1791381835938
100.261016845703
101.355712890625
102.463966369629
103.586235046387
104.722702026367
105.873191833496
107.037216186523
108.213973999023
109.40210723877
110.600120544434
111.805862426758
113.016952514648
114.230987548828
115.44548034668
116.658226013184
117.86735534668
119.071426391602
120.269378662109
121.460891723633
122.645965576172
123.825263977051
125
126.171669006348
127.342132568359
128.513442993164
129.687759399414
130.867248535156
132.053863525391
133.249206542969
134.454391479492
135.670074462891
136.896118164062
138.131774902344
139.375610351562
140.625564575195
141.878982543945
143.132919311523
144.384155273438
145.629150390625
146.864364624023
148.086364746094
149.292007446289
150.478469848633
151.643569946289
152.785797119141
153.904510498047
155
156.073455810547
157.127395629883
158.165115356445
159.190643310547
160.208343505859
161.222793579102
162.238388061523
163.259353637695
164.289276123047
165.331146240234
166.387161254883
167.458435058594
168.545440673828
169.647888183594
170.764846801758
171.894744873047
173.034759521484
174.18147277832
175.330688476562
176.477752685547
177.61735534668
178.744354248047
179.853530883789
180.940093994141
182
183.030120849609
184.028945922852
184.996231079102
185.932678222656
186.839904785156
187.72021484375
188.576278686523
189.411392211914
190.228866577148
191.032135009766
191.824600219727
192.609451293945
193.38981628418
194.168899536133
194.949966430664
195.735946655273
196.528564453125
197.328750610352
198.13623046875
198.949920654297
199.76725769043
200.585144042969
201.399520874023
202.205993652344
203
203.77734375
204.53498840332
205.270477294922
205.982177734375
206.668609619141
207.328994750977
207.962799072266
208.570220947266
209.151580810547
209.707916259766
210.240646362305
210.751754760742
211.243865966797
211.720703125
212.186904907227
212.647491455078
213.106857299805
213.568984985352
214.036926269531
214.51286315918
214.997451782227
215.490509033203
215.990447998047
216.494674682617
217
217.502670288086
217.999572753906
218.487655639648
218.963394165039
219.423294067383
219.863464355469
220.280029296875
220.669189453125
221.027465820312
221.351669311523
221.639526367188
221.889404296875
222.101150512695
222.276184082031
222.418014526367
222.531219482422
222.620544433594
222.691101074219
222.747940063477
222.795639038086
222.837936401367
222.8779296875
222.91764831543
222.958236694336
223
223.042663574219
223.086196899414
223.130187988281
223.173187255859
223.212951660156
223.24641418457
223.269546508789
223.277755737305
223.266250610352
223.229751586914
223.163681030273
223.063720703125
222.926727294922
222.751327514648
222.538177490234
222.289321899414
222.007247924805
221.695434570312
221.35774230957
220.998123168945
220.620422363281
220.228485107422
219.825805664062
219.415313720703
219
218.582382202148
218.165710449219
217.752777099609
217.345687866211
216.945495605469
216.552200317383
216.164535522461
215.780532836914
215.396926879883
215.009948730469
214.615463256836
214.208984375
213.786560058594
213.345062255859
212.882720947266
212.398544311523
211.891662597656
211.361633300781
210.808288574219
210.231719970703
209.631652832031
209.008361816406
208.361770629883
207.692199707031
207
206.28596496582
205.552062988281
204.800369262695
204.033004760742
203.251693725586
202.457794189453
201.652053833008
200.834823608398
200.005767822266
199.164276123047
198.309494018555
197.44026184082
196.555862426758
195.656173706055
194.74186706543
193.814102172852
192.873794555664
191.921981811523
190.959686279297
189.987762451172
189.006759643555
188.017227172852
187.019378662109
186.013534545898
185
183.979293823242
182.952606201172
181.921371459961
180.886856079102
179.850006103516
178.811553955078
177.771606445312
176.730163574219
175.686401367188
174.639511108398
173.58821105957
172.531112670898
171.466995239258
170.394821166992
169.314163208008
168.225036621094
167.126907348633
166.01969909668
164.903182983398
163.777191162109
162.641448974609
161.495880126953
160.34033203125
159.174911499023
158
156.816131591797
155.624618530273
154.426940917969
153.224716186523
152.019454956055
150.812744140625
149.605804443359
148.399780273438
147.195526123047
145.993545532227
144.794204711914
143.597442626953
142.403121948242
141.210922241211
140.020401000977
138.83122253418
137.642379760742
136.452865600586
135.261520385742
134.067092895508
132.868041992188
131.663070678711
130.450775146484
129.230072021484
128
126.759941101074
125.50959777832
124.249160766602
122.979064941406
121.700141906738
120.413688659668
119.121192932129
117.824584960938
116.526023864746
115.227798461914
113.932411193848
112.642295837402
111.359901428223
110.087371826172
108.826416015625
107.578582763672
106.344909667969
105.126136779785
103.922645568848
102.734504699707
101.56128692627
100.402412414551
99.2568283081055
98.1232147216797
97
95.88525390625
94.7765274047852
93.671257019043
92.56689453125
91.4610977172852
90.3518600463867
89.2375640869141
88.1172027587891
86.9902877807617
85.8568420410156
84.7175369262695
83.5733947753906
82.4259643554688
81.2765579223633
80.1265487670898
78.9774932861328
77.8309860229492
76.6889877319336
75.5535736083984
74.4269561767578
73.3113632202148
72.2089996337891
71.1219100952148
70.0517959594727
69
67.9671096801758
66.9525146484375
65.9549560546875
64.9728012084961
64.0040740966797
63.046875
62.0992774963379
61.1596260070801
60.2265243530273
59.2989082336426
58.376091003418
57.457633972168
56.543399810791
55.6329040527344
54.7254066467285
53.8205451965332
52.9183464050293
52.0194931030273
51.1252937316895
50.2377052307129
49.3592262268066
48.4928932189941
47.6420097351074
46.809944152832
46
45.2148284912109
44.4557342529297
43.7232894897461
43.0175476074219
42.3382148742676
41.6847076416016
41.056266784668
40.4519882202148
39.8708114624023
39.3115921020508
38.7729644775391
38.253303527832
37.7506637573242
37.2620964050293
36.783763885498
36.3118286132812
35.8426971435547
35.3733291625977
34.9014091491699
34.4255294799805
33.9451484680176
33.4607810974121
32.9736862182617
32.485912322998
32
31.5185565948486
31.0433731079102
30.5761375427246
30.1187324523926
29.6733341217041
29.2424392700195
28.8288288116455
28.4355621337891
28.0658149719238
27.7227439880371
27.4093112945557
27.1279983520508
26.8806266784668
26.6674327850342
26.4870929718018
26.3376522064209
26.2166748046875
26.1215953826904
26.049861907959
25.9991416931152
25.9673595428467
25.9528274536133
25.9541454315186
25.9701900482178
26
26.0423622131348
26.0950527191162
26.1557064056396
26.2223014831543
26.2933444976807
26.3680019378662
26.4461879730225
26.528600692749
26.6166095733643
26.7121868133545
26.817684173584
26.9356060028076
27.0683574676514
27.2173042297363
27.3827438354492
27.5647392272949
27.763256072998
27.9783477783203
28.210262298584
28.4595241546631
28.7269058227539
29.0134735107422
29.3203945159912
29.6488800048828
30
30.3742446899414
30.7707347869873
31.188081741333
31.6247806549072
32.0794563293457
32.5509376525879
33.0384101867676
33.5414352416992
34.0599403381348
34.5940818786621
35.1442184448242
35.7106399536133
36.2934112548828
36.8916015625
37.5032348632812
38.1262092590332
38.7583656311035
39.3977890014648
40.0428695678711
40.6924896240234
41.3459281921387
42.0030326843262
42.6640014648438
43.3294067382812
44
44.6763916015625
45.358325958252
46.0454864501953
46.7377433776855
47.435417175293
48.1392669677734
48.8506126403809
49.5713424682617
50.3037986755371
51.0506744384766
51.8148918151855
52.5993309020996
53.4066772460938
54.2386054992676
55.0957984924316
55.9785461425781
56.8867416381836
57.8200988769531
58.7781410217285
59.7602996826172
60.7657623291016
61.7936935424805
62.8429946899414
63.9123229980469
65
66.1038055419922
67.2205429077148
68.3466339111328
69.4785308837891
70.6128845214844
71.7468032836914
72.8777923583984
74.0041046142578
75.124626159668
76.238899230957
77.34716796875
78.4501190185547
79.5490036010742
80.6449813842773
81.7390747070312
82.8327941894531
83.9277648925781
85.0260009765625
86.1297225952148
87.2414245605469
88.3634338378906
89.4982757568359
90.6481323242188
91.8148803710938
93
94.2042388916016
95.4273910522461
96.6685333251953
97.9263458251953
99.1990432739258
100.48461151123
101.780822753906
103.085372924805
104.395988464355
105.710418701172
107.026634216309
108.342620849609
109.656692504883
110.967247009277
112.272720336914
113.572151184082
114.864707946777
116.150131225586
117.428565979004
118.700538635254
119.966827392578
121.228591918945
122.487091064453
123.743751525879
125
126.257209777832
127.516578674316
128.779159545898
130.045867919922
131.317306518555
132.593887329102
133.875701904297
135.162628173828
136.454208374023
137.749755859375
139.048461914062
140.349197387695
141.65087890625
142.952346801758
144.252593994141
145.550735473633
146.845764160156
148.136764526367
149.422943115234
150.703582763672
151.977828979492
153.245132446289
154.504821777344
155.756530761719
157
158.235168457031
159.462387084961
160.68244934082
161.896041870117
163.103790283203
164.306381225586
165.50407409668
166.697067260742
167.885269165039
169.068344116211
170.245819091797
171.416976928711
172.58122253418
173.738235473633
174.888061523438
176.031066894531
177.167205810547
178.296600341797
179.419296264648
180.535125732422
181.643753051758
182.744903564453
183.838195800781
184.923278808594
186
187.068511962891
188.129776000977
189.185089111328
190.235610961914
191.282440185547
192.326248168945
193.367218017578
194.405029296875
195.43879699707
196.466995239258
197.487808227539
198.498870849609
199.497817993164
200.482650756836
201.452011108398
202.404739379883
203.339416503906
204.254547119141
205.148803710938
206.020721435547
206.868682861328
207.691482543945
208.487991333008
209.257507324219
210
210.716232299805
211.408645629883
212.080337524414
212.734756469727
213.375610351562
214.006164550781
214.629379272461
215.247772216797
215.86296081543
216.475967407227
217.087280273438
217.696411132812
218.302825927734
218.906066894531
219.506088256836
220.102661132812
220.694747924805
221.280899047852
221.859146118164
222.426940917969
222.981201171875
223.518844604492
224.036468505859
224.531005859375
225
225.44172668457
225.856353759766
226.245101928711
226.609756469727
226.952331542969
227.27507019043
227.579849243164
227.868667602539
228.142852783203
228.40348815918
228.6513671875
228.886795043945
229.110198974609
229.322463989258
229.52507019043
229.719528198242
229.906387329102
230.085906982422
230.257339477539
230.419479370117
230.56999206543
230.706451416016
230.825622558594
230.924407958984
231
231.05012512207
231.074264526367
231.072814941406
231.046768188477
230.997131347656
230.925338745117
230.832595825195
230.720306396484
230.589462280273
230.441101074219
230.276260375977
230.095764160156
229.900817871094
229.693389892578
229.476257324219
229.252319335938
229.023559570312
228.791488647461
228.556640625
228.31867980957
228.076019287109
227.82633972168
227.566299438477
227.292190551758
227
226.685958862305
226.34765625
225.983169555664
225.590835571289
225.169311523438
224.717376708984
224.23405456543
223.718505859375
223.170333862305
222.589447021484
221.9765625
221.332824707031
220.660385131836
219.962860107422
219.245361328125
218.513565063477
217.77294921875
217.028793334961
216.285842895508
215.548217773438
214.818450927734
214.098693847656
213.389404296875
212.690246582031
212
211.316741943359
210.638870239258
209.964294433594
209.290328979492
208.613616943359
207.930160522461
207.235366821289
206.524566650391
205.792678833008
205.034912109375
204.246871948242
203.424728393555
202.565841674805
201.669158935547
200.735321044922
199.766311645508
198.764602661133
197.733459472656
196.676483154297
195.597595214844
194.500473022461
193.388900756836
192.266235351562
191.135650634766
190
188.861877441406
187.724273681641
186.589691162109
185.459976196289
184.33625793457
183.218734741211
182.106719970703
180.998886108398
179.893081665039
178.786773681641
177.677124023438
176.56120300293
175.436279296875
174.300338745117
173.15217590332
171.991241455078
170.817108154297
169.629776000977
168.429656982422
167.217300415039
165.993301391602
164.758605957031
163.514129638672
162.260833740234
161
159.732696533203
158.460662841797
157.185394287109
155.908233642578
154.630142211914
153.351715087891
152.072982788086
150.793670654297
149.51286315918
148.2294921875
146.942047119141
145.649047851562
144.348999023438
143.040420532227
141.722412109375
140.394241333008
139.055328369141
137.705459594727
136.344680786133
134.973495483398
133.592590332031
132.203247070312
130.806747436523
129.404968261719
128
126.594062805176
125.18962097168
123.789039611816
122.394683837891
121.008659362793
119.632843017578
118.268707275391
116.917350769043
115.579429626465
114.255043029785
112.943908691406
111.645118713379
110.357437133789
109.078987121582
107.807456970215
106.540451049805
105.27530670166
104.009544372559
102.740913391113
101.46752166748
100.187911987305
98.9013214111328
97.6074447631836
96.3066711425781
95
93.688850402832
92.3748092651367
91.0597534179688
89.7459030151367
88.4358215332031
87.1322174072266
85.8379440307617
84.5558471679688
83.28857421875
82.0385513305664
80.8077087402344
79.597297668457
78.4079666137695
77.2390975952148
76.0889282226562
74.9551544189453
73.8347778320312
72.7246475219727
71.6214828491211
70.5222015380859
69.4238739013672
68.3241195678711
67.2210159301758
66.1132049560547
65
63.8810386657715
62.7559204101562
61.6247329711914
60.4882316589355
59.3479156494141
58.2061157226562
57.0658073425293
55.9306755065918
54.8048057556152
53.6925811767578
52.5984268188477
51.5264663696289
50.4803771972656
49.4624710083008
48.4737014770508
47.514274597168
46.5836410522461
45.6807823181152
44.8043022155762
43.9525680541992
43.1237525939941
42.3160247802734
41.5274543762207
40.7560958862305
40
39.2568664550781
38.5235328674316
37.796760559082
37.0737419128418
36.3522529602051
35.6309356689453
34.9093399047852
34.18798828125
33.4683113098145
32.7525520324707
32.0435905456543
31.344654083252
30.6590709686279
29.9893016815186
29.3368453979492
28.7029819488525
28.0887832641602
27.4952812194824
26.9234924316406
26.3744430541992
25.8491134643555
25.3484477996826
24.8731594085693
24.4236793518066
24
23.6012401580811
23.2249202728271
22.8678798675537
22.52685546875
22.1987438201904
21.8809013366699
21.5713024139404
21.2687187194824
20.9727344512939
20.6837272644043
20.4027786254883
20.1314563751221
19.8716316223145
19.6244525909424
19.3903255462646
19.1697635650635
18.9634628295898
18.7724285125732
18.5980014801025
18.4418449401855
18.3058223724365
18.1919174194336
18.102014541626
18.0376834869385
18
17.9890022277832
18.002857208252
18.0388050079346
18.0937404632568
18.1644992828369
18.2481498718262
18.3422107696533
18.4448375701904
18.5549278259277
18.6721305847168
18.7968044281006
18.9298858642578
19.0727157592773
19.2260971069336
19.3902950286865
19.5659141540527
19.7540187835693
19.9562473297119
20.1748218536377
20.4125061035156
20.672435760498
20.9580039978027
21.2725372314453
21.6190605163574
22
22.4166145324707
22.8680839538574
23.3523807525635
23.8667964935303
24.4081134796143
24.9729022979736
25.5577163696289
26.1592693328857
26.7745246887207
27.4007968902588
28.0357418060303
28.6773052215576
29.3236618041992
29.9724712371826
30.6209506988525
31.2668285369873
31.9085083007812
32.5452919006348
33.1774520874023
33.8062629699707
34.4339065551758
35.0633888244629
35.6982841491699
36.3424949645996
37
37.674259185791
38.3673973083496
39.0808486938477
39.8156623840332
40.5726470947266
41.3523902893066
42.1553688049316
42.9820137023926
43.8326301574707
44.7074432373047
45.6065063476562
46.5295906066895
47.4761505126953
48.4446258544922
49.4325561523438
50.437442779541
51.4568481445312
52.4887046813965
53.531421661377
54.5840263366699
55.6460914611816
56.7178573608398
57.8000259399414
58.8936424255371
60
61.120189666748
62.2544937133789
63.4029579162598
64.5654907226562
65.7420654296875
66.9326248168945
68.1370620727539
69.355339050293
70.5873031616211
71.8326034545898
73.0907363891602
74.3608322143555
75.6416320800781
76.9310989379883
78.2264022827148
79.5247039794922
80.8230438232422
82.1187896728516
83.40966796875
84.6939849853516
85.9705276489258
87.2389068603516
88.4992904663086
89.7525100708008
91
92.2435455322266
93.4849243164062
94.7261810302734
95.9696731567383
97.2180480957031
98.4740600585938
99.7405395507812
101.020240783691
102.31568145752
103.629020690918
104.961944580078
106.315414428711
107.689758300781
109.084266662598
110.497299194336
111.9267578125
113.369750976562
114.823059082031
116.283279418945
117.746841430664
119.210189819336
120.670013427734
122.123237609863
123.567253112793
125
126.419944763184
127.826118469238
129.218338012695
130.596939086914
131.962951660156
133.31787109375
134.663604736328
136.002304077148
137.336288452148
138.667846679688
139.999221801758
141.332290649414
142.668716430664
144.009811401367
145.356460571289
146.709350585938
148.068267822266
149.432708740234
150.801498413086
152.173248291016
153.545837402344
154.917175292969
156.284820556641
157.646514892578
159
160.343490600586
161.675765991211
162.996292114258
164.304748535156
165.601287841797
166.88623046875
168.160140991211
169.423690795898
170.677551269531
171.922485351562
173.159133911133
174.388107299805
175.610229492188
176.826446533203
178.038009643555
179.246292114258
180.452087402344
181.656036376953
182.858261108398
184.058715820312
185.256546020508
186.450927734375
187.640502929688
188.823944091797
190
191.167572021484
192.326583862305
193.477264404297
194.61994934082
195.755081176758
196.882766723633
198.002975463867
199.11540222168
200.219360351562
201.313766479492
202.397552490234
203.469161987305
204.527328491211
205.571258544922
206.600830078125
207.616241455078
208.617141723633
209.603164672852
210.573654174805
211.527725219727
212.4638671875
213.380767822266
214.276672363281
215.150161743164
216
216.825561523438
217.627685546875
218.407897949219
219.167892456055
219.909484863281
220.634429931641
221.344039916992
222.039398193359
222.72102355957
223.389236450195
224.043930053711
224.684814453125
225.31169128418
225.925064086914
226.526306152344
227.117004394531
227.69807434082
228.270401000977
228.83430480957
229.389663696289
229.935607910156
230.47119140625
230.994781494141
231.504837036133
232
232.47917175293
232.942962646484
233.392242431641
233.828231811523
234.251693725586
234.663238525391
235.062927246094
235.450225830078
235.824081420898
236.182754516602
236.5244140625
236.846740722656
237.147720336914
237.426223754883
237.682312011719
237.916320800781
238.128311157227
238.318466186523
238.486557006836
238.632339477539
238.754959106445
238.853805541992
238.927932739258
238.976684570312
239
238.99836730957
238.974197387695
238.930541992188
238.870758056641
238.797897338867
238.714828491211
238.623580932617
238.525665283203
238.421615600586
238.311187744141
238.193557739258
238.06706237793
237.930099487305
237.781387329102
237.620376586914
237.446746826172
237.259170532227
237.056274414062
236.835998535156
236.596130371094
236.333618164062
236.045623779297
235.729034423828
235.381210327148
235
234.584335327148
234.135101318359
233.654357910156
233.144607543945
232.608703613281
232.04963684082
231.469909667969
230.872146606445
230.258148193359
229.629455566406
228.987197875977
228.332153320312
227.664901733398
226.986663818359
226.299209594727
225.604415893555
224.903167724609
224.196044921875
223.482833862305
222.762985229492
222.034759521484
221.296585083008
220.546112060547
219.781188964844
219
218.201141357422
217.384872436523
216.551986694336
215.703857421875
214.84162902832
213.966598510742
213.079681396484
212.181655883789
211.272598266602
210.352462768555
209.420806884766
208.476837158203
207.51985168457
206.549667358398
205.566680908203
204.571502685547
203.564086914062
202.544357299805
201.511917114258
200.466110229492
199.405838012695
198.330093383789
197.237747192383
196.127838134766
195
193.854293823242
192.692138671875
191.515640258789
190.327056884766
189.128799438477
187.923110961914
186.712036132812
185.497161865234
184.279510498047
183.059707641602
181.837829589844
180.613403320312
179.385681152344
178.153991699219
176.917678833008
175.676116943359
174.427963256836
173.171752929688
171.90576171875
170.628082275391
169.336654663086
168.02961730957
166.705215454102
165.362258911133
164
162.618469238281
161.218734741211
159.802627563477
158.37239074707
156.930541992188
155.479888916016
154.023056030273
152.562744140625
151.101119995117
149.640182495117
148.181518554688
146.726211547852
145.274841308594
143.827774047852
142.38508605957
140.946487426758
139.511108398438
138.077880859375
136.645523071289
135.21272277832
133.777893066406
132.34001159668
130.898025512695
129.451385498047
128
126.544288635254
125.085136413574
123.623931884766
122.162399291992
120.702453613281
119.246307373047
117.796005249023
116.353675842285
114.92106628418
113.499603271484
112.090347290039
110.693634033203
109.30940246582
107.936683654785
106.573875427246
105.21900177002
103.86954498291
102.522903442383
101.176498413086
99.8279800415039
98.4751815795898
97.1166305541992
95.7513427734375
94.3789825439453
93
91.6153335571289
90.2261810302734
88.8342590332031
87.4418106079102
86.0514907836914
84.6662902832031
83.2894744873047
81.9243240356445
80.5739822387695
79.2412719726562
77.9285049438477
76.6372680664062
75.3683166503906
74.1209487915039
72.8933258056641
71.6827239990234
70.4858169555664
69.2989349365234
68.1183166503906
66.9404373168945
65.7620010375977
64.5803985595703
63.3935852050781
62.200267791748
61
59.7928161621094
58.5788116455078
57.3586540222168
56.1338043212891
54.9064826965332
53.6797103881836
52.4571304321289
51.2429351806641
50.0415725708008
48.8575248718262
47.6951179504395
46.558048248291
45.4493064880371
44.3702163696289
43.3204956054688
42.2989807128906
41.3037033081055
40.3322830200195
39.3820953369141
38.4505424499512
37.5351600646973
36.6338996887207
35.7450294494629
34.8673324584961
34
33.1423377990723
32.2930450439453
31.4510593414307
30.6158962249756
29.7877864837646
28.967716217041
28.1574420928955
27.3593730926514
26.5764007568359
25.8117046356201
25.068473815918
24.3495712280273
23.657283782959
22.9923076629639
22.35373878479
21.7399654388428
21.1488780975342
20.5781669616699
20.0255165100098
19.4888534545898
18.9664325714111
18.4569683074951
17.9596328735352
17.4740047454834
17
16.5374412536621
16.0851783752441
15.6420345306396
15.2072801589966
14.7807750701904
14.3630657196045
13.9554252624512
13.5598077774048
13.1786890029907
12.8149061203003
12.4713916778564
12.1508846282959
11.8556337356567
11.5863475799561
11.3421869277954
11.1217555999756
10.9233779907227
10.7453489303589
10.5861845016479
10.4447793960571
10.320517539978
10.2133226394653
10.1236038208008
10.0521564483643
10
9.96788883209229
9.95533466339111
9.96156311035156
9.98599338531494
10.0283851623535
10.0889320373535
10.1682968139648
10.2675838470459
10.3882150650024
10.5317659378052
10.6997480392456
10.8933553695679
11.1131982803345
11.3583030700684
11.6261510848999
11.9137401580811
12.2178916931152
12.5355672836304
12.8641157150269
13.2014846801758
13.5463352203369
13.8981122970581
14.257007598877
14.6238574981689
15
15.3867816925049
15.7846164703369
16.1938800811768
16.6153602600098
17.0503559112549
17.5007343292236
17.968921661377
18.4578227996826
18.9706649780273
19.5107727050781
20.0813293457031
20.6850471496582
21.3238754272461
21.9980335235596
22.7059535980225
23.4452705383301
24.2130222320557
25.0059413909912
25.8206443786621
26.6538429260254
27.5024528503418
28.3636894226074
29.2351055145264
30.1145095825195
31
31.8895664215088
32.7804107666016
33.6698379516602
34.5557441711426
35.4367980957031
36.3125839233398
37.1836967468262
38.0516929626465
38.9190444946289
39.7889404296875
40.6651420593262
41.551643371582
42.4523849487305
43.3704490661621
44.3078498840332
45.266284942627
46.2471084594727
47.2514953613281
48.2804069519043
49.3346862792969
50.4149475097656
51.5216598510742
52.654956817627
53.8146209716797
55
56.2097015380859
57.441089630127
58.6909942626953
59.956169128418
61.2334518432617
62.5200233459473
63.8134765625
65.1120300292969
66.4144897460938
67.7202453613281
69.0293045043945
70.3420333862305
71.6591567993164
72.9811401367188
74.3081436157227
75.6406021118164
76.9789962768555
78.324089050293
79.6766967773438
81.037841796875
82.4084548950195
83.7894897460938
85.1815567016602
86.5850601196289
88
89.4257354736328
90.8607711791992
92.3031234741211
93.7505645751953
95.2008895874023
96.6518325805664
98.101448059082
99.5481109619141
100.990577697754
102.428085327148
103.860466003418
105.287902832031
106.711151123047
108.131141662598
109.549003601074
110.96630859375
112.384750366211
113.806373596191
115.233184814453
116.667304992676
118.110527038574
119.564506530762
121.030380249023
122.508834838867
124
125.503341674805
127.017677307129
128.541320800781
130.07209777832
131.607467651367
133.14469909668
134.680877685547
136.213317871094
137.739288330078
139.256469726562
140.763000488281
142.257507324219
143.7392578125
145.208251953125
146.665237426758
148.111785888672
149.549621582031
150.980987548828
152.408233642578
153.83381652832
155.259826660156
156.688247680664
158.120513916016
159.557601928711
161
162.447601318359
163.900146484375
165.356948852539
166.816772460938
168.277709960938
169.737564086914
171.193572998047
172.64274597168
174.082046508789
175.50830078125
176.918838500977
178.311172485352
179.683700561523
181.035720825195
182.367752075195
183.681259155273
184.977890014648
186.259887695312
187.529510498047
188.789215087891
190.040954589844
191.286712646484
192.527847290039
193.765365600586
195
196.231979370117
197.46208190918
198.690628051758
199.917449951172
201.141738891602
202.361923217773
203.575820922852
204.780685424805
205.973251342773
207.149993896484
208.307373046875
209.44206237793
210.551315307617
211.633483886719
212.688461303711
213.716934204102
214.719787597656
215.698455810547
216.654495239258
217.589706420898
218.505340576172
219.403015136719
220.283935546875
221.149169921875
222
222.837692260742
223.664688110352
224.483428955078
225.296112060547
226.104507446289
226.909378051758
227.710952758789
228.508651733398
229.300979614258
230.085998535156
230.861236572266
231.624038696289
232.371978759766
233.103500366211
233.818267822266
234.516448974609
235.197860717773
235.862640380859
236.510513305664
237.141143798828
237.753570556641
238.346908569336
238.919876098633
239.471237182617
240
240.505661010742
240.989303588867
241.452529907227
241.897171020508
242.32453918457
242.735763549805
243.131378173828
243.511337280273
243.874969482422
244.221115112305
244.548324584961
244.854904174805
245.139434814453
245.401626586914
245.642318725586
245.862823486328
246.063995361328
246.246765136719
246.411697387695
246.558746337891
246.687515258789
246.797180175781
246.886611938477
246.954544067383
247
247.022491455078
247.02311706543
247.003692626953
246.966064453125
246.911758422852
246.842086791992
246.75749206543
246.658157348633
246.543350219727
246.411880493164
246.262298583984
246.092758178711
245.901702880859
245.688568115234
245.453964233398
245.199035644531
244.924118041992
244.630020141602
244.316818237305
243.984329223633
243.631713867188
243.258178710938
242.862442016602
242.443313598633
242
241.532287597656
241.041809082031
240.530883789062
240.001861572266
239.457229614258
238.899063110352
238.328994750977
237.748062133789
237.156753540039
236.554916381836
235.942031860352
235.317199707031
234.679504394531
234.028823852539
233.365829467773
232.691360473633
232.00553894043
231.308456420898
230.599319458008
229.877151489258
229.140075683594
228.386169433594
227.613037109375
226.818283081055
226
225.156753540039
224.288848876953
223.397308349609
222.483520507812
221.549011230469
220.595336914062
219.623825073242
218.635635375977
217.631622314453
216.612319946289
215.578247070312
214.52961730957
213.466918945312
212.391220092773
211.30436706543
210.208282470703
209.10432434082
207.993576049805
206.876480102539
205.753112792969
204.622528076172
203.483688354492
202.334869384766
201.174224853516
200
198.810577392578
197.605499267578
196.384674072266
195.148162841797
193.896118164062
192.628555297852
191.345397949219
190.046600341797
188.731735229492
187.400588989258
186.05290222168
184.688446044922
183.30744934082
181.910827636719
180.500045776367
179.077224731445
177.644088745117
176.202514648438
174.754287719727
173.301040649414
171.844024658203
170.384521484375
168.923446655273
167.461654663086
166
164.539367675781
163.080978393555
161.626068115234
160.175674438477
158.730407714844
157.290542602539
155.855773925781
154.425445556641
152.998184204102
151.57243347168
150.146026611328
148.716583251953
147.281723022461
145.838912963867
144.386047363281
142.921157836914
141.442230224609
139.947647094727
138.436187744141
136.90690612793
135.359436035156
133.7939453125
132.211151123047
130.612503051758
129
127.376266479492
125.744415283203
124.108024597168
122.470832824707
120.836608886719
119.209197998047
117.592109680176
115.988616943359
114.401443481445
112.832733154297
111.284080505371
109.756134033203
108.248992919922
106.761680603027
105.292488098145
103.83910369873
102.398658752441
100.968124389648
99.5443344116211
98.1243057250977
96.7052154541016
95.284782409668
93.8611526489258
92.43310546875
91
89.5617065429688
88.1182632446289
86.670166015625
85.2184219360352
83.7644348144531
82.3100814819336
80.857536315918
79.4091033935547
77.9671478271484
76.5338668823242
75.1111907958984
73.7005310058594
72.3027267456055
70.9174728393555
69.5434494018555
68.1787872314453
66.8212203979492
65.4683837890625
64.118034362793
62.7682571411133
61.4175834655762
60.0652236938477
58.7110137939453
57.3555107116699
56
54.6460800170898
53.2951965332031
51.9490966796875
50.6100692749023
49.2809410095215
47.9650611877441
46.6661643981934
45.3882904052734
44.1354866027832
42.9116897583008
41.7203598022461
40.5642356872559
39.4451293945312
38.3629951477051
37.3160400390625
36.3014755249023
35.3157043457031
34.3547134399414
33.4142913818359
32.4903144836426
31.5789413452148
30.6767749786377
29.7809638977051
28.8892593383789
28
27.1117782592773
26.2227210998535
25.3313541412354
24.4370231628418
23.5400218963623
22.6416759490967
21.7443294525146
20.8512439727783
19.9664096832275
19.0943202972412
18.2396469116211
17.4068775177002
16.6000080108643
15.8213930130005
15.0717267990112
14.3508977890015
13.6581964492798
12.9925584793091
12.35276222229
11.7375946044922
11.1459732055664
10.577018737793
10.0300455093384
9.5045280456543
9
8.51564025878906
8.04935646057129
7.59884357452393
7.16212940216064
6.73779344558716
6.32513856887817
5.92426824569702
5.53609991073608
5.16225814819336
4.80491781234741
4.46655559539795
4.14967012405396
3.85645484924316
3.5876727104187
3.34263181686401
3.12020516395569
2.91909027099609
2.73804616928101
2.57607340812683
2.43255949020386
2.30734419822693
2.2007200717926
2.11334872245789
2.0461254119873
2
1.97544860839844
1.97142660617828
1.98644948005676
2.01915097236633
2.06848573684692
2.13389945030212
2.21541666984558
2.3136613368988
2.4297821521759
2.56531047821045
2.72195339202881
2.90134477615356
3.10475301742554
3.33206844329834
3.58179569244385
3.85205960273743
4.14088249206543
4.44643068313599
4.76721906661987
5.10228443145752
5.45126438140869
5.81444072723389
6.19267892837524
6.58731555938721
7
7.43222761154175
7.88446044921875
8.35692310333252
8.85000038146973
9.36428642272949
9.900634765625
10.4601173400879
11.0439653396606
11.6534147262573
12.2895450592041
12.9530925750732
13.6442251205444
14.3623723983765
15.1055145263672
15.8702754974365
16.6528129577637
17.4491081237793
18.2553386688232
19.0681114196777
19.8847732543945
20.7035446166992
21.5236625671387
22.3454303741455
23.17014503479
24
24.8377265930176
25.6859397888184
26.5475311279297
27.4257850646973
28.3242378234863
29.2464733123779
30.1959285736084
31.1756477355957
32.1880226135254
33.234546661377
34.3156700134277
35.4305267333984
36.5769844055176
37.7512397766113
38.9480819702148
40.1616096496582
41.3855400085449
42.6137313842773
43.8404998779297
45.0611114501953
46.27197265625
47.4709854125977
48.6576232910156
49.8330574035645
51
52.1625747680664
53.3258399963379
54.4957313537598
55.6788101196289
56.8818168640137
58.1112174987793
59.3727645874023
60.6710205078125
62.0089530944824
63.3875999450684
64.8059234619141
66.260612487793
67.7462921142578
69.2556076049805
70.7797164916992
72.3088531494141
73.8328399658203
75.3418273925781
76.8268890380859
78.2807922363281
79.6982421875
81.0768280029297
82.4169845581055
83.7223739624023
85
86.2597885131836
87.5146331787109
88.7795715332031
90.0709457397461
91.4055328369141
92.7995147705078
94.267463684082
95.8214111328125
97.4698257446289
99.2169418334961
101.062202453613
102.999801635742
105.018760681152
107.103271484375
109.23323059082
111.384620666504
113.530128479004
115.640251159668
117.684280395508
119.631683349609
121.452919006348
123.121223449707
124.613243103027
125.91047668457
127
127
127
127
127
127
127
127
127
127
127
127
127
127
127
127
127
127
127
127
127
127
127
127
127
127
127
127
127
127
127
127
127
127
127
127
127
127
127
127
127
127
127
127
127
127
127
127
127
127
127
127
127
127
127
127
127
127
127
127
127
127
127
127
127
127
127
127
127
127
127
127
127
127
127
127
127
127
127
127
127
127
127
127
127
127
127
127
127
127
127
127
127
127
127
127
127
127
127
127
127
127
127
127
127
127
127
127
127
127
127
127
127
127
127
127
127
127
127
127
127
127
127
127
127
127
127
127
127
127
127
127
127
127
127
127
127
127
127
127
127
127
127
127
127
127
127
127
127
127
127
127
127
127
127
127
127
127
127
127
127
127
127
127
127
127
127
127
127
127
127
127
127
127
127
127
127
127
127
127
127
127
127
127
127
127
127
127
127
127
127
127
127
127
127
127
127
127
127
127
127
127
127
127
127
127
127
127
127
127
127
127
127
127
127
127
127
127
127
127
127
127
127
127
127
127
127
127
127
127
127
127
127
127
127
127
127
127
127
127
127
127
127
127
127
127
127
127
127
127
127
127
127
127
127
127
127
127
127
127
127
127
127
127
127
127
127
127
127
127
127
127
127
127
127
127
127
127
127
127
127
127
127
127
127
127
127
127
127
127
127
127
127
127
127
127
127
127
127
127
127
127
127
127
127
127
127
127
127
127
127
127
127
127
127
127
127
127
127
127
127
127
127
127
127
127
127
127
127
127
127
127
127
127
127
127
127
127
127
127
127
127
127
127
127
127
127
127
127
127
127
127
127
127
127
127
127
127
127
127
127
127
127
127
127
127
127
127
127
127
127
127
127
127
127
127
127
127
127
127
127
127
127
127
127
127
127
127
127
127
127
127
127
127
127
127
127
127
127
127
127
127
127
127
127
127
127
127
127
127
127
127
127
127
127
127
127
127
127
127
127
127
127
127
127
127
127
127
127
127
127
127
127
127
127
127
127
127
127
127
127
127
127
127
127
127
127
127
127
127
127
127
127
127
127
127
127
127
127
127
127
127
127
127
127
127
127
127
127
127
127
127
127
127
127
127
127
127
127
127
127
127
127
127
127
127
127
127
127
127
127
127
127
127
127
127
127
127
127
127
127
127
127
127
127
127
127
127
127
127
127
127
127
127
127
127
127
127
127
127
127
127
127
127
127
127
127
127
127
127
127
127
127
127
127
127
127
127
127
127
127
127
127
127
127
127
127
127
127
127
127
127
127
127
127
127
127
127
127
127
127
127
127
127
127
127
127
127
127
127
127
127
127
127
127
127
127
127
127
127
127
127
127
127
127
127
127
127
127
127
127
127
127
127
127
127
127
127
127
127
127
127
127
127
127
127
127
127
127
127
127
127
127
127
127
127
127
127
127
127
127
127
127
127
127
127
127
127
127
127
127
127
127
127
127
127
127
127
127
127
127
127
127
127
127
127
127
127
127
127
127
127
127
127
127
127
127
127
127
127
127
127
127
127
127
127
127
127
127
127
127
127
127
127
127
127
127
127
127
127
127
127
127
127
127
127
127
127
127
127
127
127
127
127
127
127
127
127
127
127
127
127
127
127
127
127
127
127
127
127
127
127
127
127
127
127
127
127
127
127
127
127
127
127
127
127
127
127
127
127
127
127
127
127
127
127
127
127
127
127
127
127
127
127
127
127
127
127
127
127
127
127
127
127
127
127
127
127
127
127
127
127
127
127
127
127
127
127
127
127
127
127
127
127
127
127
127
127
127
127
127
127
127
127
127
127
127
127
127
127
127
127
127
127
127
127
127
127
127
127
127
127
127
127
127
127
127
127
127
127
127
127
127
127
127
127
127
127
127
127
127
127
127
127
127
127
127
127
127
127
127
127
127
127
127
127
127
127
127
127
127
127
127
127
127
127
127
127
127
127
127
127
127
127
127
127
127
127
127
127
127
127
127
127
127
127
127
127
127
127
127
127
127
127
127
127
127
127
127
127
127
127
127
127
127
127
127
127
127
127
127
127
127
127
127
127
127
127
127
127
127
127
127
127
127
127
127
127
127
127
127
127
127
127
127
127
127
127
127
127
127
127
127
127
127
127
127
127
127
127
127
127
127
127
127
127
127
127
127
127
127
127
127
127
127
127
127
127
127
127
127
127
127
127
127
127
127
127
127
127
127
127
127
127
127
127
127
127
127
127
127
127
127
127
127
127
127
127
127
127
127
127
127
127
127
127
127
127
127
127
127
127
127
127
127
127
127
127
127
127
127
127
127
127
127
127
127
127
127
127
127
127
127
127
127
127
127
127
127
127
127
127
127
127
127
127
127
127
127
127
127
127
127
127
127
127
127
127
127
127
127
127
127
127
127
127
127
127
127
127
127
127
127
127
127
127
127
127
127
127
127
127
127
127
127
127
127
127
127
127
127
127
127
127
127
127
127
127
127
127
127
127
127
127
127
127
127
127
127
127
127
127
127
127
127
127
127
127
127
127
127
127
127
127
127
127
127
127
127
127
127
127
127
127
127
127
127
127
127
127
127
127
127
127
127
127
127
127
127
127
127
127
127
127
127
127
127
127
127
127
127
127
127
127
127
127
127
127
127
127
127
127
127
127
127
127
127
127
127
127
127
127
127
127
127
127
127
127
127
127
127
127
127
127
127
127
127
127
127
127
127
127
127
127
127
127
127
127
127
127
127
127
127
127
127
127
127
127
127
127
127
127
127
127
127
127
127
127
127
127
127
127
127
127
127
127
127
127
127
127
127
127
127
127
127
127
127
127
127
127
127
127
127
127
127
127
127
127
127
127
127
127
127
127
127
127
127
127
127
127
127
127
127
127
127
127
127
127
127
127
127
127
127
127
127
127
127
127
127
127
127
127
127
127
127
127
127
127
127
127
127
127
127
127
127
127
127
127
127
127
127
127
127
127
127
127
127
127
127
127
127
127
127
127
127
127
127
127
127
127
127
127
127
127
127
127
127
127
127
127
127
127
127
127
127
127
127
127
127
127
127
127
127
127
127
127
127
127
127
127
127
127
127
127
127
127
127
127
127
127
127
127
127
127
127
127
127
127
127
127
127
127
127
127
127
127
127
127
127
127
127
127
127
127
127
127
127
127
127
127
127
127
127
127
127
127
127
127
127
127
127
127
127
127
127
127
127
127
127
127
127
127
127
127
127
127
127
127
127
127
127
127
127
127
127
127
127
127
127
127
127
127
127
127
127
127
127
127
127
127
127
127
127
127
127
127
127
127
127
127
127
127
127
127
127
127
127
127
127
127
127
127
127
127
127
127
127
127
127
127
127
127
127
127
127
127
127
127
127
127
127
127
127
127
127
127
127
127
127
127
127
127
127
127
127
127
127
127
127
127
127
127
127
127
127
127
127
127
127
127
127
127
127
127
127
127
127
127
127
127
127
127
127
127
127
127
127
127
127
127
127
127
127
127
127
127
127
127
127
127
127
127
127
127
127
127
127
127
127
127
127
127
127
127
127
127
127
127
127
127
127
127
127
127
127
127
127
127
127
127
127
127
127
127
127
127
127
127
127
127
127
127
127
127
127
127
127
127
127
127
127
127
127
127
127
127
127
127
127
127
127
127
127
127
127
127
127
127
127
127
127
127
127
127
127
127
127
127
127
127
127
127
127
127
127
127
127
127
127
127
127
127
127
127
127
127
127
127
127
127
127
127
127
127
127
127
127
127
127
127
127
127
127
127
127
127
127
127
127
127
127
127
127
127
127
127
127
127
127
127
127
127
127
127
127
127
127
127
127
127
127
127
127
127
127
127
127
127
127
127
127
127
127
127
127
127
127
127
127
127
127
127
127
127
127
127
127
127
127
127
127
127
127
127
127
127
127
127
127
127
127
127
127
127
127
127
127
127
127
127
127
127
127
127
127
127
127
127
127
127
127
127
127
127
127
127
127
127
127
127
127
127
127
127
127
127
127
127
127
127
127
127
127
127
127
127
127
127
127
127
127
127
127
127
127
127
127
127
127
127
127
127
127
127
127
127
127
127
127
127
127
127
127
127
127
127
127
127
127
127
127
127
127
127
127
127
127
127
127
127
127
127
127
127
127
127
127
127
127
127
127
127
127
127
127
127
127
127
127
127
127
127
127
127
127
127
127
127
127
127
127
127
127
127
127
127
127
127
127
127
127
127
127
127
127
127
127
127
127
127
127
127
127
127
127
127
127
127
127
127
127
127
127
127
127
127
127
127
127
127
127
127
127
127
127
127
127
127
127
127
127
127
127
127
127
127
127
127
127
127
127
127
127
127
127
127
127
127
127
127
127
127
127
127
127
127
127
127
127
127
127
127
127
127
127
127
127
127
127
127
127
127
127
127
127
127
127
127
127
127
127
127
127
127
127
127
127
127
127
127
127
127
127
127
127
127
127
127
127
127
127
127
127
127
127
127
127
127
127
127
127
127
127
127
127
127
127
127
127
127
127
127
127
127
127
127
127
127
127
127
127
127
127
127
127
127
127
127
127
127
127
127
127
127
127
127
127
127
127
127
0
0
0
0
0
0
0
0
0
0
0
0
0
0
0
0
0
0
0
0
0
0
0
0
0
0
0
0
0
0
0
0
0
0
0
0
0
0
0
0
0
0
0
0
0
0
0
0
0
0
0
0
0
0
0
0
0
0
0
0
0
0
0
0
0
0
0
0
0
0
0
0
0
0
0
0
0
0
0
0
0
0
0
0
0
0
0
0
0
0
0
0
0
0
0
0
0
0
0
0
0
0
0
0
0
0
0
0
0
0
0
0
0
0
0
0
0
0
0
0
0
0
0
0
0
0
0
0
0
0
0
0
0
0
0
0
0
0
0
0
0
0
0
0
0
0
0
0
0
0
0
0
0
0
0
0
0
0
0
0
0
0
0
0
0
0
0
0
0
0
0
0
0
0
0
0
0
0
0
0
0
0
0
0
0
0
0
0
0
0
0
0
0
0
0
0
0
0
0
0
0
0
0
0
0
0
0
0
0
0
0
0
0
0
0
0
0
0
0
0
0
0
0
0
0
0
0
0
0
0
0
0
0
0
0
0
0
0
0
0
0
0
0
0
0
0
0
0
0
0
0
0
0
0
0
0
0
0
0
0
0
0
0
0
0
0
0
0
0
0
0
0
0
0
0
0
0
0
0
0
0
0
0
0
0
0
0
0
0
0
0
0
0
0
0
0
0
0
0
0
0
0
0
0
0
0
0
0
0
0
0
0
0
0
0
0
0
0
0
0
0
0
0
0
0
0
0
0
0
0
0
0
0
0
0
0
0
0
0
0
0
0
0
0
0
0
0
0
0
0
0
0
0
0
0
0
0
0
0
0
0
0
0
0
0
0
0
0
0
0
0
0
0
0
0
0
0
0
0
0
0
0
0
0
0
0
0
0
0
0
0
0
0
0
0
0
0
0
0
0
0
0
0
0
0
0
0
0
0
0
0
0
0
0
0
0
0
0
0
0
0
0
0
0
0
0
0
0
0
0
0
0
0
0
0
0
0
0
0
0
0
0
0
0
0
0
0
0
0
0
0
0
0
0
0
0
0
0
0
0
0
0
0
0
0
0
0
0
0
0
0
0
0
0
0
0
0
0
0
0
0
0
0
0
0
0
0
0
0
0
0
0
0
0
0
0
0
0
0
0
0
0
0
0
0
0
0
0
0
0
0
0
0
0
0
0
0
0
0
0
0
0
0
0
0
0
0
0
0
0
0
0
0
0
0
0
0
0
0
0
0
0
0
0
0
0
0
0
0
0
0
0
0
0
0
0
0
0
0
0
0
0
0
0
0
0
0
0
0
0
0
0
0
0
0
0
0
0
0
0
0
0
0
0
0
0
0
0
0
0
0
0
0
0
0
0
0
0
0
0
0
0
0
0
0
0
0
0
0
0
0
0
0
0
0
0
0
0
0
0
0
0
0
0
0
0
0
0
0
0
0
0
0
0
0
0
0
0
0
0
0
0
0
0
0
0
0
0
0
0
0
0
0
0
0
0
0
0
0
0
0
0
0
0
0
0
0
0
0
0
0
0
0
0
0
0
0
0
0
0
0
0
0
0
0
0
0
0
0
0
0
0
0
0
0
0
0
0
0
0
0
0
0
0
0
0
0
0
0
0
0
0
0
0
0
0
0
0
0
0
0
0
0
0
0
0
0
0
0
0
0
0
0
0
0
0
0
0
0
0
0
0
0
0
0
0
0
0
0
0
0
0
0
0
0
0
0
0
0
0
0
0
0
0
0
0
0
0
0
0
0
0
0
0
0
0
0
0
0
0
0
0
0
0
0
0
0
0
0
0
0
0
0
0
0
0
0
0
0
0
0
0
0
0
0
0
0
0
0
0
0
0
0
0
0
0
0
0
0
0
0
0
0
0
0
0
0
0
0
0
0
0
0
0
0
0
0
0
0
0
0
0
0
0
0
0
0
0
0
0
0
0
0
0
0
0
0
0
0
0
0
0
0
0
0
0
0
0
0
0
0
0
0
0
0
0
0
0
0
0
0
0
0
0
0
0
0
0
0
0
0
0
0
0
0
0
0
0
0
0
0
0
0
0
0
0
0
0
0
0
0
0
0
0
0
0
0
0
0
0
0
0
0
0
0
0
0
0
0
0
0
0
0
0
0
0
0
0
0
0
0
0
0
0
0
0
0
0
0
0
0
0
0
0
0
0
0
0
0
0
0
0
0
0
0
0
0
0
0
0
0
0
0
0
0
0
0
0
0
0
0
0
0
0
0
0
0
0
0
0
0
0
0
0
0
0
0
0
0
0
0
0
0
0
0
0
0
0
0
0
0
0
0
0
0
0
0
0
0
0
0
0
0
0
0
0
0
0
0
0
0
0
0
0
0
0
0
0
0
0
0
0
0
0
0
0
0
0
0
0
0
0
0
0
0
0
0
0
0
0
0
0
0
0
0
0
0
0
0
0
0
0
0
0
0
0
0
0
0
0
0
0
0
0
0
0
0
0
0
0
0
0
0
0
0
0
0
0
0
0
0
0
0
0
0
0
0
0
0
0
0
0
0
0
0
0
0
0
0
0
0
0
0
0
0
0
0
0
0
0
0
0
0
0
0
0
0
0
0
0
0
0
0
0
0
0
0
0
0
0
0
0
0
0
0
0
0
0
0
0
0
0
0
0
0
0
0
0
0
0
0
0
0
0
0
0
0
0
0
0
0
0
0
0
0
0
0
0
0
0
0
0
0
0
0
0
0
0
0
0
0
0
0
0
0
0
0
0
0
0
0
0
0
0
0
0
0
0
0
0
0
0
0
0
0
0
0
0
0
0
0
0
0
0
0
0
0
0
0
0
0
0
0
0
0
0
0
0
0
0
0
0
0
0
0
0
0
0
0
0
0
0
0
0
0
0
0
0
0
0
0
0
0
0
0
0
0
0
0
0
0
0
0
0
0
0
0
0
0
0
0
0
0
0
0
0
0
0
0
0
0
0
0
0
0
0
0
0
0
0
0
0
0
0
0
0
0
0
0
0
0
0
0
0
0
0
0
0
0
0
0
0
0
0
0
0
0
0
0
0
0
0
0
0
0
0
0
0
0
0
0
0
0
0
0
0
0
0
0
0
0
0
0
0
0
0
0
0
0
0
0
0
0
0
0
0
0
0
0
0
0
0
0
0
0
0
0
0
0
0
0
0
0
0
0
0
0
0
0
0
0
0
0
0
0
0
0
0
0
0
0
0
0
0
0
0
0
0
0
0
0
0
0
0
0
0
0
0
0
0
0
0
0
0
0
0
0
0
0
0
0
0
0
0
0
0
0
0
0
0
0
0
0
0
0
0
0
0
0
0
0
0
0
0
0
0
0
0
0
0
0
0
0
0
0
0
0
0
0
0
0
0
0
0
0
0
0
0
0
0
0
0
0
0
0
0
0
0
0
0
0
0
0
0
0
0
0
0
0
0
0
0
0
0
0
0
0
0
0
0
0
0
0
0
0
0
0
0
0
0
0
0
0
0
0
0
0
0
0
0
0
0
0
0
0
0
0
0
0
0
0
0
0
0
0
0
0
0
0
0
0
0
0
0
0
0
0
0
0
0
0
0
0
0
0
0
0
0
0
0
0
0
0
0
0
0
0
0
0
0
0
0
0
0
0
0
0
0
0
0
0
0
0
0
0
0
0
0
0
0
0
0
0
0
0
0
0
0
0
0
0
0
0
0
0
0
0
0
0
0
0
0
0
0
0
0
0
0
0
0
0
0
0
0
0
0
0
0
0
0
0
0
0
0
0
0
0
0
0
0
0
0
0
0
0
0
0
0
0
0
0
0
0
0
0
0
0
0
0
0
0
0
0
0
0
0
0
0
0
0
0
0
0
0
0
0
0
0
0
0
0
0
0
0
0
0
0
0
0
0
0
0
0
0
0
0
0
0
0
0
0
0
0
0
0
0
0
0
0
0
0
0
0
0
0
0
0
0
0
0
0
0
0
0
0
0
0
0
0
0
0
0
0
0
0
0
0
0
0
0
0
0
0
0
0
0
0
0
0
0
0
0
0
0
0
0
0
0
0
0
0
0
0
0
0
0
0
0
0
0
0
0
0
0
0
0
0
0
0
0
0
0
0
0
0
0
0
0
0
0
0
0
0
0
0
0
0
0
0
0
0
0
0
0
0
0
0
0
0
0
0
0
0
0
0
0
0
0
0
0
0
0
0
0
0
0
0
0
0
0
0
0
0
0
0
0
0
0
0
0
0
0
0
0
0
0
0
0
0
0
0
0
0
0
0
0
0
0
0
0
0
0
0
0
0
0
0
0
0
0
0
0
0
0
0
0
0
0
0
0
0
0
0
0
0
0
0
0
0
0
0
0
0
0
0
0
0
0
0
0
0
0
0
0
0
0
0
0
0
0
0
0
0
0
0
0
0
0
0
0
0
0
0
0
0
0
0
0
0
0
0
0
0
0
0
0
0
0
0
0
0
0
0
0
0
0
0
0
0
0
0
0
0
0
0
0
0
0
0
0
0
0
0
0
0
0
0
0
