-119.83951298
-96.54495176
-109.96033534
-106.17060812
-68.58740111
-78.62004287
-87.26200335
-89.56978741
-90.12344749
-90.00548968
-107.31750325
-94.77254824
-118.64560719
-122.49909304
-120.14093011
-123.85049018
-88.09498172
-61.90430415
-75.76421224
-79.22838549
-71.73808548
-87.50511373
-86.85661469
-110.65022083
-97.58870774
-96.05802442
-95.60672857
-94.78044280
-120.56157645
-93.08257790
-96.09549258
-122.18631068
-103.53139970
-82.76993614
-81.72681780
-79.81709159
-86.81845736
-99.70648165
-122.27988389
-147.04417838
-135.61961151
-106.85669050
-83.18009670
-94.30891867
-84.94897002
-82.96026955
-80.04125094
-78.36507119
-100.51642932
-120.68365594
-106.84225688
-98.90153160
-87.45552896
-96.62051806
-89.79054518
-92.16332674
-76.83169055
-66.11546911
-56.33881068
-31.56607561
-36.99328611
-6.42819378
8.26060099
6.90644706
26.89100031
6.93588492
13.00134107
23.15255721
20.85026379
43.19151729
27.64781545
29.90057109
35.63717320
16.42505179
18.77942425
29.32352945
22.38094270
33.05687913
9.72568759
31.03357428
19.19385491
28.14714713
11.12739515
25.95872809
30.13437338
18.31866543
7.15535563
12.28678634
21.56710158
-2.22534997
-4.29802634
7.28185196
17.97168635
24.45505183
20.97171949
18.85400695
13.81891642
5.45413151
10.36806011
5.58853972
22.58475086
12.67031569
13.66725226
16.82575006
30.56987943
28.90870200
43.06211252
24.78290912
14.02890012
22.47270445
18.14748591
6.23340088
2.67028816
2.69031937
7.94729701
5.42016261
5.81560412
39.73570879
33.71461992
31.13017908
3.44890406
15.28989773
23.15790899
1.32937341
3.38738891
12.93159084
18.19352569
22.92519185
24.38594904
23.09652180
36.59523904
32.70786136
29.23875386
19.75294339
40.44138932
39.17549807
22.39844215
29.23360789
10.93694465
31.70259142
21.28714061
12.03392979
16.93956230
23.32388026
-6.45900392
-11.38557121
15.57167451
40.43547814
30.33509237
32.54935771
12.13504070
21.55008729
25.81498381
31.01618805
30.28710304
18.90282163
9.58722722
10.21616320
8.49313050
17.67972772
22.23570151
9.42642137
12.90004417
31.37934734
15.21668386
7.30914562
22.18257915
51.08125995
48.32575731
40.35193537
43.09319321
30.60152965
34.21200718
28.13133917
39.36970568
42.72851878
41.79489082
39.52450381
26.57407124
42.87959425
46.14419469
46.21885675
45.10887234
35.14445411
33.99624943
43.87593368
50.46532335
52.02388974
33.12863421
27.48874683
16.53737807
25.94366308
9.72945679
8.26722838
24.10244281
14.15131643
28.50366792
24.05326235
21.59457285
26.85868039
33.14320849
25.83872347
20.14466540
31.42336946
25.91785994
28.57060712
31.84182913
34.70286755
26.11306641
31.97288187
27.16644093
40.97700091
30.26828883
29.29425242
25.33466619
15.13884995
25.69022990
9.60380453
20.23287743
11.84052950
27.74367017
36.97109341
23.01415058
29.30462964
21.33889019
25.97240229
35.58525580
39.76811460
45.27644438
40.09152443
39.54872418
23.18586726
18.90620740
14.66035620
37.84513179
46.05762849
54.29528430
42.03856593
30.38122170
19.26921411
21.50690513
29.73538542
28.94148700
34.03031256
30.25819506
24.10306678
27.17647263
31.27472138
31.87182731
41.25962396
19.73372914
34.05380818
41.95673145
30.89195638
45.00864907
41.38882556
29.48507948
-8.78023197
9.66623724
-3.73092479
-11.19978690
19.82245104
14.85845607
15.16683910
29.20517676
22.37003968
12.24898405
8.93962473
13.05150725
35.50633283
39.49731952
46.80171975
28.37162192
33.09066852
28.42520201
0.22261057
30.80668900
12.24625991
8.56980015
28.54309652
37.00094584
47.06593307
32.93926260
33.44187993
14.80190131
-6.98123961
15.84444994
0.29807380
23.79377929
36.27071405
29.47049505
18.98400189
11.68695507
27.82245028
32.50348517
25.66910574
21.11281261
44.29813497
27.28978362
-9.74112848
-1.84915742
18.47094903
18.41328502
6.03896063
20.50716178
30.83309340
30.11450283
33.15950424
4.63816496
-25.85682334
-3.24279129
11.08805977
10.41506400
17.25378838
30.20970487
27.10496683
15.43218768
7.10370338
-7.66130969
16.52751837
39.28582173
34.76119650
5.88649141
8.41397398
24.20354674
22.20615124
11.07851126
21.37764080
10.94521996
10.99896500
19.57760884
27.12452426
23.83597647
12.11717679
17.49138934
3.18008550
-0.85422407
14.96264598
14.54601392
22.29554108
10.41770220
5.54037305
-5.90101977
15.63544706
15.33750814
32.35392926
31.09884635
24.89531361
13.85035231
9.71892752
-4.64525735
32.44879071
41.73321091
42.35027848
26.63841584
28.62037981
31.24549997
24.81074236
-12.02284709
1.71322658
16.42249650
13.93497581
15.71063152
6.35389474
9.91013590
-2.10782688
39.24172394
39.74685449
19.65282311
21.09499473
17.71639970
16.66980539
25.67368720
9.81269792
10.84907708
39.16957100
38.88514070
36.12135553
5.82002877
15.35465287
-2.63683006
16.61026568
38.52462993
16.81011184
25.27030407
38.49500600
34.37304922
20.60586586
5.94980337
13.25150884
8.95576012
-8.47604286
3.73623321
17.31884766
-6.53457102
26.02918116
21.31923245
1.31860870
8.50212148
-10.58570258
-24.65161165
1.65312798
25.66314936
13.09030403
9.47129390
25.46828462
6.56751454
23.64623592
10.02287141
-2.41962704
-9.42740280
-27.39315696
-25.20490282
-26.59324470
1.32142232
17.34846171
30.60511007
22.03181684
-2.31402900
15.95768954
9.26122449
21.88250524
31.82733794
42.31800800
28.94989120
-8.44155195
-23.21352556
7.31253275
-1.68596934
-7.05526666
-2.22101772
11.17971952
32.41704011
22.15656047
10.37388254
5.30588876
9.72124633
11.95195290
11.11424595
1.84089341
6.17019522
5.42654985
21.81234707
19.83354390
-3.16035181
11.61563319
-2.61042564
12.90743204
10.38704007
22.92131285
43.03896478
37.80263373
12.30099913
-2.86871562
9.49114703
1.89608210
2.42625775
13.47194261
14.86250670
19.06222599
21.32057166
17.99993986
-1.46946827
-2.40829355
-0.35077195
5.57206987
23.99250715
3.95866261
14.07071742
10.17835981
24.44311811
20.21400257
-0.42378482
2.64336296
26.36887560
28.66351732
18.61519410
-21.47965881
-6.25145854
19.06639389
-8.72680420
-9.85236361
3.55094410
8.56029147
-12.89019187
3.88539963
14.47892703
-13.53124791
16.28813861
15.41516439
12.64157565
-14.11920571
-21.80911602
-44.07040094
-17.61525190
-6.66712109
-22.29784806
1.45693803
30.47012776
14.17997625
12.45684605
-0.69415025
2.85876709
21.71115269
9.50975178
-4.94380907
21.31965666
17.87766409
11.20598017
-3.77288456
8.98537807
-12.29833580
-6.75566487
-5.81705690
14.34980582
10.63403873
21.95190378
42.42743994
39.94176796
42.62717332
28.61938741
11.77163028
22.04216108
-3.60936644
-19.30353709
-15.03718916
-21.87997807
-4.19872744
15.60034768
20.75558252
-11.59045987
-5.29390598
-27.37015037
-11.41710563
-5.43204778
-11.41225673
-3.70697007
7.53475723
31.45966952
13.52994325
3.58960154
-12.70941229
-7.20503073
-0.43876901
11.45115785
0.94527079
23.24521446
28.60940833
11.14889464
19.78843182
-9.57491790
-5.08092685
0.37511520
11.14004984
-4.31856209
-2.31872684
-18.76346217
-12.31163536
20.63521303
23.82930767
-0.85524242
20.72696040
31.74096398
-0.14321249
5.50525765
13.58786659
-2.16197238
7.65701337
-2.50835714
-6.40286703
17.94172349
7.12429514
0.49920577
14.71392176
-15.82888253
-43.96662706
-20.45911423
-12.18321177
-29.71716244
-33.32971631
-10.26100879
5.73440767
15.50800563
14.46114563
-5.42125567
-15.92336642
-28.08759526
-15.18964261
-6.82252259
1.06200324
21.44778527
15.40794616
20.79666040
23.83380718
27.00482467
1.07109074
-28.10920790
-54.97604692
-23.29504594
-13.23662577
-30.59094459
20.63563719
6.82812221
4.35925622
28.66062320
-28.38183871
-4.59277077
-3.71894982
-4.18498241
9.05351777
7.44499624
24.39737275
17.73031083
21.11153291
9.43562815
12.05291418
28.34900858
43.99590444
26.77689226
21.33402409
17.97261496
29.87699925
38.26089453
18.28146805
7.04777909
-3.09864219
0.10273928
16.66876468
5.95008057
6.07704815
5.68716933
-21.49686065
-10.83107852
9.74831738
0.09307808
16.73614397
7.06628894
-16.00353371
-15.56476030
-16.67765736
-26.01631075
-4.69386377
6.00823697
-26.45189669
-19.11782797
11.07249068
17.37736537
4.22413438
-10.99734346
-9.31936127
-8.16116334
-15.89175702
4.57752484
16.54639096
-10.19815852
-1.01336079
5.84660020
12.15697259
22.18095148
11.23729481
1.42300521
16.22011897
5.82328123
-18.83278711
-22.14598340
-35.06101328
-4.25179824
0.77776113
13.33221638
7.14448914
-8.67962644
-23.52656994
-17.19972277
5.59390002
-9.56561546
-20.85297901
15.39067888
13.11796170
-0.80047429
3.55548566
7.27604370
-10.70024233
0.36171405
-8.01322874
-21.61002810
-19.14210293
-13.97160837
-22.24136948
-24.00226726
11.18401413
-0.60968168
2.10909739
4.69305524
16.06507892
22.79489176
-14.23256159
6.43463057
16.91220458
10.55451160
38.46951789
23.49776324
20.74465162
0.95228262
-8.45452654
0.34716340
-14.23376189
-3.84967704
-0.58338094
1.70045233
-13.48505708
-35.75994090
-24.31437188
-37.21905004
-17.87661420
-4.37860268
11.76736422
20.63246113
13.58240908
39.90842422
28.57598611
5.56058568
9.17861819
-2.01598021
-15.37261440
-14.58681179
-27.76828518
-2.54476921
3.45228720
-11.96272897
-19.03688182
2.87940490
-6.55014951
-15.19877155
-8.63685471
7.11992678
12.61612767
35.47872031
36.86231995
15.79223643
-0.99915587
5.30493364
-22.27606656
-5.56722875
-8.47955142
-24.95340088
7.53220440
-15.90481903
-15.27495817
-19.73930871
-43.02297749
-36.22549973
-24.20638993
-14.09489461
-1.93056695
-19.88414316
-14.00605375
-8.09596094
-11.42391924
-5.32752709
-8.61210336
-31.25167679
-0.96516660
24.75425434
14.68795524
-23.99413382
-28.79856635
-31.43732573
-35.53212059
-11.12731080
-2.37309052
0.33622860
-12.30634925
6.72250376
7.03242595
3.27966011
-31.48855031
-41.93367640
-13.04107407
19.97547911
2.89366928
3.31408921
10.22261271
-14.48081271
-9.68691680
-15.51671750
1.45041819
3.95136860
-7.20429558
-17.87463388
-9.87820061
-26.17366727
-5.62087154
-23.56840638
-5.79289835
-23.65933121
-17.91993183
17.57209198
17.30156073
27.39081172
-12.84882943
1.40577689
-31.87738309
-29.53739983
-7.75141215
-29.20522740
-10.12632357
-9.16703475
-44.96338080
-46.59122811
-2.30747468
-12.27694550
2.70512921
-10.30077785
6.94608217
-33.00320787
-31.69035227
-30.06418900
-35.71261835
-37.00208693
-11.22519851
3.32708532
4.09617111
6.17056250
-2.03273738
7.47654546
-8.09303548
-32.46568387
-24.31729429
-8.00846865
11.34373906
-2.92158160
-20.00576632
-7.04954916
13.10759442
17.56295868
2.15444322
12.83795061
0.68065817
-10.23387795
3.95939773
-0.63594914
-3.61281959
9.26131600
-12.06568152
-0.35556998
12.07150208
-22.75373184
0.57378599
-10.73054355
-10.34044038
4.21920307
15.09950476
12.68581357
-0.01547788
3.03891944
10.08182340
11.88561692
-3.09422379
-16.10032501
-19.50344816
-24.60350421
-12.31131779
-6.29516057
-9.80520870
12.48218413
5.01076514
-3.87948520
-1.23534246
-22.73161263
-1.68760486
-0.21497458
-20.50760682
-20.85322281
-9.24085205
-1.93037475
-0.93424638
11.29719256
17.42133590
-11.08109034
-25.72272602
-33.37071723
-41.66379200
-12.68076592
-7.83704762
-9.27581852
-15.73933374
-31.12426797
-6.39340162
-5.07601182
-9.40434347
-15.97760173
-20.27592771
-28.03529418
-6.74449171
6.15074871
-9.41629343
-5.76180501
-8.05340015
-11.25402326
-18.81297358
-5.68899914
-2.66796833
15.36341108
4.60994673
-10.14070132
-14.08980563
-5.41508262
-1.49790516
6.75778621
-11.26266043
-21.32051952
-16.99857322
-23.67456389
-0.82226042
-19.97182636
-8.88836061
-29.13579317
-26.72814539
-17.46502600
-3.86296853
7.24003181
-4.24393502
-0.03623326
6.47152787
5.67838210
16.77684325
7.27138009
4.60382618
7.71946206
-17.81513652
-51.84385994
-15.84869163
-2.46667485
-10.97204512
-26.60826344
-22.44914564
-21.57261484
-29.40890816
-20.92322330
-13.08707206
-0.21147389
-8.79655739
-28.20353465
-23.95594441
-31.81354144
-19.41869103
-17.92183957
-23.85983135
-17.04515574
2.99005423
9.79558991
-8.05393397
-15.63377492
-23.73375184
-33.31716248
-24.09429069
-24.42607267
1.57568071
-4.43232997
-1.21549301
-7.78948425
10.05999560
-22.97504639
-10.28370416
-9.19917530
-13.90490468
1.49018214
-7.55118421
-4.72581936
-18.97204305
-23.57835185
-7.81889117
-7.33005742
-15.11807086
-13.61161364
-4.60040739
-18.14817915
-11.48985596
-30.63718118
-15.83209668
-25.32290067
-19.47041198
5.00726892
-33.62632732
-47.94257013
-18.34898396
-32.03075855
-42.56981310
-48.81872521
-48.55636737
-28.67248506
-25.86046359
-11.66445427
-24.53996007
-69.19504661
-5.75526345
-8.70434138
1.12966635
-0.44672517
-13.65572227
-18.49352039
-12.50739661
-34.78499209
-49.57605591
-24.04725107
-5.90253403
-11.06671512
-10.37916389
-6.30977344
-1.88777142
-28.32088708
-40.38732598
-7.70278481
-15.41646868
-10.63707352
-21.02466236
-6.63540898
-18.94243632
-26.35426321
-46.52186811
-52.78102106
-42.17046616
-36.25779135
-15.43222669
-23.56007329
-5.49538102
-8.47272555
-11.06731948
14.92604668
-2.13942157
-2.04477176
-29.95197252
-42.67043827
-75.37112833
-59.00030609
-92.24972229
-123.18664356
-115.84867181
-130.52211432
-78.98942571
-64.43642038
-29.83004124
-33.45622142
-34.46532153
-11.43304518
-24.61816760
-16.87227097
-39.24320516
-65.15064901
-51.79968869
-54.91144307
-35.43165785
-21.07140153
-3.19612460
10.31066496
1.96246359
4.81286542
-14.91196573
-9.96058863
-8.85815768
-0.50599784
15.70255059
23.64807681
14.62751899
8.03285284
10.99486153
17.61902587
28.12832886
17.42920472
14.88311096
-2.01078181
5.76081955
13.97077154
-14.17813742
-30.01434777
-15.22926789
-14.45556000
-33.38658413
-57.80002659
-68.09115373
-58.42274133
-32.20680278
-50.40832219
-56.72666203
-56.90115082
-78.19080084
-50.09289355
-70.70097155
-37.80402495
-40.19002255
-21.91037226
-8.28124119
-2.74794432
3.47399682
-11.10111086
0.60848413
6.08887708
7.90368854
-0.48755879
-4.79535514
-45.20013691
-72.70330670
-58.65946580
-36.93995296
-20.16439971
-3.03047223
-5.01003354
-0.82319418
-10.07561225
-5.53817288
-15.60047687
-11.31758221
-8.35576539
-58.83447049
-49.97289825
-60.79084659
-89.00843803
-84.28148103
-78.64732744
-49.87261661
-59.55667632
-36.19957233
-65.83867270
-61.60867954
-74.42794583
-59.95088247
-46.84862472
-28.98319036
-6.34849189
-14.48844409
-6.47914474
-15.94345199
-15.62251961
-23.31080379
-26.91830581
-14.53563123
-30.96463298
-33.47633414
-45.15433582
-47.29078702
-44.22321028
-65.84583998
-85.61199066
-72.91383390
-82.44276397
-134.64616035
-151.55666094
-132.04224155
-184.19885481
-143.78380211
-120.52347411
-113.43840791
-83.97960656
-47.03589451
-36.70454991
-17.50797291
-7.52091516
-5.72834809
6.89763774
9.05544829
20.88924455
18.85237623
-5.74762350
7.64179590
3.56824577
-1.03381326
7.62214866
-5.40743925
-4.75169034
-10.36072326
11.16745542
5.01948668
8.17731402
19.98437343
32.88111137
43.69855048
28.78808547
23.28530571
21.15898057
10.62307256
11.31204479
-30.00711629
-15.09680844
-50.10686657
-61.53010675
-47.23717448
-100.50853212
-136.28568135
-112.61728964
-69.80009026
-52.84868958
-32.44563379
-17.43264497
-19.99248184
-16.04031737
-3.37611933
-0.31859123
-10.41994147
-5.70283019
-6.26556412
2.42588908
13.15064052
-2.28523812
11.36979084
-4.38204539
-4.05456795
3.20561601
20.65683112
14.08761972
-9.60789909
-18.22288652
-26.97121430
-13.18031687
-2.15732746
-17.82260522
13.23533063
-7.65366904
-10.38212451
-4.38239209
-2.44468942
10.51850968
18.49717348
26.31476417
18.99264953
18.42266279
14.41526698
-15.85560005
-16.65735406
-0.35528041
6.64284394
-18.48928948
-47.93538615
-22.55656103
-58.37385924
-115.68633793
-105.94572530
-81.50800803
-78.25569351
-87.24823684
-102.85804413
-113.40453600
-102.53910268
-95.36934915
-124.68675977
-80.63904918
-55.77110778
-41.79970038
-43.43226496
-22.18354523
-20.65007474
-9.65219535
-15.61996366
-22.12303314
-21.59420755
-33.68611666
-57.41755460
-45.95979890
-7.13160356
2.11722327
-10.96318849
16.45635350
-16.11116002
-4.00621306
-7.75235323
-19.49739463
-9.06462739
-3.02339168
-27.61163313
-33.02342938
-45.01199592
-56.30393130
-63.67629962
-85.50594373
-64.69450693
-33.14453881
-34.60160853
-25.69994583
-7.63935847
6.20245597
-1.91545810
-22.26816576
-26.10739972
-49.57661824
-55.22412474
-29.23511973
-20.55900012
-18.65035007
3.01844940
12.70570046
24.43502090
26.53880919
16.00820640
12.72504689
1.05384363
-0.46497204
8.56713702
14.17680054
-16.57280907
-14.32591989
-12.15975875
-26.54077688
-16.70325000
-22.42689124
-1.44348658
-9.53544317
-21.39033232
-69.74685449
-67.28915883
-55.76999173
-63.25898386
-30.32222961
-8.77562263
2.49513937
21.88228762
3.08128611
-10.03594391
14.33950646
27.36989236
44.38318845
42.25546522
46.12217877
28.89596093
36.67583063
33.47949747
15.17732762
14.47161340
20.34073972
7.88442034
4.36417705
-27.82223757
-8.43872489
-20.88883131
-0.76420881
-12.60798039
-23.26220993
1.21877431
2.51173318
13.89110697
30.94640957
34.10891979
49.65974491
40.68655954
36.88439603
35.01560129
26.76780137
21.73990703
25.33291795
30.20778118
29.15494553
10.52606280
-2.54293592
-27.20844144
-66.66336666
-64.60039935
-83.47803290
-69.22174554
-33.69588735
-43.12401736
-73.50362583
-86.76887543
-94.89409991
-99.00563242
-68.96804354
-63.97052333
-79.88332096
-48.58346454
-56.86082137
-96.35343352
-38.23463156
-16.43165373
-62.63819168
-72.40512443
-46.15731960
-27.64300775
-36.47473865
-34.65446947
-29.63894474
-25.22797891
-23.79001275
-24.29732210
-12.34593166
-16.70685377
-4.11273877
1.55845291
24.92381619
28.16930202
18.05144880
8.83191806
-12.86139755
-0.69004087
-4.57401780
-29.41894561
-50.53101721
-31.10662839
-31.54676271
-60.18544023
-60.18928933
-83.59257356
-68.31416927
-40.27911822
-47.67013596
-33.70156831
-52.32725617
-30.24562397
-11.07680169
-8.45362350
-1.41910754
9.46177145
12.93496744
12.22409855
5.69562595
-4.47712091
-6.89119166
-24.97923959
-26.29446473
-38.82088893
-21.94378485
-30.06826279
-35.81584869
-54.20401685
-77.17448423
-55.81173735
-68.80200075
-63.77656723
-65.47636380
-65.15683380
-68.50166828
-55.40733104
-61.90151491
-71.14806932
-79.60850014
-60.72148580
-70.63760903
-55.72721254
-74.44548053
-84.44030736
-63.33876387
-66.94145505
-45.93851089
-11.15076600
-5.55169207
22.56022192
23.89194112
19.35589274
27.43679815
13.48119092
21.45752038
-9.44759724
-8.07253462
-9.70462580
-38.54861581
-41.95167733
-66.83678785
-40.12996120
-17.66666877
-10.08129620
17.23175680
39.22261333
48.30558497
38.03247345
39.54696381
36.50485649
23.55368010
15.42497651
-12.83858402
-19.60051244
-4.26231274
-10.78721636
-29.60307223
-27.61690148
-40.30166874
-16.07873537
-28.37292849
-15.04626421
10.51942215
-5.01236587
-29.50534303
-36.48928942
-18.84787290
-22.35212584
-6.77037341
-13.73649347
-6.49202065
12.07014233
21.63103371
15.55802327
-20.76696011
-9.11545062
-8.27923848
-20.48442053
-37.87091124
-68.64407728
-28.54734727
-36.42061728
-79.72909090
-73.29621897
-56.83327017
-51.93678695
-44.69915599
-52.24806791
-58.85517954
-31.37268986
-22.80488925
-20.20877740
-18.22801091
-11.31252076
1.20352741
-10.82936905
-4.54656517
1.89658805
-6.58142836
7.43108758
3.71485141
15.87044962
19.35856447
7.32021192
12.89302418
-30.65779407
-35.90300494
-36.81000196
-23.87457443
-47.24743337
-72.23875082
-74.22909222
-77.26864649
-55.03604731
-24.30335337
-16.66442433
-0.70524472
0.22538639
10.53573325
37.22810692
38.22111748
44.76100909
40.53126398
26.99780165
47.34210641
46.78905010
34.10185085
31.93961375
24.71756710
8.05767471
-23.15316243
-22.63752505
-4.13678672
2.68175909
0.40170148
15.05124988
9.67665898
-10.36927546
-0.63044067
16.67043682
9.38477088
2.07422342
-8.98795790
2.67391604
9.17351156
-12.83034636
-20.12116703
-28.27054917
-24.30998112
-19.80020034
-8.84730999
-35.69228089
-38.27975239
-38.96711261
-34.86258554
-32.53584515
-37.56351944
-46.38541518
-34.31407778
-16.26995011
-13.11954876
-12.85511135
-10.80227564
-5.36299047
-9.67688303
-49.04888999
-61.55098168
-72.81111913
-59.29020280
-30.57539980
-54.65676250
-46.13516502
-50.42052162
-73.25998759
-99.05844086
-66.48445348
-56.46517147
-78.58492022
-78.53862002
-106.18226761
-124.57754410
-118.47010817
-71.78714037
-54.78231585
-55.41105716
-30.92126995
-19.65710826
-5.04477457
6.68656331
-18.01018322
-30.66295715
-10.36567145
-16.54573277
-27.33997026
-33.56483115
-50.87167348
-58.81288512
-39.83073067
-38.04749361
-20.60071471
-23.35210455
-3.38262973
-25.11876124
-25.41434360
-24.61202012
-27.87397404
-4.90867758
20.51098022
11.38004232
12.82702101
24.36938025
8.89504204
23.59748055
34.00978728
36.97996601
43.53826236
29.71723845
32.20412790
15.50284989
5.41008436
15.89228626
11.88640743
21.67250910
-7.96912377
-23.92462472
-35.49038928
-28.17262585
-69.49446370
-88.77861585
-93.93241109
-87.74513011
-71.76126433
-77.74857777
-69.17113026
-29.58775436
-37.89375117
-22.52538303
-12.99225758
-69.32377976
-100.82026808
-103.99764622
-102.21634785
-99.43598377
-108.03214761
-84.65685135
-68.11310801
-43.45838805
-47.46455278
-58.95384674
-33.16642692
-22.96168058
-8.23292114
-38.15085763
-41.46720267
-48.36741076
-44.17376679
-9.36527917
-50.00630595
-57.08752639
-33.61964301
-58.01224856
-42.48536971
-35.04606029
-8.70510166
-9.80267184
4.12048937
12.39543436
14.22036734
15.11534881
5.24786415
29.27922391
31.89172418
28.10331710
15.59976311
41.36120508
41.02925820
21.11001061
27.37547789
-3.90958508
-32.78314597
-21.75253241
-52.24139319
-69.10776128
-41.25043280
-36.26632828
-24.23909164
-28.37227775
-24.39923606
-3.05991380
-37.43269031
-56.09262205
-48.18184819
-38.49167740
-1.74682214
-2.54309345
-9.28530279
0.55735975
-32.25327348
-25.77402944
-26.46678613
-19.34431720
-2.80818420
-22.69193247
13.24768292
14.67484194
24.76133039
24.14850480
13.42521924
14.79053689
-5.32293586
-40.91026178
-29.28769340
-1.67308079
-13.09454328
-51.83341437
-55.68673417
-78.06360173
-108.39408246
-110.75577190
-91.72511707
-82.19306681
-80.63844750
-79.22097930
-75.88606280
-66.54760459
-58.91290131
-54.09317009
-43.18626800
-30.72822559
-43.55709880
-48.90202546
-59.01852642
-78.87812237
-132.05842422
-98.37762655
-65.32442086
-54.71093341
-73.13282677
-72.65680278
-68.94539233
-54.56342292
-38.21412005
-25.90614853
-10.51535046
9.37365978
-4.12521458
11.58822939
1.07805255
3.76914429
-0.42611870
-11.31968057
4.02998651
-19.45064758
-20.07337857
-7.47411267
-12.76680431
-7.29749901
19.90202840
26.43034312
1.14270551
-18.10550146
-24.99323216
-62.81093706
-82.79861470
-61.20725056
-55.12270568
-29.55903672
-41.12966658
-39.49564435
-10.22521400
0.79639844
-25.38942989
-34.73326554
-26.81752899
-9.48501267
9.20604761
-23.11256498
-8.59912940
-28.74824639
-50.83957367
-39.57277530
-30.96379847
-25.35668461
-25.46958908
-14.41706314
-33.38928260
4.01008316
-14.84138356
2.06795368
-11.56248405
-25.41037160
-21.82382089
-3.68029496
24.03120957
27.77807978
21.97553636
38.42817793
14.74446464
6.09614890
-13.56924141
-19.29930590
-26.59904883
-40.34444437
-42.94092451
-45.72648680
-45.25534410
-37.14101580
-10.37392460
-4.91920391
-5.55366878
-6.81021279
-3.83808634
6.04795069
1.55389433
-12.15328560
-13.19709248
-26.01789287
-53.37277273
-54.19771991
-58.28802318
-75.48589761
-74.79116462
-52.79531914
-23.79358817
-31.28326291
13.33753822
-3.60285769
-27.66300957
-49.42547694
-82.96561740
-65.76668663
-91.67462677
-78.22147910
-52.51025815
-27.32785678
-17.95380976
-6.41445025
7.54541721
23.39584408
9.21575256
-2.33516219
-28.14950311
-20.27140021
-41.84383752
-33.33143676
-13.82090264
-7.36054404
5.36736053
1.34961187
-30.55816315
-21.23549214
1.31138698
-2.00241922
-2.17874020
7.35192249
-5.38960244
-5.87713905
-19.56512645
-34.25731417
-52.99655316
-29.56849124
-13.90418194
-2.66616089
-8.59736854
-32.51053213
-38.05392947
-35.16858155
-39.11604847
-46.65083947
-28.75308365
-20.95115221
-41.45722045
-57.17615002
-55.15662341
-35.69646573
-48.11801299
-36.31024975
-23.08754706
-29.27781834
-9.52459384
-31.66680295
-42.69403933
-28.02019192
-31.91042618
-20.20688715
-19.61089526
-21.93822600
-6.17758645
-42.14834491
-43.84306974
-63.89755249
-72.30777121
-72.20175772
-96.15791667
-60.93118568
-38.30523993
-24.62765253
-20.34882662
15.07684866
23.46870146
24.30609981
31.25769301
33.05261031
39.75198441
30.25117084
44.76053649
42.54286539
34.77464760
9.31615730
-10.23658847
-21.05855179
-24.41832491
-4.27822380
-13.27894675
13.86580393
19.84687269
5.88864940
-14.52506999
-14.56940282
-34.08803562
-92.84615737
-93.79370220
-109.55236274
-94.79687470
-87.23021715
-71.99269769
-64.35376588
-56.73489866
-40.50682019
-16.44208798
-5.29417386
-14.87369265
-1.15790851
-1.62920934
-15.77491182
-0.76414080
4.24801939
16.32084734
16.43682969
10.75156475
9.01742860
-27.49806379
-25.07108329
-17.22280955
-0.29869206
1.19496794
-15.90870549
-26.23823641
-30.44856074
-34.57678951
-48.55362097
-42.71810344
-63.50202877
-42.98132080
-14.21382293
-23.31063304
-12.10461741
-7.27437484
-4.13509857
-17.10818757
-20.34606195
-17.26646656
-6.81958363
20.14518436
25.54747993
33.27220273
25.00534982
8.06407927
4.18826016
15.18218230
-3.31629548
-3.29874755
-29.31139077
-41.97572039
-31.02924983
-9.73969751
-16.60709841
-45.35578332
-40.14264521
-52.26534453
-91.73557683
-101.55598899
-68.20693014
-68.63354028
-76.59384716
-58.23871425
-33.95464444
-28.90372598
-25.20033178
-53.13464529
-31.89791434
-34.67134644
-66.60982120
-58.49831791
-85.53706693
-101.99332416
-53.14287520
-45.23358323
-24.93797420
-6.29576974
-5.11194670
-8.63841615
-29.59351781
-10.14869421
0.96330822
21.02209553
22.18322593
13.32247462
0.32609140
8.41704097
5.71299125
-0.33366612
-3.15962734
-9.64799761
2.65964892
-9.18448526
-35.74571718
-6.53431215
-28.66123879
-19.77166382
0.43470307
9.20935083
-3.38454152
-19.19721948
-51.61730041
-69.00904041
-43.32830874
-74.00365839
-58.96487282
-19.28439615
-49.77416384
-26.20226585
-7.67423848
-9.38921569
-27.76717321
-47.88001796
-29.82600006
-26.27949503
-17.26206747
-13.06667932
-13.68030836
-20.42786525
-11.33143206
-28.77814313
-37.38217114
-23.79282787
-3.88013527
25.44827108
10.82698551
1.05480262
14.51844859
7.64068282
-8.62745917
-8.48276088
-11.32365028
5.56542806
-4.39494577
-26.24883636
-41.92380178
-72.01838955
-54.58170725
-33.52501551
-27.58331665
-22.17172522
-12.59481279
4.45708888
-11.75803275
-4.54473176
-26.57966416
-6.47164740
-3.45492657
-9.64441535
-22.31228022
-4.80974799
-29.98881279
-43.87276164
-66.10892729
-84.07003054
-86.06818867
-103.52489606
-116.02674162
-92.65662969
-76.77625157
-40.00941352
-11.49938039
-8.62985702
10.31805951
18.06227964
23.78356486
7.53614805
17.77738127
11.15932900
20.84881234
20.10216193
2.12220719
-29.52060946
-47.94365752
-47.70780263
-76.43431927
-84.02676001
-89.02435177
-64.94396665
-43.59680142
-72.81295901
-85.62987144
-102.30616334
-71.02868691
-55.63565997
-47.18014494
-41.85061460
-69.35369776
-64.08467722
-32.72182789
-66.35335978
-73.19604588
-50.11055240
-34.77222413
-11.45031206
-24.35394469
-28.99935808
-47.13823391
-42.88874118
-61.34782151
-66.82158010
-29.13636363
-30.94884674
-23.24269013
-8.94096070
-28.55497102
-31.48858460
-27.89163803
-50.58977719
-49.42777760
-34.73535026
-23.55785794
-17.87874290
-30.94004990
-19.91454600
-9.25967920
7.58752776
4.53765447
-7.91726195
3.04815470
-14.77994608
-6.58944368
-36.79541821
-57.47284715
-63.99960281
-67.01950984
-69.20843111
-90.88289031
-84.41129311
-93.97993322
-75.92828240
-55.02810296
-42.44953125
-30.25753634
-20.20460993
-14.33804039
-21.57936532
-5.27084231
-23.61991029
-15.80108844
-33.50001588
-26.89840149
-13.98014176
-20.21498623
-17.00120917
-35.40396068
-34.92781378
-53.87313116
-58.26312446
-82.83730465
-70.71743769
-50.80764235
-28.72293348
-41.32644912
-42.23330354
-81.02961861
-107.60490207
-114.25171766
-110.87461549
-58.62986557
-54.12624247
-43.70195862
-27.10284741
-3.38199325
3.43497701
4.52725559
28.33216292
22.82286208
22.37433695
-0.00561982
-29.26327058
-37.20995074
-71.33437238
-93.43193655
-79.26865901
-73.70711643
-61.04413188
-43.51917712
-34.84922926
-38.99217162
-33.46028611
-36.29394376
-61.16671709
-54.13167969
-36.06249110
-33.12124045
-22.07821759
-22.30565387
-18.00007467
-30.18394599
-13.50472776
-3.22457732
-1.56968880
-8.25758928
-8.57792141
-9.20983002
-39.27354064
-54.19117038
-78.86137571
-79.10959430
-67.83245188
-99.24759374
-97.73938530
-95.31100686
-73.09237605
-56.10798014
-68.20010924
-77.34837615
-84.52394540
-74.95598244
-81.92466764
-68.85579834
-74.85466844
-48.48104316
-32.39709238
-31.60563399
-16.34665703
-0.30300409
-10.85951331
-8.56172890
-40.94045039
-31.37133961
-39.39421890
-56.83463291
-50.05605568
-61.94244907
-54.44191526
-65.89455837
-105.61568461
-96.63394680
-92.58163919
-64.97056918
-65.96132592
-40.05597398
-13.05323761
4.04122586
6.30160505
12.48468358
7.34455769
21.41230239
8.26266286
-12.31286324
-27.69648985
-20.00651698
-38.90895759
-32.31703856
-28.02445569
-18.76194548
-11.80116360
-29.05264688
-31.37831793
-3.49691125
-16.89572052
-16.93923641
-11.22242326
-15.60179512
-26.15694006
-42.83611922
-24.68326198
-43.48900152
-43.36922196
-48.07394016
-73.68771169
-48.13652580
-43.20114188
-38.49814603
-28.77397394
-19.18648367
-41.96563840
-26.16518095
-37.85924002
-40.21604795
-49.73705001
-48.62915677
-33.04338155
-39.00636899
-16.05999857
0.02095274
7.10862944
3.93903790
4.63855745
9.83550895
-8.79745939
-31.45585746
-41.81181400
-73.44437264
-62.32648815
-60.24729589
-78.37571263
-102.06662920
-59.93676302
-54.79261276
-49.70516495
-52.16648862
-66.86765167
-42.75176965
-56.15392030
-65.73516247
-67.15453768
-80.26142562
-55.34800739
-34.93521701
-18.68372427
5.90196549
5.06813334
15.30799055
20.78301209
29.99562650
25.33504336
30.69220494
22.29048843
-8.92689337
-3.02100946
-37.84815101
-30.37684941
-16.58874060
-12.37277087
-6.18756830
15.58122827
17.51143892
-0.78352106
-14.68375248
-17.02474762
24.64940170
18.45304127
15.17254031
1.28274577
10.47549553
-4.72698126
-32.46495419
-70.00139808
-85.96309127
-93.26490413
-55.55194429
-75.77038511
-77.40938882
-45.54446540
-38.40512795
-67.21792097
-70.61899583
-75.48623206
-72.70136202
-63.60317686
-31.45321808
-4.97821483
-7.98102478
10.13834849
-8.00202489
-3.22809634
0.20673101
-13.41516108
-35.54296435
-40.64116352
-44.70798577
-52.78129593
-59.51138124
-72.63098220
-74.34664300
-81.26783995
-89.91336682
-73.81706830
-64.12915859
-38.01153024
-44.35480305
-48.42269405
-23.15714564
-31.21517654
-9.31101750
-23.21917411
-8.82676446
-19.44061243
-12.17942213
-80.75144233
-79.32971129
-76.79866413
-103.87725094
-117.04657147
-111.27841865
-74.21886900
-48.07891747
-54.61407953
-43.83163087
-68.24629629
-61.85897516
-73.61044756
-83.80864547
-130.21647219
-126.60794700
-100.57551622
-101.83974556
-87.24838259
-77.95582405
-59.95995862
-34.67065853
-31.36128888
-32.97789299
-24.52144685
-36.66817843
-38.39570933
-21.10936552
-34.17087803
-25.29200984
-12.31916664
-5.07406697
-22.30061812
-21.55249158
-19.73584457
-39.21970073
-40.13912304
-60.48858701
-32.22019469
-25.32383185
-52.90043273
-51.54143748
-44.45299205
-38.66379918
-42.48017498
-56.51040737
-45.80099881
-31.70047476
-19.38578544
-8.66789620
8.53236448
11.96123734
19.72317789
25.97288444
27.17828258
28.44100267
18.89544514
20.56084869
3.79815693
-26.29113024
-13.63387885
-18.74063841
-22.13124782
-38.73244983
-63.63815099
-91.68833655
-70.45860731
-76.31316657
-61.48427363
-53.69247528
-47.36008113
-41.89002851
-33.30464191
-39.63722461
-36.92860172
-49.42616092
-54.91614151
-69.13336663
-65.69872855
-84.72903249
-83.64351877
-84.62183762
-63.32165762
-47.97739823
-26.29815449
-29.82736566
-21.95655068
-28.00963133
-40.17523270
-47.03891177
-46.76613062
-25.98193983
-20.95381954
-23.30106441
1.29966758
-4.58495654
-13.13936399
-42.48002195
-30.85531653
-55.82205050
-48.75784550
-42.14831047
-28.63852642
-36.11153237
-49.74420831
-60.08104091
-113.66576149
-135.35119544
-131.34162056
-96.52711214
-119.61371396
-144.55073543
-133.50283520
-151.06369601
-99.34718260
-98.69117083
-81.90033257
-55.90044740
-51.95482175
-53.63199001
-63.38493366
-50.83204921
-56.44706123
-72.14395827
-91.35573286
-76.53055085
-61.21349756
-78.44156906
-57.90912309
-57.22322634
-67.18020565
-79.23916350
-75.72162095
-62.78421582
-45.03513724
-39.11939152
-31.42044825
-61.24482920
-26.48953838
-43.22916844
-38.41418077
-15.14142708
-29.50690087
-36.00100920
-17.51135009
-17.28439676
-37.66679946
-27.68561707
-53.43401704
-60.24816656
-29.85804681
-38.48714547
-31.86084708
-61.55972005
-53.77605848
-93.86344083
-93.80741542
-63.51264342
-62.90787044
-66.58814774
-81.65448421
-50.53590597
-34.00917586
-22.40720794
-6.48583968
2.71730466
18.26415287
-3.71469765
-26.47683315
1.65366670
-2.10088292
1.15824266
28.13595377
30.20214945
30.03474792
35.66733339
28.49303945
28.55897423
5.39767708
-17.91696222
-21.37564961
-44.14329492
-69.89480468
-92.62648363
-99.77995121
-87.58424577
-98.23636352
-100.69711033
-97.60678115
-122.99203267
-101.88249513
-78.89449395
-94.49459180
-77.61816272
-75.15554651
-43.64958359
-52.45467091
-5.19516073
-21.86260886
-50.18618426
-47.88818429
-52.85475537
-59.22611696
-71.25708672
-63.95074673
-57.31119630
-61.55633692
-80.01527883
-65.77728302
-64.26513156
-52.00757027
-39.02442279
-51.24829339
-49.31386482
-72.11915331
-54.63875080
-76.12110729
-109.02326592
-112.77620529
-65.76361367
-86.91462965
-73.05433346
-44.75867220
-25.68213916
-17.29075964
8.79986569
33.23172884
47.75474082
35.20722325
15.86525003
26.52622884
36.03571096
31.41312498
15.33855532
6.87296258
13.77177888
21.54125814
-6.33125035
-26.64203105
-13.82777948
-38.93719943
-23.02859994
-32.99978843
-35.28088946
-14.83271288
-33.90917401
-1.37037913
-29.46563976
-22.68981897
-26.01580118
-39.36979504
-24.17942733
-53.48604495
-54.19192200
-28.89225835
-30.42056099
-4.67339661
-44.86869012
-32.82236225
-20.16582887
-81.92591032
-78.83788828
-57.94991994
-51.71664830
-74.59157953
-67.96907342
-51.31099077
-56.58348576
-35.72167165
-35.29759111
-51.67066838
-47.01982205
-41.36323399
-70.67730817
-59.28395787
-31.29827349
-21.83163254
-22.48184901
-11.86842244
-31.42757130
-30.92765637
-25.70558068
-30.13410099
-45.90611340
-48.17958718
-74.00610763
-50.25075504
-22.45016967
-43.49969943
-44.35763872
-22.83164872
-16.06478677
-22.69541967
-18.73312123
5.56337707
10.90289217
-13.14224673
-24.22969855
-41.59521354
-17.52767698
-33.77203766
-33.63070768
-34.41786624
-25.94284824
-22.13576676
-15.42685835
-19.99611768
-43.68537241
-17.93882911
-40.72462653
-44.66152026
-14.81046909
-5.60942312
-31.64633107
-41.38451961
-90.38096970
-68.17098958
-38.27016657
-29.15967974
-6.84665127
20.18481350
13.03291505
15.54604764
13.24876334
19.49500616
16.29013449
0.73325757
3.34397624
-8.69728577
-4.77407597
13.80577144
17.01934099
-32.31696741
-76.53715342
-64.01046628
-77.16966496
-74.75057163
-78.40086117
-73.19727390
-49.01877796
-52.58175061
-31.18815620
-5.45549575
1.90599292
-2.34102588
1.28922655
-17.83510369
-46.59663237
-65.07844594
-82.38105884
-87.47465969
-64.73645086
-52.22233830
-32.07505298
-21.23234563
-18.54531948
-19.03750834
3.85114674
-16.75530632
4.94373927
4.68830479
-3.29781966
-3.56965190
18.61706854
18.08597854
8.08353449
1.17945777
-21.95847782
-29.42470683
-57.14710427
-38.71941735
-34.39233183
-47.04436900
-92.12981402
-143.55846459
-126.25592004
-72.14638712
-79.34238533
-74.05308651
-55.79108470
-23.00729138
-24.16214436
-34.85321899
-30.73294769
-46.99648319
-55.56572490
-23.83246850
-9.65562718
-0.82530786
15.99542371
21.34862259
6.74249550
-17.60348284
-52.13473550
-45.50075874
-17.06645995
-16.96307097
-37.42400749
-28.70086981
-21.68032435
-8.72991626
-0.10315798
23.22673121
6.74675921
-11.99415786
-21.20466263
-39.67191070
-47.72699421
-62.72496882
-46.91560325
-15.47818967
-2.72932754
14.41110301
15.10456194
20.89256967
16.74083198
4.58083362
-27.28425283
-32.14718492
-41.26445661
-41.32099387
-35.12644808
-25.63262150
-26.40816858
-67.02496388
-96.22246130
-82.26704222
-43.60155504
-58.10255940
-54.57241042
-37.42550897
-44.74844568
-40.72016807
-72.90615116
-65.32160167
-69.36302596
-79.35763506
-79.77013551
-69.01868575
-37.41182019
-26.26574486
-10.39166684
-4.05179762
-13.90655113
-19.87108966
-23.14111177
-25.60935013
-15.97119207
6.41435179
0.38072943
-1.91215402
-3.35166724
6.39826711
17.76580581
20.86539456
17.61970839
20.87251360
20.64825706
-12.70319572
-25.75223693
-21.23408452
-50.36921667
-71.26846273
-88.19881488
-119.20635621
-107.95415004
-125.94682501
-147.20520232
-112.91339989
-102.10826672
-71.02957864
-37.49411248
-37.67150215
-30.64657422
-54.90321558
-69.45745786
-22.18884130
-3.08996696
5.30087705
-21.34491036
-15.87089186
-18.34402649
-34.76778251
-34.98926488
-21.91473806
-30.16767203
-50.95950892
-39.85346779
-58.40869447
-53.37670289
-46.05421467
-50.62789921
-34.96857925
-2.51011954
-15.30947487
-36.44346091
-44.09403364
-50.60212047
-41.76172782
-68.80195142
-66.96120420
-49.01285164
-17.87164338
-13.15726630
-14.52496449
-26.83048694
-2.70533356
20.40439859
3.33985555
9.22605582
11.19004867
-12.48635082
-11.42324382
-12.24688006
-66.75377547
-66.34989917
-41.11729463
-48.97357195
-36.33826248
-48.18560391
-26.76491688
-11.81360981
-8.48131277
-12.66489590
-26.08871155
-30.54087757
-28.46699098
-54.25073319
-90.71063180
-87.26227097
-78.84789234
-82.81971966
-78.90579140
-76.73029158
-59.16718187
-30.30407105
-17.47218297
-51.81096128
-57.70792316
-49.71444136
-49.75810817
-9.91263718
20.46066354
3.58213336
3.19981126
-20.83505511
-70.45362238
-100.66187917
-122.91559892
-164.99701270
-147.37621190
-124.76359542
-120.00988422
-82.39500993
-85.01908202
-92.48883199
-82.15115810
-59.85811981
-45.42591455
-49.91225548
-43.26669919
-29.03945242
-18.96218679
-19.61755256
-0.65610296
-1.13851404
-7.81388511
-3.58759477
-3.87569379
-25.80273100
-13.11883174
-20.92679101
14.56919988
10.89315374
12.62216888
-2.10560500
-5.46756139
2.17008384
-11.57034619
-4.13751262
-17.70881306
2.89467272
-21.35838475
-59.54818287
-51.34389465
-53.23122609
-54.62016417
-54.08528992
-22.91188093
-42.49551983
-63.09974131
-27.98496285
-30.49120177
-17.11073447
-13.11728876
-31.44057624
-51.25236034
-52.64948904
-36.01711246
-54.29342818
-56.67122921
-48.04147672
-46.28788636
-59.83341617
-65.05688640
-63.37397116
-68.52664543
-54.85323162
-58.55193070
-74.79313251
-89.05888265
-56.46407778
-37.88360970
-59.57331418
-50.39148002
-33.78759477
-34.92096964
-24.62465965
-22.48789888
-29.11199495
-34.75150950
-53.37252687
-68.24885259
-58.28378878
-46.74518831
-51.22808777
-41.49367492
-26.34015480
-26.41779253
-10.44409618
-4.11290659
-3.83564032
17.81671339
11.42512336
5.57361677
-2.37820080
-25.78842813
0.15983977
-8.53067227
-26.31733240
-41.97390802
-55.53115518
-104.08728828
-88.64433312
-93.79662680
-105.21996866
-123.04885218
-129.94314459
-131.03639522
-115.66680690
-91.42684075
-74.41805814
-79.60196964
-61.84173422
-32.10409425
-39.53126907
-33.73226619
-39.37075625
-19.77498197
-23.02313644
-43.43053701
-17.03099839
-9.21983407
-11.68493790
16.21541493
8.95721194
19.65524856
16.30918901
6.01200845
-11.31206683
-41.68362449
-25.49850266
-40.87704229
-15.99274920
-28.11404118
-34.87407034
-39.97680138
-38.98248982
-31.95300227
-32.58841826
-14.74500826
-4.14627045
-16.52291356
-38.04876840
-35.24822652
-68.62634140
-67.37020945
-109.22096611
-135.95502001
-98.29633756
-91.47270891
-99.09202960
-84.06691684
-85.38141322
-54.20017166
-51.62721963
-62.93295300
-52.80529761
-32.56730004
-30.54195122
-39.96819436
-52.12913200
-63.14642972
-81.57052985
-97.97553023
-83.09439568
-59.43188060
-66.69016698
-65.09936606
-63.63498109
-19.87244099
-21.05225753
-19.84728455
-6.48624176
-11.17265568
-14.24192197
-41.02903335
-15.73733211
-4.96967335
-12.60049256
-31.43841575
-45.85004281
-65.40390140
-56.95629462
-45.23099414
-32.41790181
-49.91919617
-26.62947338
-27.24387794
-52.00461401
-50.06877986
-32.69050485
-43.97940710
-86.71746554
-63.41619541
-56.04120774
-57.05345809
-61.60088166
-66.70314210
-64.24712078
-76.91599808
-102.45046483
-75.17700520
-84.75206044
-70.55567905
-48.12931713
-68.15219083
-52.76375208
-43.24118464
-52.37665373
-41.93083888
-41.36154738
-23.68439152
-22.19849550
-9.23845632
5.17824936
13.92584578
12.21261807
-7.09727784
-15.76565059
-27.41246789
-35.17134722
-71.20246061
-64.02021490
-79.53385173
-112.65554250
-103.60920908
-89.30841950
-74.16515708
-53.63062013
-58.54086224
-59.12721093
-44.36813845
-26.35909590
-26.27175233
-14.80995997
-2.46577674
7.52974816
7.56001554
18.69798248
16.40655945
11.52914747
12.11000750
-10.51800003
-24.33557063
-15.17930506
-10.18058357
-49.76359875
-61.74440772
-53.75923161
-50.90859962
-51.46188528
-50.45988664
-48.53632280
-54.02048709
-41.98221562
-29.81956345
-36.22091593
-36.25600789
-42.85794295
-52.21153607
-27.66256868
-11.06744666
3.67161948
0.02407064
-6.80082996
2.29797955
-16.86070619
-35.17503988
-56.21303772
-75.06714468
-78.58621674
-81.71845354
-102.96341083
-84.87144619
-64.55161450
-65.16816857
-23.68148155
-30.93697338
-40.65667443
-35.57492312
-50.55533658
-67.34306373
-64.06658313
-54.31990773
-46.60257366
-42.05318387
-47.86450502
-33.64169186
-28.18823325
-8.12449276
-8.88434752
-9.11538093
-4.95734629
-46.47681633
-63.37241218
-81.18533504
-90.94827546
-78.16117776
-46.88910035
-81.29775805
-73.90859889
-40.75761867
-37.34502643
-2.49056912
2.56971348
18.34435793
16.21573003
21.16618531
10.58338917
14.23716047
-8.07989911
-15.67381764
-23.00911981
-20.26018264
-11.47046231
-1.57595485
-18.96447273
-20.26002684
-16.81753434
13.03990812
10.92974562
-8.69649924
-14.38226772
-17.84484150
-3.40279276
-5.00210760
-33.75578498
-23.16023463
-16.52445626
-46.74588262
-35.23914636
-20.74688520
-12.41419853
0.19239212
-0.74544397
-25.30829384
-44.17646188
-52.57287284
-44.90118392
-57.80555901
-47.78557599
-42.68379253
-36.77420900
-25.92482890
-62.32229117
-50.00936282
-73.69263080
-95.87589679
-66.03845746
-82.95497481
-71.22085313
-51.85488966
-24.22437231
-3.54065887
7.12391800
21.13601476
8.81782327
22.75843454
7.38933693
-11.07528619
-11.41737835
-3.12283846
1.20846056
13.02269438
30.56455390
32.35412266
26.10895057
26.40726861
28.01380800
24.23149069
10.91789909
10.30181965
-0.22735690
9.47265045
0.33751258
-46.93066423
-72.04584970
-83.92125889
-109.25633093
-113.91538555
-122.44061046
-123.60802044
-62.25440581
-47.12503749
-39.50441565
-32.06349387
-30.75660319
-24.59118905
-28.76948916
-34.55722638
-45.02210255
-64.69163516
-51.08359688
-50.60153343
-51.59391673
-49.12469244
-46.12683233
-53.56669623
-64.12260892
-83.33909779
-69.95528075
-79.13408257
-71.73569014
-99.99187204
-108.48360890
-96.18088952
-114.98127071
-98.41091464
-108.85656780
-85.24313389
-85.81612865
-64.88050682
-58.42967494
-62.57029330
-56.69233155
-49.31135432
-29.88387840
-40.03023805
-37.66289553
-44.45810162
-34.77229539
-16.06334222
-9.81479837
5.92029750
22.09121636
15.07577726
2.60296842
-28.22450586
-48.02522527
-15.17383883
-28.79929498
-41.36928934
-44.58984985
-46.48037627
-29.84377929
-44.60038888
-65.71731991
-69.40902746
-59.15864276
-64.36296160
-81.60468774
-95.73311257
-98.83289738
-88.58282441
-81.70668158
-92.85130963
-88.11784117
-94.25317526
-102.95379521
-98.43459434
-89.29967951
-74.81832426
-87.60753536
-49.30790342
-44.70608008
-54.14010074
-54.49850312
-47.14878986
-53.56914526
-56.16800220
-47.05865462
-60.30034486
-42.87104422
-25.32437643
-22.61961889
-43.69710439
-32.24750888
-32.47396391
-25.50376077
-16.93757874
-21.23931931
-22.86156404
-14.20454586
-19.78937645
2.71003158
-27.37225256
-33.32769748
-41.84423935
-36.59810842
-37.77712351
-21.72609883
-12.95831663
-11.75860402
-8.53921411
-33.88367374
-44.85691889
-26.98564706
-35.17167361
-50.45269429
-33.06668135
-44.73688483
-79.84371028
-59.14090026
-65.14198548
-40.80201149
-61.25046794
-40.97663244
-73.69163419
-100.14323154
-90.37856728
-97.39526538
-65.88803980
-44.21137788
-67.15715182
-64.00833786
-28.76673584
-46.68754173
-44.27208135
-42.47587136
-41.99678290
-39.06571818
-32.92639933
-25.58941289
-22.41884127
-11.68350398
-28.33418698
-22.01545516
-75.01208086
-100.23828833
-81.89557643
-118.64042638
-113.20435698
-139.50917584
-128.13771839
-125.25534964
-88.59631320
-70.46034535
-54.38726537
-41.13356416
-28.20335728
-35.41750461
-12.26506613
-13.77961868
0.52440118
4.17641427
-19.63644371
1.89157147
10.50127566
-8.84761248
-24.44924104
-23.57503927
-49.08592098
-63.49380892
-70.97181426
-74.41241205
-55.08894341
-44.87723014
-29.72288455
-27.54927722
-36.23963881
-25.45685162
-16.70348670
-9.43109089
-17.71863337
-20.95022093
4.53534356
-26.91796985
-13.13062693
-4.21634410
-20.07314663
-7.59819229
-1.52575672
17.52663908
10.52193082
4.33134645
0.41942740
2.13807595
21.00444588
16.79468694
13.57925685
11.26598987
-29.75288540
-38.28025116
-33.30040701
-20.38131266
-22.39953873
-37.87927184
-73.16013613
-74.76726403
-68.45309950
-110.35436375
-106.81318915
-93.26852523
-58.92371005
-35.42489669
-24.00355567
-28.29536597
-32.37874129
-22.93178784
5.94651729
22.45114477
8.43381972
21.19173413
19.97450855
17.55358243
16.12415326
-34.69466619
-45.26163917
-41.08404457
-53.62662444
-56.65945776
-79.17391065
-51.05275672
-51.44867121
-52.80198298
-28.47218087
-36.95305447
-39.34925247
-59.19967998
-75.19709493
-83.00144659
-55.57828885
-48.21449743
-14.67236551
-26.26268388
-27.19212778
-32.61822474
-65.28469900
-70.77808562
-47.68929516
-52.06214703
-31.91765520
-39.41040201
-61.53335704
-72.39080112
-116.65849113
-104.18735157
-92.22539944
-94.96502406
-72.64429517
-64.62348390
-78.91162912
-129.42356929
-123.51762211
-151.65035951
-116.01531165
-104.36901877
-81.94746531
-58.18030865
-69.81965802
-60.92014924
-58.86789644
-66.58934666
-49.60479801
-33.96408290
-29.38379936
-38.29710053
-55.08693698
-72.17981821
-74.09764858
-96.33602340
-119.69258478
-146.30648652
-125.61300617
-137.64194396
-100.65152105
-83.18060900
-72.50918727
-53.93409220
-35.06327743
-33.36551462
-45.67708775
-36.89417802
-12.76166990
-22.65706761
-33.28465303
-30.08076440
-37.13896492
-22.72968052
-32.23148005
-32.17762452
-33.75493720
-13.55358276
-32.48004477
-32.29223344
-19.13117983
5.88681928
-12.70234186
-2.15157526
-7.72222724
-8.25507582
-8.98564577
-25.95444567
-1.94466348
-0.24940232
-1.44352179
7.13280663
-35.36568209
-19.77021187
-15.94688905
-50.51050882
-45.53052034
-35.16229950
-19.69112684
-24.26609145
-32.17601945
-31.95266752
-10.52492777
-23.78562187
-5.77707771
11.13342992
2.92275517
-21.03308843
-33.81075420
-37.60709178
-60.64581411
-26.91327496
-18.37234291
-13.49096639
-7.27810970
-11.43079946
6.27729643
9.85035466
3.01973309
6.34841182
2.36495004
-28.65642393
-62.43311916
-92.63375319
-77.45299654
-85.96037193
-84.07225151
-78.35023491
-49.35665755
-23.04303085
-22.88337308
-13.04640102
-19.02722193
-25.34471335
-8.94713660
0.09777133
1.92312433
23.67837801
27.21774425
15.37055338
26.33080423
11.24676984
-0.24611562
-2.21610161
-18.84101957
-10.49550078
2.44403096
0.56785555
-38.02586673
-45.51222117
-38.50867056
-23.94516121
-43.47601365
-64.44916210
-66.23784509
-90.77949501
-90.84225881
-85.45030860
-80.64569645
-84.36863455
-59.17203936
-35.57864119
-55.27628804
-37.16693889
-39.19022443
-39.39872123
-46.47040005
-25.54921870
-26.87917056
-51.76051521
-35.83772844
-66.73339199
-58.87310675
-40.52717520
-33.96784385
-11.96894506
-10.62578417
-22.47488610
-3.92628467
-19.91199496
-20.03726201
-35.28456007
-67.82224572
-52.33870080
-52.07420628
-50.07003310
-30.68728819
-43.60413219
-48.80538494
-41.28095372
-116.07771757
-115.69032232
-82.26083384
-59.12170546
-67.24646251
-56.38550098
-55.62989821
-58.78317571
-70.28546121
-40.40256586
-30.31735018
-39.34304655
-31.71945659
-34.01641889
-5.76419768
-0.44966175
5.93227639
-7.76252431
-41.60071602
-60.20830041
-72.88283881
-76.96615870
-75.58486929
-88.03274889
-79.92016733
-81.96837150
-50.29046992
-53.56201089
-54.62072680
-50.66709800
-69.47089814
-39.32893336
-42.85633172
-45.00250504
-29.74234190
-23.07502182
-8.13565593
-10.94022427
-16.41214901
-36.64923035
-27.18761834
-19.23648442
-16.68403352
-23.41321069
-22.10309755
6.76660805
17.42977860
-20.12777088
-17.18034432
-11.87899761
-11.40641772
-3.34762247
-20.31037622
-14.97437238
-27.35111886
-26.89270039
-14.44264420
-27.26768655
-4.14284174
4.65848705
-13.89293212
-42.96294480
-37.78352510
-29.37270110
-20.65015973
-19.03871666
-19.13552813
-39.08587159
-46.54872798
-33.83557167
-20.23011875
-32.63942748
-45.56955400
-75.80453421
-51.90199434
-73.85719331
-67.06986565
-52.51026411
-103.61493740
-88.38452270
-110.37764747
-118.52116136
-140.70049695
-170.74094776
-171.59778313
-159.32504921
-140.39653530
-74.87712784
-55.46034539
-14.32981011
-6.06070547
-2.38734226
-3.07893704
-24.75245908
-53.12800303
-82.01424515
-74.41232924
-58.32425230
-61.55241953
-57.08436376
-27.00712654
-15.73211641
-3.97159131
-6.25629231
-37.09511114
-19.70347793
6.03984375
0.26115860
-11.54042390
-17.33065764
-18.30196244
-16.86080225
-27.81898978
-37.42605870
-53.56137909
-59.65317120
-55.84276283
-106.92697072
-83.29245034
-93.89774847
-89.51062622
-63.77548501
-47.99465666
-35.41001884
-53.32169641
-62.84502668
-80.88860874
-88.53952714
-61.63840518
-84.49472206
-72.31878527
-66.12499196
-55.26602186
-50.06128389
-49.19344211
-60.92959348
-59.83046198
-54.84679621
-76.46780312
-92.18846209
-95.32503423
-101.12464677
-87.71963080
-56.04509679
-32.40061288
-13.90548821
-0.36493733
1.08845812
2.77782282
-0.58957316
-17.34455988
-0.74621060
17.67545508
-7.53900781
-8.66860619
-17.34032962
-24.67278042
-66.32624922
-100.44609194
-91.40236414
-68.15612976
-38.84871718
-28.83104403
-29.27313333
-45.92616905
-63.28230545
-83.01414688
-62.47660131
-101.24819906
-75.89696227
-93.22499837
-87.86101072
-70.01721271
-31.22873014
5.08458424
-34.83467443
-7.68004229
-2.27823709
-13.78306765
-0.65112601
-17.67087225
-19.76912776
-8.23762180
-21.92639992
-10.83859096
-7.54576841
-10.28700415
-5.22357883
8.04015996
9.29263195
20.20605500
12.81759348
12.33776865
18.06370289
-0.40851567
10.33882958
22.99980721
41.98876623
21.97978408
3.89703352
-21.06536315
-25.87473314
-0.78455837
-20.63936696
-7.32713548
5.92433978
9.95547361
-32.35663073
-33.27755425
-49.83782358
-70.86415137
-57.03545124
-52.39588873
-39.87803770
-62.41066403
-32.72497067
-22.83065536
-45.40816579
-19.67030417
-36.55594367
-22.80436850
-28.95594538
-16.03042455
-18.00436374
-41.69009666
-25.17970131
-18.93121196
-12.66760404
-2.18150590
-22.27229632
-33.85966593
-13.02238867
-21.00763637
-45.69752384
-65.52340625
-57.14205862
-33.60506259
-23.62829023
-0.39872562
-19.05654802
-12.05396993
7.91599116
-20.66908883
-15.92467859
-22.07272555
0.43433348
12.39438881
12.13916889
21.09290977
0.69918571
21.23160810
20.17197438
-22.55564502
-40.63852004
-62.31289872
-49.96790887
-32.50435289
-28.49655679
-34.46809221
-15.90240672
-8.31633064
-18.41677770
-53.95467138
-29.70753629
-29.03392754
-36.55466158
-44.68737604
-47.40067041
-38.15012704
-63.80371493
-39.97096011
-27.84593340
-38.54005025
-3.44164329
-20.74159592
-20.64557679
-38.36382913
-29.35435351
6.92634618
-15.91086427
-21.16302642
-50.39622694
-41.81197936
-64.47898130
-53.54883884
-89.25935788
-87.96545469
-88.50955288
-79.99143954
-84.87483781
-73.37794046
-46.01118468
-61.30779514
-56.83430554
-58.49099591
-52.87269641
-64.20638712
-35.61435897
-53.20741007
-44.92404943
-33.46114322
-16.71004337
2.18877629
-32.73581797
-15.15592000
-39.68679326
-25.88876471
-18.28176795
-9.10640704
-2.42126243
10.18183476
3.24127901
5.07996971
-5.13802825
7.50549704
-10.60678211
0.36874191
6.26027689
-14.30609953
-22.12451093
-30.77421081
-47.56740568
-35.63848355
-51.67442980
-62.15268623
-69.06664134
-104.36089652
-95.66492967
-63.18339333
-41.38869973
-63.02001998
-36.64111293
-5.70333611
-10.34164908
-19.25252482
-57.65988187
-65.28724453
-80.85760133
-107.75695529
-102.98088786
-114.39065195
-84.38043249
-111.78856152
-75.55561064
-66.41645161
-57.03777340
-79.03888912
-95.09316183
-104.62648196
-84.44031748
-64.65635548
-95.76323718
-104.81807578
-105.68581045
-121.33674235
-88.61996368
-98.36857918
-63.42163044
-48.69707203
-42.42095163
-11.53058438
-10.85165151
-14.68212827
-2.90111106
6.34513258
6.31679778
7.25696759
4.58424455
-4.19632109
-4.40107808
-0.63115863
7.95384481
2.64614514
-16.42987842
-16.92107904
-29.58744168
-30.91346752
-35.64326055
-46.67668576
-29.47738740
-54.52727487
-70.72507869
-45.05316720
-47.31226416
-23.24969425
-17.00696183
0.08644522
-17.10779935
-23.62867867
10.79008993
7.83178721
21.66404747
24.93329413
17.53423840
13.79249544
1.13217404
-42.54703862
-32.14971680
-35.77606776
-47.73630318
-44.23249934
-35.39969354
-34.06737122
-14.15804940
-33.19781320
-26.45373225
-4.48987952
-26.62781506
-6.57044216
-41.85261499
-14.57677764
-3.93485560
-49.14058633
-47.76347791
-66.79234080
-56.66583376
-77.11673953
-71.28722782
-98.45594481
-118.46443564
-105.50841027
-105.09986297
-106.50164586
-124.60091843
-64.34984325
-42.66785747
-20.96294115
-30.50638005
-18.39898536
-2.63115118
8.75331404
5.66894466
1.14296563
6.20421849
6.54854578
12.84657457
7.34715491
-8.95708389
9.72442532
-4.46324883
-7.07043378
-15.52769539
-4.16729091
-46.76146006
-49.60352728
-24.22022751
-26.84724142
-41.25631273
-41.29526608
-28.89259206
-28.37744469
-32.36143768
-25.79276298
-1.82397136
-13.00874436
-4.09450019
17.26989656
-2.18014232
-9.90238573
-42.04801469
-48.34011484
-79.98048646
-117.23055449
-132.58435311
-170.75292671
-135.41119202
-106.72549744
-85.12005266
-95.47005789
-111.42638529
-79.15795791
-81.37333631
-54.08360954
-58.77810414
-66.31006258
-66.02073752
-47.35289109
-102.11747877
-146.75776831
-98.68952065
-98.40744049
-53.72414678
-17.85850847
-12.18732374
-10.93225458
-3.99114851
-32.04029377
-41.74520515
-22.47451547
-10.35861792
-21.54088270
-4.91588844
0.53155202
-3.17556916
-7.57028166
-27.36618155
-20.86798185
5.57541370
-4.86757178
-3.80775359
0.59707650
-2.21531494
-14.18475846
-24.71450933
-15.12105817
-21.90939785
-25.26995329
-14.17254312
-17.31609598
-14.99349885
-32.56317170
-40.72022228
-75.77238491
-90.87724346
-83.58298263
-87.96122686
-118.03328960
-110.54225297
-123.38910182
-122.31888585
-126.11246231
-134.93628258
-132.57158996
-137.50285573
-149.32510539
-152.66115207
-129.81062723
-105.94055358
-82.50413465
-55.30608171
-38.96551750
-24.98394601
-48.43283886
-40.43501215
-40.03801075
-99.68513632
-97.70931690
-112.29577228
-100.95043052
-114.63218163
-92.36950621
-70.46440249
-73.12975993
-44.34911281
-54.17907906
-61.41186393
-78.72202297
-60.55881140
-46.94102319
-48.89103924
-58.01605120
-74.67711386
-49.47640335
-33.63271872
-68.91562680
-73.75306683
-74.43565689
-112.52664796
-102.99246856
-109.03699963
-91.99629048
-84.25078313
-54.25539651
-36.05844138
-39.26575358
-40.55310581
-36.03627059
-92.58522413
-107.73206218
-85.17487955
-92.80334010
-99.48967967
-92.60127269
-67.47986451
-42.11301771
-50.88772453
-22.73528734
-14.16135728
-20.89777265
-3.28662126
-29.05485456
-45.10815672
-34.34756438
-28.16312733
-34.52990804
-8.60413226
7.52462717
23.37885637
-1.20027837
-3.56828080
-7.90593049
-16.07872828
-5.55304512
-27.91720143
-20.56460705
-23.73165615
-32.98753260
-28.93259394
-38.85765368
-77.49561064
-73.56377242
-52.33822753
-27.56760901
-24.99099204
-8.62521246
-8.82422023
7.76705748
0.42518033
-18.23668908
-19.85213551
-14.71114780
-40.34567783
-41.72206467
-43.79970692
-55.22081450
-39.51722628
-55.74150671
-58.95571497
-39.31022498
-58.10984534
-31.15301362
-33.63329095
-22.00112165
0.31542437
14.20661080
22.58219024
20.61251339
35.53843269
16.21257230
7.89673361
2.33787410
2.05696691
13.49763387
10.97874783
-6.48813751
-27.03243732
-33.76746370
-82.13128964
-74.10607316
-65.63672715
-43.64000407
-24.10612789
-20.50151495
-21.92717069
-38.93261764
-61.61809777
-65.40192726
-69.27446541
-78.61624654
-76.30531785
-82.28715336
-65.00712325
-33.06099922
-56.42905487
-60.73016214
-48.53171496
-34.51617357
-28.01316488
-22.15392987
-7.14458250
2.41338203
9.85467922
9.33787833
-13.08326127
-23.87961757
-36.46612410
-78.50513512
-73.42190522
-105.84865073
-102.24227727
-99.64047517
-132.60666875
-79.26489541
-57.00256780
-46.87841391
-35.51124212
-59.18681375
-75.39585877
-57.94943294
-76.15925730
-56.68189836
-59.12072126
-55.58815233
-46.49464088
-57.80732900
-63.01306726
-103.53063736
-117.02124613
-135.13399341
-97.80090708
-109.12233208
-83.37678749
-47.65815853
-59.04471405
-21.83402493
-33.62689249
-41.02052672
-49.81751651
-54.84623357
-44.34608501
-57.51256534
-62.62924193
-50.27236102
-23.55998688
-15.17361060
-17.42789155
-22.71014520
1.24354413
-14.31518492
-46.66327617
-26.27427064
-18.74187761
-26.89284941
-22.02657357
-27.25153179
-16.14419636
-37.10714682
-19.84369272
-19.75940297
-31.12816433
-27.09093919
-40.85326472
-53.60025452
-17.83374693
-4.50711330
-10.57479176
-19.33753155
-64.88224934
-46.16696783
-68.21537349
-94.23732512
-90.68548366
-61.58946449
-62.20838455
-57.62047760
-44.82857525
-22.28435602
-9.35021494
-13.86375785
-25.36729758
-63.59828973
-35.87708741
-40.43432029
-26.10016163
-7.32306128
-8.69944552
-7.03375765
-12.08157560
-1.68016221
-30.41774821
-63.13984345
-63.71727640
-60.15830291
-53.96886368
-34.26591785
-44.25294769
-62.26309772
-36.61721905
-32.06052550
-13.90991533
-20.15914088
-39.94700488
-74.79342392
-90.51114636
-95.07808638
-81.18455727
-82.96993585
-67.32564972
-42.30477636
-49.82952467
-32.21433199
-60.33277092
-68.65332952
-87.31603526
-60.51505483
-41.82850036
-55.80558270
-13.84267452
-21.52667463
1.44216110
-3.35284499
-9.21677614
-11.54429515
2.88774284
-4.81461500
4.43740089
3.51624910
-12.34747211
1.71984517
-27.63479217
-6.23899002
-7.94717979
-1.72916589
4.46042232
12.51265302
-12.23775062
-10.25771457
14.36596189
-37.54048925
-56.23566597
-52.07210191
-45.32276115
-37.14312112
-66.78229576
-60.41271895
-73.34990205
-72.92059583
-78.21400590
-95.73055147
-69.54409871
-63.59892241
-54.10322090
-58.11386087
-56.96473983
-52.45827356
-53.41872836
-64.65918980
-33.60570088
-52.53142158
-52.00275199
-54.29097945
-52.57782719
-85.47093702
-94.94537000
-75.20070692
-79.06001141
-59.29541671
-21.93243758
-38.99847237
-45.87822174
-30.60501462
-15.23976650
-29.02326995
-27.67801847
-21.87672351
-43.26458097
-31.87268344
-39.81739217
-35.75081594
-61.85233959
-66.14427281
-72.88224020
-50.93667441
-91.23140424
-111.32366423
-71.25994602
-66.08431447
-80.54223178
-70.24009612
-66.89695349
-40.41967361
-52.85551427
-55.94531838
-66.72052461
-96.40576720
-138.05232501
-121.46279756
-158.06932645
-194.12690149
-172.17933742
-183.68478211
-181.01008183
-179.70822243
-142.33300569
-107.14731815
-79.89936492
-60.48259937
-56.60953322
-55.72769629
-49.24178150
-52.84125696
-50.06600973
-60.30563214
-83.14460992
-39.40273754
-37.16759721
-33.61267871
-39.89013839
-28.11247011
-22.63002760
-33.12274367
-37.61268349
-59.74996896
-62.47402975
-51.30181870
-55.60754835
-39.86183403
-38.47153043
-36.64499002
-43.21730699
-30.31856351
-21.27536735
-18.21161619
-13.80306199
-29.12053968
-33.76342587
-34.13591314
-85.34748739
-85.78847967
-62.84208530
-47.75108555
-52.61663469
-64.45802019
-24.57740151
-28.63215874
-63.06882912
-59.17995123
-70.59451089
-56.73230962
-54.65853884
-43.25273800
-36.28041745
-30.68501414
-46.00814221
-25.84348293
-48.87849099
-50.58087971
-35.75259416
-55.60668632
-53.86359658
-65.49117738
-40.16395741
-29.87105860
-46.74074608
-31.67243920
-10.73169121
-19.90617175
-23.10491411
-16.39895673
-10.71358198
-20.72826465
-21.72407467
-5.27703538
-12.39937392
-9.38609986
-22.64062458
-24.91726398
-42.20210481
-71.13813298
-81.16906000
-87.00310562
-68.13585474
-92.26616065
-86.64864719
-64.80168130
-52.41950279
-72.98061495
-54.82148948
-50.29843874
-40.51173919
-26.44031724
-27.56207616
-8.35679927
-7.35781801
-3.58655685
8.25006967
-1.96406239
-51.28157036
-58.11327033
-62.46348280
-77.50047806
-98.66357098
-100.41434677
-74.31911863
-66.24117965
-32.30699955
-57.70230778
-27.20962514
-23.13175532
-15.45031493
-3.45809197
7.89686087
18.32830134
19.90792681
21.27411460
30.45399694
18.07545422
7.25694694
23.77683149
7.75923123
-6.03119724
-4.90955740
-17.44786575
-7.64854559
-20.60936800
-10.75803622
2.77581511
-14.71961098
-19.55919013
8.66497480
-28.37959569
-16.89839694
-16.40776299
-32.02121556
-29.23631510
-12.38675106
-32.17953498
-17.10703198
-97.14415243
-125.95579992
-154.22307942
-185.04633211
-140.20394768
-112.99739869
-116.91201342
-70.74591610
-71.90020001
-58.13495484
-43.81751519
-50.35413460
-38.94401310
-42.16221036
-43.53906959
-40.68934494
-38.65240283
-45.31010750
-81.80233495
-51.65698349
-44.31855899
-46.75907715
-20.10154172
-12.63772232
-26.79240020
-26.13636978
-18.31882986
-27.05395928
-33.30978284
-37.14072193
-39.70867044
-31.59969828
-27.38331803
-16.50246838
-9.82356248
-27.63487726
-47.36696273
-53.71384858
-64.68324542
-44.11930203
-65.12325432
-71.28231352
-54.81061086
-58.95882254
-58.64259585
-73.90337387
-74.22485613
-98.12288146
-115.18430659
-107.16825455
-106.43331798
-81.58060000
-75.61182926
-69.81197550
-65.75704926
-59.59327653
-56.11749108
-54.19009675
-42.55158453
-26.86701468
-21.30512244
-42.32589376
-47.62201909
-1.17772028
-29.09723561
-28.30168438
-22.52233848
-45.54456910
-42.77495019
-53.37466662
-69.95874600
-57.42998683
-55.16347432
-56.88751401
-77.58964108
-92.88614957
-97.64207735
-115.76291576
-101.25146432
-79.15238187
-39.51126451
-13.32562731
-3.21269197
17.08943421
14.06562019
24.66658725
18.13731773
7.86147992
-22.97122407
-37.15532791
-67.13320319
-57.58535382
-35.39124060
-46.15531331
-7.51605952
-6.21739220
-42.72968269
-52.53365974
-65.60070892
-94.87554989
-64.79635525
-58.66066733
-55.05236405
-52.36138512
-39.69902495
-29.89081595
-56.02031389
-29.86633952
-44.94689889
-36.58282104
-61.27836198
-119.37401383
-122.90159225
-123.01517625
-94.53837170
-92.95976294
-88.67321258
-54.56412375
-47.32710589
-33.82093147
-42.20144956
-60.57120886
-78.76533846
-86.43079814
-98.04031548
-131.73905327
-122.76258464
-116.25459485
-144.40831572
-166.89095869
-143.30333099
-124.36990768
-89.57753878
-68.41467072
-73.01032156
-42.51127283
-22.79178046
-18.39200963
-51.31026892
-71.24442443
-75.22995067
-118.19686375
-103.64489120
-95.63566497
-92.52056943
-85.88962518
-79.68001897
-74.78945031
-73.68759251
-83.18789856
-102.49514467
-73.63148582
-76.49659992
-60.18860528
-100.25761053
-80.61259466
-90.11184741
-82.20203455
-91.40130569
-89.80962270
-66.32281057
-56.25373736
-36.47678983
-51.03201314
-42.09091871
-24.98858377
-42.37454078
-56.32456290
-37.55751574
-32.64204044
-11.02809782
-19.61373255
-30.53168716
-22.50100114
-21.96607629
-30.08466145
-22.98367572
-23.34948046
-19.81527238
-28.19052496
-0.23314488
-20.28531103
-34.79750849
-33.22820229
-49.61082202
-45.77849143
-50.67748767
-22.04525220
-24.43727421
-10.29668505
-5.16234438
0.35488836
-24.98919504
-54.22548255
-45.29348901
-53.77641136
-79.39050928
-96.58816472
-101.36188994
-101.67957914
-142.17250060
-115.08605864
-100.93155225
-96.03081724
-59.56378430
-52.75775563
-47.62872725
-45.95104179
-50.34301738
-19.79451706
-26.67664571
-25.53881114
-9.49578802
-18.38638673
-38.28715483
-29.71780118
-59.52180314
-52.77614729
-50.55681810
-30.37764405
-4.01578531
8.69406667
19.35585124
2.39481206
-8.42216190
-18.67940075
-12.02334192
-20.39159294
-22.32111231
-32.47262905
-27.56774370
7.81343495
-17.97001576
-35.67152831
-28.89568047
-14.35627797
-23.81907735
-40.88236780
-23.98625468
-38.00266133
-82.85048522
-104.43361716
-44.22393375
-51.95054382
-54.62590065
-55.96722343
-82.66798805
-95.11466406
-69.01136037
-62.84111164
-80.20376255
-54.71974290
-67.66267722
-63.16955710
-42.50955939
-42.57732070
-47.11460363
-64.65690276
-60.50032175
-68.47941979
-77.19256784
-72.14731207
-82.30638476
-78.36409383
-99.56895368
-108.63560507
-140.18607786
-122.77815771
-113.78450910
-97.97876760
-105.27644277
-112.37070726
-69.35900657
-63.88017653
-66.62778697
-92.81968742
-102.20807145
-82.96954835
-72.04405677
-63.30611131
-61.54435271
-42.18856507
-40.19224309
-32.13214559
-31.56215178
-39.70230287
-1.25558896
-12.98418583
-0.58195183
-20.18632662
-35.47452601
-46.27404951
-64.73305948
-63.31336609
-41.46967974
-30.52177888
-41.55121255
-42.41540453
-21.79882918
-34.26370741
-58.94549499
-49.14147494
-40.06317480
-23.76042293
1.66861195
-7.04154229
-4.95110276
-13.30980684
-24.77000669
-35.26033320
-15.85792169
3.14319202
0.84865424
1.69428943
-21.53922961
-60.40910327
-31.74194190
0.85555118
-0.63347586
23.86867268
-7.10107069
-32.38191015
-23.20584240
-58.13887967
-63.91415793
-34.03715578
-6.61766832
-0.44199863
26.71235476
26.15335570
-2.50019454
-4.64242108
-18.94679244
-19.34273488
-17.67684778
-7.53198059
9.01424011
0.36655560
11.96953417
4.46348390
-5.83879487
5.33032669
-5.74745646
-32.32222568
-48.60416317
-67.66756344
-70.46685967
-43.51220560
-76.85180393
-68.19458604
-51.18632788
-50.17269402
-33.64639259
-51.65754016
-30.17880075
-35.95774766
-21.32511641
-42.41155201
-53.64958578
-55.66088847
-56.41954604
-37.56906492
-31.73266544
-37.65930366
-12.17584270
-14.02591202
-15.54358017
-24.61390388
-29.95709940
-12.04263929
-25.80182280
-40.32860920
-40.99641411
-60.66541270
-67.86327158
-87.23058458
-70.01181507
-80.19850412
-60.06492742
-63.50799335
-65.21361562
-53.42530541
-42.89376385
-74.89241729
-77.19305761
-75.56944540
-51.16693188
-32.23346042
-40.59806280
-18.48099921
-30.34966953
-11.67109698
-28.51404066
-67.94255988
-45.01607819
-31.40958316
-51.62636163
-65.49372543
-55.25252460
-50.01035288
-40.66494549
-51.32133111
-49.91324810
-31.71979317
-82.61530628
-87.57991056
-75.28588403
-122.16854365
-111.98052100
-95.55400089
-108.79966212
-98.83639143
-107.31415626
-99.82259408
-54.10903287
-61.47353236
-66.95329954
-86.25219528
-78.30104650
-64.57199877
-83.12751497
-87.92649694
-57.13507215
-44.09068713
-36.80242572
-30.69160986
-25.16546457
-7.95210899
-20.03087458
-31.25546388
-40.29388663
-25.62715287
-0.33772533
1.16630633
16.47136184
22.54883768
18.89180391
22.80628647
29.79787289
13.52626487
26.33295448
28.10981317
19.05207014
11.61014430
-10.41992523
-27.55513586
-37.36302925
-25.61201590
-17.33086966
-5.30075478
-2.32798470
-1.12232239
-31.47377394
-72.28698087
-56.78426876
-43.69473568
-48.39945199
-37.53536952
-25.04109191
-55.25003770
-52.24305995
-26.21899963
-27.73075539
-24.70114883
-48.85609406
-35.56669345
-50.07888068
-44.90768220
-69.36982897
-72.98380330
-118.89226758
-133.25583728
-150.18727831
-137.26720809
-113.69715916
-114.66696223
-107.93451145
-91.25682690
-70.39995387
-56.91255458
-38.40643445
-50.87618514
-57.79357325
-38.18491031
-49.63722874
-51.36605144
-16.95063803
-4.33867151
-9.07210346
-44.04559801
-40.75842285
-57.55942700
-71.24121429
-91.67521251
-89.60125893
-57.27078656
-37.78845858
-25.86645938
-30.63698710
-28.87116126
-16.20118185
-41.20664342
-37.39288749
-51.36680127
-55.03946532
-44.06462272
-63.53907240
-52.45490547
-30.72697451
-35.45899693
-37.95070686
-23.86593239
-55.81926250
-62.04557169
-35.98243340
-43.45558252
-31.59776326
-49.02698717
-75.08109092
-102.26769620
-143.86542818
-131.88131617
-113.57619785
-129.33162831
-114.09121773
-99.38256335
-88.96118245
-68.73308014
-84.94716954
-104.33966950
-105.32710129
-114.03529459
-98.53216810
-87.06775429
-106.77267706
-96.17463114
-85.46784706
-99.50341704
-98.10054731
-116.61741787
-129.45676311
-129.44396627
-117.95622925
-87.94164622
-96.76213712
-101.64903071
-86.97898352
-88.24243322
-105.57523820
-66.88978261
-76.55129578
-107.56834343
-93.90437882
-65.22529619
-68.40832989
-56.03078795
-57.10372672
-72.44193123
-44.08371412
-36.85773291
-30.19842137
-45.49704222
-64.21838064
-132.36490252
-135.17090159
-118.67169256
-150.93717628
-146.16004185
-103.25001197
-113.21305109
-95.89571183
-78.76185447
-73.44623268
-45.85508978
-17.14616728
-14.12860257
-21.44705679
-18.96591822
-15.31930032
-54.10647109
-44.52878361
-37.27753258
-68.51296274
-48.16719418
-23.34469301
-18.38668187
-24.34193244
-21.96811910
-16.94776099
-16.94020451
-13.20580833
-60.03972273
-62.07873901
-63.79397539
-67.05642077
-74.73657642
-104.92031269
-46.21728790
-21.81069490
-12.50523369
-22.22383367
-6.38929059
-2.89027171
-5.34582727
3.91689811
-7.76921039
-20.31799644
-32.87735954
-37.38582466
-50.10169699
-44.71787729
-32.20865276
-31.55800332
-43.77490574
-51.96550650
-53.80009912
-27.01364891
-43.41210310
-37.75237023
-47.02742385
-30.38424703
-50.65098123
-37.63901441
-40.49754239
-27.24944888
-16.74003577
-34.17673461
-29.71695958
-23.10354046
-26.65204862
-10.71268080
-3.32641016
2.63657311
-14.55542762
11.25518151
-2.97980627
-25.42595704
-16.43735681
-34.23633504
-19.28952997
-52.02789529
-32.77486611
-33.86833133
-51.23214356
-33.77407607
-11.50349789
-3.70269175
-11.59213523
1.01256242
-12.41015304
-19.94423335
-4.57200254
-8.92544189
-45.62106109
-48.63356094
-34.70914365
-62.22550141
-84.49426140
-89.75306284
-92.04648741
-54.55306925
-44.40857992
-46.25314914
-41.41111514
-47.57409321
-66.09299160
-71.91381215
-54.36448133
-73.41200030
-75.09476815
-52.09329344
-71.20841830
-77.01637086
-66.43686254
-34.27681362
-14.36425427
-14.77333837
1.15471754
-13.89553750
-39.73909734
-40.63883556
-42.50198512
-52.24269398
-38.35619935
-58.43875793
-61.74839787
-62.88958735
-68.95937028
-67.93263132
-48.81727377
-41.48021780
-26.57524149
-32.90536577
-9.87631026
1.18964212
-2.23879904
-5.57436189
-18.60025769
-13.70845733
-1.90603951
5.30409561
11.19600234
4.40240317
7.66116235
6.66766235
-0.49177886
6.21269762
3.23065049
7.68659993
-1.26561941
7.50726510
11.12944051
5.56701510
20.16816546
15.33484813
32.86525270
42.37410232
32.09881142
26.66975064
-3.50766627
5.25301643
-39.72304334
-38.51627484
-50.48257808
-43.81842743
-54.08723714
-29.67991159
-23.61156396
-50.10070415
-30.86519582
-54.08136997
-78.51953465
-100.97006480
-104.91811659
-76.88097420
-90.78441389
-75.68295764
-97.20074282
-98.34640307
-106.76365307
-76.53897069
-90.86599545
-109.31325643
-88.44363191
-97.67240659
-113.89088946
-108.82482034
-57.16067039
-38.14995989
-10.44924207
8.46922274
-3.08409432
-22.28720727
-29.30742699
-29.84530769
-17.32147704
-23.58666334
-49.92556561
-48.23267136
-25.99089614
-25.14240466
-30.61175400
-38.17244476
-33.24042024
-38.59538690
-26.32937392
-31.12454575
-66.11077086
-84.62632883
-115.62970133
-105.73950557
-103.38925287
-76.53176699
-39.92929552
-44.52604804
-14.16082742
4.29028552
-0.78648891
1.81958592
1.10884413
-26.32840281
-19.70504593
-12.30635835
-21.98842159
-34.10637883
-60.88484538
-74.11772995
-62.39911163
-37.54775308
-11.11768698
-18.20835539
-22.68059940
-20.72203291
-3.71950613
-3.05651417
-6.46245449
-24.42878054
-7.59888852
-19.35485744
-49.95018460
-56.43822903
-45.19763147
-47.97450653
-30.33470061
-51.99791956
-47.74023164
-50.21471919
-74.71745898
-71.20510445
-65.87164639
-97.88411856
-87.09535595
-69.15981730
-38.24172551
-17.72531357
-15.63129394
-31.30040130
-66.72777744
-105.86809778
-78.50556336
-72.74791978
-102.31081908
-89.02975751
-103.00389984
-87.22182716
-73.93855651
-90.08297666
-61.89445344
-30.67811548
-22.18962403
-27.95542951
-38.21089078
-34.28086886
-61.64458545
-56.35307179
-61.36973620
-65.90948345
-80.83507813
-67.24418433
-57.63292928
-54.45515011
-81.81147519
-75.89313492
-90.94704754
-77.20708069
-56.51182474
-56.21801822
-27.61368843
-27.48430697
-57.59759746
-30.76685879
-24.98208279
-15.13767051
14.18905868
-0.08512796
5.20604350
-5.21212097
-21.08276731
-20.38603045
-54.82557562
-38.83202704
-58.82695845
-68.85564002
-52.74400296
-32.93191751
-16.37333057
-33.71702396
-22.23241630
-11.91225381
-11.96019694
-5.67469973
11.73282625
3.41404452
32.65803315
15.82705191
-7.12663291
3.23901730
5.40621247
-0.52638176
-6.58421084
-30.49665902
-62.01319278
-66.59269824
-77.61486339
-102.43902199
-122.50813481
-95.03599649
-59.86131356
-75.33905901
-56.92219565
-45.58266985
-43.58479485
-16.83221979
-35.42948323
-50.99291200
-71.59800616
-110.42856085
-108.84763377
-128.65423875
-92.03855990
-65.27652653
-69.95818360
-60.80132525
-58.42321214
-61.13070485
-92.68115849
-96.77329508
-90.76155658
-61.65311956
-37.96335952
-29.83700210
-13.79610164
-40.22505075
-43.33863177
-34.67556474
-55.85823643
-32.83296307
-25.63795470
-15.98051821
-19.54322403
-31.97155030
-31.47626373
-25.51787375
-49.56875701
-20.85690099
-3.02144153
6.07889283
1.74756412
-7.82258380
0.68621346
-19.70177145
-46.22929970
-45.22420506
-56.21444655
-50.09107391
-65.27777564
-69.85245111
-66.18554586
-90.78485685
-95.63418657
-69.91339682
-105.44419479
-104.29230147
-98.00636309
-97.04180013
-66.45837678
-74.99298605
-55.42931007
-44.17229523
-41.37914430
-38.37598129
-27.01093802
-21.06001334
-25.62757097
-27.91426840
-3.88110541
-4.66349458
-3.71544599
-5.51768934
10.54570338
7.19881857
-8.45897978
-8.54392996
-2.62692044
-36.41897466
-30.53840355
-33.95712360
-55.69465252
-52.16473252
-66.40940636
-40.22326439
-21.11099602
-2.54897127
-4.67666561
-11.43046659
-9.46541613
-16.27022926
-26.77976773
-44.54830585
-28.09355243
-49.31805402
-36.94223912
-65.10084189
-43.39877429
-15.82090377
-19.23545095
-26.05213562
-27.63186675
-33.82724963
-18.39672695
-45.58404850
-54.42320221
-35.68799842
-51.58706049
-50.05991609
-43.21651222
-44.54574044
-38.66245309
-66.66602624
-155.72740922
-135.37022698
-143.70434675
-114.04328229
-65.61731630
-63.97424931
-67.01427456
-78.42745054
-57.84449102
-75.14953083
-84.17061982
-54.75533326
-71.58305637
-41.90757308
-49.48138380
-50.49633970
-56.23976910
-55.81275776
-44.23818768
-45.94208219
-40.12501096
-30.24175930
-10.32340113
-40.51741134
-10.65389003
4.72341670
-0.24939099
-8.00876929
6.51828296
6.15549734
4.98306002
3.88150179
-51.28316233
-75.15632835
-86.77722903
-114.82848026
-109.96573605
-92.21911700
-82.70249273
-47.72343239
-36.64521696
-30.30753918
-13.41337628
-24.92762675
1.36266680
-12.64793585
-26.34943476
-20.61027460
-12.70414994
-9.65116167
-29.41328698
-9.05309308
-24.81629283
-36.92518908
-10.65037276
-1.23634841
-8.44844799
-25.61470488
-6.09435797
-9.59127571
-12.15246609
-11.68056792
-33.17850550
-21.53726459
-21.69366496
-31.65005242
-17.94279113
-43.33413158
-54.46685508
-68.80894621
-41.81704766
-41.37956975
-57.79806718
-61.68340742
-62.62814260
-47.70998214
-75.05129849
-89.15012682
-67.50446157
-88.99769408
-84.50610812
-46.09633302
-52.80589186
-62.44391095
-61.89517943
-71.07062682
-58.76517226
-36.85580361
-10.64907390
-22.37026065
-22.40438834
-5.06479238
-27.04504131
-16.39337944
-7.60523915
-22.88740031
-31.87189421
-21.66407563
-52.32163140
-52.15043416
-59.80334531
-36.20453436
-34.99876700
-41.49456712
-46.86910907
-40.24619387
-22.41316499
-33.18886022
-42.09644482
-69.96927883
-84.71530816
-126.34516530
-124.11500380
-116.01417813
-101.95811221
-65.01750638
-66.89592359
-75.76098852
-58.84115413
-56.18504952
-68.64965099
-84.05093821
-77.41211274
-120.14847035
-67.24754477
-62.71721495
-97.23768364
-56.58873363
-50.49819751
-65.87728314
-44.33722598
-55.22356237
-51.31324911
-49.66827345
-64.09401242
-75.53695763
-65.47767269
-64.18810120
-39.82052132
-27.15810084
-32.60261053
-12.46635786
-8.81408389
-3.55809732
-16.76199485
-30.35311789
-46.73454127
-49.07542579
-16.18114128
-43.97750812
-53.46178002
-61.97806026
-70.58439264
-51.66340367
-79.26421037
-94.93993137
-100.88574352
-69.22263615
-81.13840624
-93.50456905
-87.29961197
-49.36412510
-42.95264673
-36.38456306
-23.55982865
-48.17412789
-28.13040308
-27.21835983
-38.58474899
-26.57618898
-42.99343694
-48.18984570
-71.36128776
-98.00016718
-132.84706405
-158.53695858
-159.28156081
-186.19854024
-179.18431371
-167.26639785
-134.92276105
-108.69372231
-86.94754528
-71.01415795
-77.88575038
-71.93378821
-58.31632504
-54.53379125
-38.77091835
-20.73023468
-9.99487864
-0.75838767
-6.43250070
4.85196703
-2.92066314
-16.24393516
-17.10244111
-30.76616235
-67.02022461
-92.56066604
-109.74621095
-89.35702477
-108.72699888
-133.69463841
-110.48549324
-109.73260759
-114.02379127
-73.11183574
-54.26255584
-53.61452375
-48.72121045
-78.13149217
-69.02500033
-63.71740882
-71.25844947
-38.22123409
-23.95199340
-42.84672939
-35.01100750
-41.75850419
-71.19988837
-56.81433217
-84.82190372
-70.30754803
-47.85877530
-26.80776164
-39.17197964
-45.04551254
-38.71837674
-56.29098139
-50.69302287
-45.31301526
-67.35154164
-68.04735042
-95.14831494
-81.97610136
-74.15359062
-70.61202840
-68.68283346
-31.19486604
-39.80325623
-20.06481970
-20.71928544
-26.23388587
-20.27599086
-41.93117533
-33.77988899
-39.30063070
-46.50524728
-43.07297469
-58.72957307
-35.44449869
-51.76538330
-37.67053982
-54.42218111
-75.21668359
-56.30810812
-39.38808361
-21.09320183
-49.93158176
-35.68450937
-13.06638977
-2.10726492
14.48234986
6.30207679
17.83414882
20.16390003
2.79937970
7.05164149
7.34236873
4.54269128
3.78018878
0.68549514
-5.39862164
-5.81221750
-15.83608583
-15.97389417
-43.50950767
-40.49982179
-24.45070278
-58.25590475
-81.38887394
-81.91866400
-91.53149903
-70.83612090
-70.52427766
-75.28924825
-69.75330721
-82.90658411
-88.44881748
-93.60512621
-72.54838018
-83.34107454
-95.69846347
-93.39076840
-78.06488489
-62.08992450
-79.17615308
-54.07227969
-53.78398708
-74.12800733
-71.87169466
-46.98437566
-48.30647299
-23.91315864
-27.27645868
-27.86694986
-11.52048203
-31.67614855
-28.79990919
1.94076131
-6.05909688
-18.56510415
-4.50159303
1.38131591
0.24874716
15.01956496
-6.67502627
-2.88013213
1.71289691
2.51889678
-13.91324024
-25.29324740
-16.55575930
2.00852501
-17.20380789
-14.82516348
-0.52764600
-1.62228735
5.21594230
-23.15290705
-92.59348414
-66.10335421
-50.85894206
-78.64981235
-118.18704974
-116.67954851
-99.20603931
-95.09521028
-108.59771595
-116.91817304
-118.06831860
-130.28085633
-121.09392619
-135.30311248
-113.08870866
-125.72581575
-114.48818305
-78.27316053
-82.86696180
-70.03059102
-79.10924187
-79.37103909
-79.11314993
-71.53416435
-91.25313538
-56.39038277
-58.67075159
-31.41691475
-10.13668356
-23.73714616
-23.96179464
-48.38462498
-55.45142863
-75.99596488
-67.19261407
-42.44356618
-41.18654443
-28.30467391
-32.85970560
-51.95787175
-65.87503859
-81.95064680
-81.23454830
-57.53997820
-53.58774028
-52.64644815
-81.53992603
-100.74752899
-66.14200513
-71.06923227
-47.68626099
-36.90253354
-12.09153263
-0.95198361
6.82711118
18.11313514
-4.24725577
-26.53791752
3.93140705
7.10446326
-22.64781962
-20.57346725
-50.91220484
-38.57462487
-37.50749201
-65.89993879
-67.32738749
-74.76891708
-63.97409859
-47.66415962
-63.56170977
-73.05113661
-74.01675764
-93.43065487
-103.88380323
-100.63755165
-94.69562807
-105.55942586
-104.98020635
-105.87225245
-98.36849898
-94.98935243
-87.62019093
-67.62529696
-72.40374868
-59.00046493
-48.73389198
-48.15400490
-47.42056883
-53.13321108
-33.38928679
-21.20963413
-7.91391271
-35.65014252
-26.04386111
-29.42324756
-33.42051433
-44.51264788
-41.30253803
-29.95765624
-33.98636338
-51.61376682
-31.60671740
-33.50915430
-24.41451615
-1.55469558
-1.05793786
6.74385536
7.92845932
-5.16301937
-15.34277504
0.78512105
-31.89504681
-19.60082574
-28.19682705
-43.06445135
-9.58777052
-66.78319516
-46.06245917
-61.63139992
-97.12029165
-65.62034464
-46.17892251
-26.16951601
-15.59237505
-20.13772896
-11.51231167
-12.53631092
0.80555574
17.54613817
-8.15955750
3.99081977
-8.13830102
-47.35913455
-45.04442599
-33.53940185
-59.55268724
-62.70531386
-83.79979645
-82.29866800
-123.20856332
-132.21942719
-100.88155490
-117.40066248
-124.34613356
-126.09155035
-126.01990749
-114.37527727
-125.66438312
-135.59075093
-131.05661648
-126.21854410
-122.23147190
-128.08395029
-114.43128709
-93.99976230
-68.82173276
-21.43972359
-20.24717694
-17.95607665
-3.11840249
-6.24561348
1.08985203
-23.12197312
-14.65990790
-14.52639797
-13.21858367
-3.96595335
23.15710125
26.43441620
20.58089349
23.70007606
1.81360310
-10.01606155
-40.10306232
-38.25258751
-38.30158709
-31.38781682
-28.31588220
-28.60300914
-60.22772952
-54.86462774
-28.99443479
-24.33765382
-2.84459507
-6.43249430
-10.14826194
-24.77646084
-14.36180175
-7.04124590
-7.15848196
-7.10237784
-3.96743627
0.36267258
1.40189853
-9.24814333
-32.08792674
-14.06990868
-17.61326031
-49.57829404
-68.41772184
-81.41062979
-80.61485048
-79.14846346
-73.53906512
-56.43908223
-31.44364674
-39.54489558
-59.73669356
-46.47527220
-42.71825971
-32.02830687
-28.56393254
-31.03655381
-27.12708101
-16.82630446
-35.96979268
-37.70314494
-0.43778665
16.69221771
3.69908163
-2.76438402
-4.87642337
-8.00088679
-24.76602622
-50.43893735
-86.15913711
-71.32880634
-50.07222454
-48.91936252
-49.47043285
-62.13929033
-58.33817065
-45.93078436
-46.76136978
-53.03987440
-42.22678516
-56.44026566
-35.63782113
-55.00831328
-68.78191825
-69.49069324
-49.73296629
-17.01179488
-20.46302806
-45.24711315
-53.76006316
-39.83158631
-56.48868575
-52.12788321
-15.22556729
-23.50715728
-39.91542020
-71.69819277
-82.45337347
-84.76924326
-97.47243800
-57.67601232
-66.84010373
-105.82634659
-86.07237851
-47.74149658
-44.85391402
-46.99907293
-57.27700342
-55.44561032
-51.59741287
-27.16812033
-24.30941716
-12.51737881
-22.65409051
-21.10893378
-31.70407679
-60.91578037
-107.77335758
-118.17431460
-105.52226126
-92.53099082
-94.17496089
-85.38814340
-82.56885759
-63.62752920
-48.84929740
-50.59265863
-52.66315388
-40.47409840
-14.04420976
-11.15230839
-9.50180848
-16.35321735
-44.45265932
-36.27564726
-63.52826260
-62.48359710
-52.50438935
-47.87854417
-50.40330946
-43.95427286
-14.27467374
-14.91410199
-8.55788828
-12.78945685
-7.56703510
-31.45074147
-41.75507314
-27.90259581
-38.06589465
-76.18482871
-52.53512393
-56.07556454
-56.62295330
-45.95369561
-75.45523347
-93.37541867
-77.76546764
-73.36384576
-97.73939181
-111.78984592
-97.97501302
-92.62049709
-68.38486054
-74.15506842
-91.61197150
-62.83044924
-90.65786406
-82.43866042
-74.58666678
-65.96337206
-87.96871499
-80.97182429
-77.92652451
-81.39911836
-67.74318235
-48.62767437
-36.17506004
-70.66713790
-70.12923279
-58.09329834
-80.92689109
-70.15276331
-37.99954072
-26.82222067
-33.10361972
-34.53699253
-22.67467724
-0.84034094
-7.96350581
-38.84802051
-19.94737060
-18.87786043
-36.31216609
-30.41610413
-30.28135691
-46.66708011
-47.20286173
-52.38445294
-82.96867019
-87.48161757
-100.52793301
-122.29644742
-92.17099487
-47.72306879
-39.14741830
-29.34582462
-34.46941888
-32.40012394
-28.34419944
-41.15489645
-16.74660211
-10.14929967
-1.53175965
-4.62883280
-14.44650337
-36.51168112
-28.31305257
-34.06474362
-76.77465879
-68.26505326
-84.86360624
-111.88454728
-93.58264585
-98.66356407
-67.60499873
-58.76489401
-87.29167157
-81.56367998
-79.86186996
-104.44082779
-73.18102603
-70.03173518
-56.73782525
-31.96517031
-41.04149499
-30.41518660
-38.26182374
-28.87971883
-56.54391467
-45.81163471
-45.52324952
-33.01655718
-53.96126651
-59.24298040
-37.73334980
-62.63039858
-55.88416769
-53.08721186
-47.97925164
-37.85379999
-41.72071196
-14.57888254
-25.10989591
-63.08228725
-83.90010421
-67.14563972
-95.52433638
-100.08205711
-81.20966956
-101.17651692
-95.50175228
-95.54062755
-68.40064302
-85.50916232
-94.86192778
-76.59408806
-75.27964831
-97.92825286
-79.04872096
-92.39084263
-92.43210271
-102.12187668
-131.48328361
-103.86885992
-96.86256935
-85.33772300
-62.54633366
-65.58480543
-74.20724786
-41.94871622
-47.80611569
-23.72541782
-22.09387638
-27.19760804
-40.15973796
-31.62283480
-18.49098230
-33.63265651
-63.58342940
-93.29659103
-120.94583140
-123.17938833
-119.71625281
-148.90320371
-150.56197666
-109.24327063
-80.40151406
-83.28353969
-55.56057103
-38.82606783
-24.97695525
4.78990122
7.86629425
5.65967500
16.02938442
16.86279487
-9.47732661
-4.73293756
-2.03568639
7.50005476
-12.43585852
-20.19998697
-41.83139011
-27.83862725
-47.56917554
-65.36281068
-93.62375125
-59.43424430
-77.64320070
-78.33680375
-46.03572037
-56.52168645
-60.85697419
-76.64823547
-115.60663945
-131.36220880
-104.27033741
-72.20070595
-82.29483514
-85.69586606
-59.83951989
-59.36935233
-34.98228441
-53.18688224
-59.21098340
-54.05665378
-24.11242834
-21.75142065
-62.90299168
-55.59386650
-46.86433149
-51.06029378
-58.07840182
-54.67104583
-50.96025474
-23.41415042
-24.61694170
-13.89338538
-4.07614753
-2.39275860
11.23781060
-4.95376674
5.87653175
10.69314210
17.12743253
-0.29521510
5.92490646
-7.68772623
-35.42903964
-60.98231033
-65.75398574
-114.23434545
-138.48203318
-114.50139444
-145.52078979
-101.14394053
-94.02110909
-75.98466225
-66.31095117
-57.86295468
-56.02528961
-62.52876395
-88.99039335
-80.78170630
-62.64761904
-62.40956354
-53.24274846
-37.36344241
-55.32820087
-37.80816549
-15.50611323
-6.27690237
8.30295704
-14.20128656
-46.13786437
-22.53910060
-12.26324144
7.97150948
-4.91844812
-25.16205279
-0.92796725
-0.41570117
9.27702942
-32.86414082
-57.33722003
-59.32878335
-76.06235429
-66.12141749
-43.27804970
-47.22131009
-64.83736243
-44.03000091
-55.71288901
-61.84713780
-47.45486008
-37.61664164
-31.78629030
-76.31017901
-107.66974725
-119.25338493
-139.34075055
-103.11140586
-97.35997680
-97.94017105
-82.72360543
-67.45176492
-53.21342809
-50.56812131
-59.62266943
-67.17487655
-65.42459499
-59.87795504
-52.74701963
-53.08297381
-55.68727838
-81.22461305
-77.54362364
-63.89950638
-62.71446800
-45.26828360
-41.44175457
-25.04641425
-16.17736994
-14.22647223
-16.06206072
-27.34660727
-41.57911735
-27.53385368
-24.98274370
-36.30715277
-26.52945367
-10.17507680
-35.09850104
-49.26637707
-55.75452567
-79.66115650
-78.03191208
-71.43362655
-72.46562141
-94.50392933
-76.49173361
-47.12277497
-54.34009861
-17.22607221
-31.32536828
-35.23978064
-26.06382478
-55.20210311
-47.84982673
-40.17514579
-50.63673362
-23.60750949
-41.83112366
-62.84494994
-37.73829218
-47.31538264
-36.21577480
-35.65932008
-49.57828186
-79.72288484
-81.28773596
-92.79335143
-80.96231767
-111.72100182
-94.45347789
-82.35482013
-86.54427667
-78.56192103
-89.03258421
-78.34006537
-44.65102229
-50.17690063
-48.25672814
-52.82906105
-36.29390497
-43.53431930
-39.42324782
-12.30168312
-23.16569589
-21.06800141
-17.55806586
-14.16373285
-20.08293825
-51.33555719
-74.49468785
-81.16325415
-75.83554356
-63.99839241
-43.79958269
-59.30021419
-68.04866287
-75.25205977
-96.86753191
-97.88703989
-84.31901133
-63.30092605
-42.52927778
-28.01841046
0.63380829
7.79195842
15.36190149
10.34608741
15.87392906
26.31019286
19.04183639
14.86813658
6.81868298
4.05978650
7.45709119
0.45486826
-3.03457412
-2.78336108
9.55486509
-22.24965013
-28.77747660
-3.09675209
-15.90067720
-16.82799567
-53.20043857
-63.19017190
-76.35386618
-93.89225593
-124.63539972
-145.88063681
-114.45929614
-134.01019895
-81.19262505
-76.47108782
-76.06349160
-48.57809569
-36.37020491
-43.82602734
-60.03020248
-57.60424130
-76.93012643
-81.29622525
-58.68957006
-37.43262377
-34.26325812
-9.91678500
-23.32777416
-1.27061261
-6.96069542
-11.50777116
-31.19548114
-47.11489985
-52.26176595
-122.82314167
-118.00620026
-74.22833253
-68.47581541
-58.02960858
-56.37407837
-49.23478067
-15.97775760
-24.38825981
-21.25245581
-35.87738100
-78.37892961
-86.90447055
-93.86960103
-96.23694508
-112.22108580
-132.44511816
-82.04116193
-75.19551982
-49.38393355
-29.78922728
-21.80144629
-32.45038397
-43.55371760
-34.90883670
-31.23117858
-20.58646035
-38.17207194
-44.64903527
-34.78888859
-21.84638341
-35.37703686
-32.13319434
-11.62924119
8.46993777
-22.75315420
-21.35054273
-12.73650502
-22.89932300
-19.04494479
-26.76668265
-4.71686133
0.83421262
2.85716076
-7.47873579
-13.10555554
-13.66760133
-19.86426528
-47.09455617
-65.58634120
-54.40901932
-63.06180293
-69.68456998
-67.72463068
-65.69505973
-81.71186245
-67.08327505
-70.53474792
-57.16606785
-39.59092070
-54.25531119
-71.79480204
-87.28391216
-46.73103598
-48.44216858
-46.69433105
-46.85914068
-53.65644880
-63.67342332
-52.08415204
-48.48946658
-50.99187322
-84.94786081
-60.81857011
-56.70201130
-39.99668387
-31.03340880
-45.61951073
-38.87197637
-30.29066730
-28.53716894
-30.18456821
-29.98881134
-29.42704448
-40.09058775
-34.08216470
-26.12315763
-34.29458093
-43.99845166
-25.10269794
-17.91666629
-18.65142867
-21.73785156
-20.23973130
-42.20893408
-13.82673020
-58.84696905
-59.22078387
-65.47812607
-53.16957452
-65.71902032
-58.09115828
-15.98187133
5.48944878
10.95148759
41.80060752
12.85577300
30.56360858
46.42209649
29.97036916
24.84387292
1.76176498
-21.36238663
-34.54391850
-61.17022363
-84.34301794
-86.51610406
-77.29212691
-97.36666685
-107.12229454
-90.35825431
-75.88082549
-62.10160971
-38.75816468
-44.59626530
-46.79946690
-28.54870711
-17.81967782
-16.30221331
-32.95029473
-23.49190709
2.99885185
6.84990569
-2.45671784
-5.99865283
-11.42563615
1.45253072
-20.94181241
-43.21546464
-50.26888709
-85.51423758
-71.08357990
-59.56130530
-63.73435605
-87.19935092
-89.69092094
-94.16326765
-91.51664652
-69.96327911
-99.34577382
-99.66923088
-72.22759255
-83.45895651
-76.54814411
-65.62692487
-40.24022571
-50.10148017
-39.16316476
-27.46733601
-26.57973033
-43.86852409
-35.20510960
-44.28822381
-38.15951830
-32.67506380
-59.47491331
-50.90270207
-55.11520326
-28.16366887
-43.58250829
-27.04826696
-14.05939222
-18.17533176
-15.93939405
-49.49751416
-40.66787636
-41.24052847
-42.03660521
-14.72650617
-19.38030603
-14.93599277
-28.79021156
-42.09420440
-51.74650253
-55.64325830
-63.10136675
-84.41984467
-62.27206120
-76.56276193
-115.40968781
-88.61346696
-86.49580949
-77.97514760
-46.29153295
-47.38678626
-39.47626851
-25.16795665
-28.32997430
-24.83053481
-32.94136583
-29.87753623
-16.54806682
-15.25863063
-1.10815089
-19.01094457
-11.61484623
-6.42309534
-23.60736142
-20.03821598
0.56652527
-15.37662637
-22.36918234
-20.71317781
-10.34892335
-16.09916402
-30.19864421
-53.84231753
-67.39371115
-68.26333682
-78.79378880
-73.19191510
-102.12289364
-107.68292562
-118.09745340
-141.54533918
-157.64081745
-201.72027276
-163.86835729
-164.66920388
-101.21266964
-68.68818535
-52.18297656
-54.69572103
-78.32066742
-50.85134278
-51.44219457
-79.01727922
-70.66716793
-104.12458857
-124.88885722
-123.28567205
-152.07633914
-132.04305551
-120.48586402
-103.58206113
-122.68174552
-107.47928429
-105.95000843
-110.11677151
-67.13166989
-78.52579617
-71.50072282
-59.07025042
-38.21775579
-53.02670834
-31.02853585
-27.54837299
-54.03625420
-28.89064961
-7.93612097
-3.63189383
13.00280806
-13.67390533
-29.38433695
-50.97005289
-69.00336676
-52.17897241
-56.35040275
-60.19849034
-35.68361483
-31.89080500
-30.31362010
-33.67508492
-57.88739393
-97.36910159
-73.84863872
-60.61271498
-86.21161914
-81.27944313
-84.04201391
-104.97571532
-86.90454664
-59.63917177
-35.07981469
-46.80225140
-64.33798039
-63.84271284
-55.37914700
-46.17976733
-56.35123319
-35.10001772
-48.44009114
-48.15897457
-40.81703811
-82.36343140
-78.38391419
-71.63343140
-62.76438124
-58.68298428
-55.47052413
-58.08603360
-73.42674296
-75.04486487
-76.26144857
-95.70589008
-91.71134949
-102.81877966
-98.21464987
-122.93014888
-93.29203729
-62.38311441
-59.84308123
-60.86970698
-51.98349271
-77.42308827
-59.41518214
-88.11344428
-89.49437998
-46.14079787
-22.30638911
-33.45244824
-26.94533951
-13.97786194
-33.56500011
-27.12377053
-38.73441016
-52.31766816
-65.75396719
-94.13488137
-75.54512833
-86.76037435
-114.47616484
-98.26676662
-80.12452873
-74.40583960
-67.73616572
-21.19545063
-17.93935853
-2.52352137
-17.04881632
-65.17097965
-52.55936216
-49.97236350
-37.19930828
-37.67913314
-16.64353099
-22.36773133
-43.70379942
-37.01905430
-41.36121214
-73.08721876
-41.69853277
-47.78749224
-28.16930737
-10.86566567
-16.13152965
-8.11424753
-3.78881996
-25.21054024
-50.33972411
-54.18977458
-88.38436163
-65.52376928
-68.70582461
-97.20857061
-81.84813649
-121.64970545
-99.76699582
-63.67780292
-45.95220119
-71.98165338
-25.21059017
-15.24463167
-27.47869407
-19.85786470
-13.75150214
-25.82718724
-1.75307413
0.09668493
15.83979131
3.00713274
-21.06757663
2.94263625
17.03337891
7.22365801
-15.77030948
-7.91746673
1.57243640
-55.53191310
-81.22099819
-85.76377838
-89.39319354
-101.68888950
-123.28328132
-92.70193119
-104.51751855
-96.62458371
-86.10424282
-72.56090779
-73.60309266
-52.03910181
-66.92713833
-65.34764327
-81.83431444
-76.45113643
-71.87210075
-70.97251207
-70.67382608
-52.41451399
-74.50548575
-56.28473257
-28.35623642
-63.76884289
-76.81719649
-64.79856032
-52.95324282
-32.06076423
-26.04289656
-48.55827746
-28.36497994
-12.17611457
-23.39002152
-44.95027093
-42.77841953
-54.39588334
-55.70859997
-86.67798990
-72.77961435
-55.66155062
-54.40913093
-54.67787181
-72.51390023
-100.40929620
-88.15257222
-97.97668674
-97.63056497
-119.83482021
-86.29905568
-72.37071285
-75.32146913
-54.32971145
-34.42954909
-51.72829213
-34.07570708
-4.69473946
-23.77623015
-18.80640240
-10.20826046
-36.79826453
-11.17416173
4.04016136
-4.71302838
8.52500689
5.29720163
-0.08492775
-35.16394358
-44.44772877
-52.41561153
-68.67198815
-58.65742162
-39.61526274
-35.47158802
-20.61624694
-7.08792812
5.90324639
8.13457377
9.55533088
4.82225076
-0.00946312
5.45651627
-25.29332391
-55.55865874
-62.86566741
-45.63098440
-78.15619291
-107.06277636
-55.32550627
-68.92516458
-58.11440551
-52.14885693
-62.25841459
-66.75698985
-46.09264677
-49.48191574
-54.14327887
-35.93873389
-18.60892289
0.57911622
-1.86474044
-9.45901107
1.91292870
5.38050939
24.63583400
2.54959750
-14.07064579
-10.61554670
-16.99846676
-34.31224858
-58.64383942
-36.91251415
-65.91039807
-88.11999429
-77.75159074
-44.35772317
-38.75241078
-51.56168137
-67.86457707
-42.07452227
-53.38280647
-67.69483943
-76.81992595
-121.61035179
-135.13863788
-125.57716936
-137.73862136
-144.02625035
-114.47970204
-108.58373607
-118.72507702
-126.47289611
-132.80869684
-137.96623684
-113.11294008
-123.44115410
-109.68771458
-84.48611349
-69.31448380
-65.65839939
-80.19528411
-84.11844163
-70.35173427
-64.61902121
-49.44618869
-47.46012496
-45.04997788
-35.12091682
-43.02829731
-41.39142459
-37.26503982
-40.53312634
-49.28284080
-40.92617862
-39.14131785
-29.10125158
-52.52862492
-56.97077793
-76.78985064
-60.13432471
-61.57763716
-61.73032673
-31.82866288
-37.45750052
-27.75784240
-26.77239962
-42.62877416
-24.97990595
-33.34138066
-36.46352759
-45.17940262
-49.73525544
-56.57699410
-70.21652198
-73.70830405
-52.61533148
-36.79350227
-20.26584258
-32.24365373
-10.34124074
-8.85279835
-16.58451276
-27.31526551
-43.72933801
-19.47213929
-34.49200666
-25.45476873
-39.35922079
-39.27531971
-17.11463780
6.56569529
-15.55017168
-31.05172892
-18.73528687
-35.84196871
-25.91546284
-17.11222787
-8.42565551
-10.89909399
7.00080191
0.02837848
0.36559046
6.01171762
13.25197515
-12.71504752
-30.62013516
3.50468703
-3.30692112
-40.93965066
-13.68917382
-33.18442845
-17.35830735
-17.66050983
-43.41594194
-55.31706854
-67.89363912
-119.31118833
-96.37093392
-65.83125514
-75.95632121
-75.94674219
-70.02001193
-67.24146909
-61.78135265
-58.05719368
-58.28655858
-83.53667146
-84.84132706
-96.87207632
-56.36386994
-43.41995853
-68.01428785
-35.80998933
-44.75082225
-25.84609450
-0.32666984
-0.61306310
-7.87918568
-22.14602687
-15.70522991
-50.40790348
-41.68369592
-68.54631465
-66.85152680
-54.31230112
-65.34052909
-48.03816646
-54.15641352
-63.52352054
-42.04865462
-43.86325181
-80.69532655
-63.85484241
-49.87981618
-41.05398905
-40.90566513
-65.33592597
-55.58031338
-32.83402421
-24.94885624
-25.66650941
-14.09787823
-19.83629374
-48.46218224
-52.79912199
-37.98242106
-65.36948565
-73.85727523
-57.83951831
-36.21050281
-3.11583558
-7.38702597
3.63425557
0.26198606
-10.37331248
-41.11249495
-85.74147084
-91.61047709
-68.57050912
-121.59015577
-117.86868415
-123.03575785
-90.96891151
-69.84124948
-63.68959770
-47.24833014
-46.37956749
-27.58822559
-26.81441626
-40.43563198
-36.45403694
-29.07986199
-19.87097021
-5.87519573
-13.61021197
-2.92083219
-21.50851176
1.24740705
-14.20656874
-40.22219535
-38.06718580
-42.90498446
-29.02193883
-74.27408399
-74.73183295
-51.81462483
-53.48763675
-53.34489893
-65.69855411
-77.43897639
-54.65961513
-71.52667829
-62.30359004
-42.43434811
-47.40187502
-40.13211004
-37.63899476
-50.70343298
-78.13535753
-50.96390533
-34.74991235
-48.82021441
-28.69530612
-31.43654761
-20.14229388
-27.80291384
-14.62406026
-17.01786959
-18.38843035
-26.45945842
-29.50956653
-38.05166622
-67.39181064
-87.04916669
-80.73890404
-82.21619601
-76.66819819
-52.32584538
-37.62438541
-13.63203517
-29.74447313
-72.54622627
-58.97812152
-62.92191338
-51.35138471
-42.68633891
-48.16981186
-35.40198145
-72.83606579
-87.07691244
-122.51484054
-116.18075336
-109.99102305
-92.66391192
-77.97427172
-66.85518687
-51.96062549
-42.68151586
-47.24825325
-53.07149604
-48.11487247
-47.08593467
-71.91385738
-61.81574056
-36.04077978
-31.97185321
-30.81128309
-39.67245139
-38.87960695
-30.39369969
-36.05532779
-33.19569590
-49.42929750
-53.09505541
-57.32582401
-59.91743457
-38.69172407
-35.02430184
-39.86928722
-45.03748208
-25.21221473
-52.61534100
-67.66180438
-81.08132463
-62.28653453
-62.54959284
-57.39273707
-46.28304371
-31.68095147
-37.37142195
-28.48749185
-24.60478046
-50.50256811
-55.34723885
-48.79274617
-58.35572444
-77.66503360
-91.40723644
-103.26791474
-92.38828305
-88.43443693
-118.57469388
-111.92421682
-115.55907428
-112.58999878
-148.51442249
-103.23626399
-84.88276343
-76.53421049
-59.85199302
-53.72001987
-38.19178290
-21.72940246
-34.71630885
-33.68543666
-39.58263103
-71.38571175
-82.13120094
-79.20746022
-72.08690259
-67.44047678
-99.63589127
-67.36109948
-97.41081309
-87.58542080
-110.81080346
-107.69362545
-95.19508477
-101.72852071
-122.47067192
-138.88065124
-112.90562300
-108.66302422
-96.47056862
-71.70756903
-102.32660138
-145.74036276
-116.40811832
-95.62944159
-76.01136567
-45.57087507
-25.44042089
-3.97696313
-37.72519184
-40.60123404
-29.46004010
-45.28858125
-34.80349344
-47.50493534
-73.03768769
-102.15730066
-106.79670530
-103.98914835
-107.83718505
-90.16068889
-72.72482460
-65.24494342
-60.99730905
-47.38836121
-51.29851626
-42.31883078
-29.93269174
-41.74326021
-79.61802113
-108.05907551
-87.34494434
-69.83658772
-90.71162092
-87.87185548
-70.47295700
-47.03316368
-35.71917644
-46.91303393
-32.37009468
-21.87598293
-16.11330958
-11.29683166
-5.60881241
-19.86427818
-28.49454840
-15.84881504
-19.69980459
-45.16504401
-50.18424031
-35.21201965
-42.13260081
-13.44364598
6.68167849
5.15236873
5.39063298
-11.58606414
-17.75522874
-43.63842634
-64.40430727
-79.00815869
-67.08085464
-98.82527394
-94.06789675
-105.88993349
-135.31312933
-124.04924559
-61.04487153
-61.63133582
-64.85656445
-39.57923694
-34.25640594
-3.70256630
-18.56005809
-72.57028236
-67.03192767
-83.80185032
-64.46492249
-63.21077858
-70.55228869
-55.18295829
-58.15434037
-35.79308026
-4.99910121
-31.32561545
-28.20331281
-16.65502974
-19.89724844
-30.67848467
-50.39026831
-53.89245901
-39.99886148
-41.18535250
-26.77676845
-7.36917101
5.31681283
8.78929983
-11.53348426
-63.01116511
-54.41231211
-48.58275743
-37.46805819
-54.46474993
-70.87755325
-41.58967027
-24.09143159
-35.25290276
-49.79598680
-39.97571263
-33.46800965
-47.31511063
-19.33560417
-44.33383883
-42.79550330
-15.52354309
-8.83435424
-4.68403941
-2.61299806
-2.81505758
-19.49738567
0.68382864
-37.47858166
-31.80930797
-44.52120497
-75.88375952
-82.59033173
-93.14973774
-146.36291152
-139.69574773
-149.44782928
-164.79228867
-150.11092692
-127.80249659
-104.44366552
-63.92497977
-47.94274416
-38.87491788
-18.52837580
-2.10218633
-6.08862278
-7.96365213
-4.20831717
-6.26092101
4.27078629
-17.13361361
-39.96217457
-16.96741302
-8.69653503
-18.89607052
-7.28397782
9.59381112
-7.13396995
-45.69856555
-70.12865983
-39.19462676
-40.86685737
-23.25234742
-8.78406383
-15.08950706
-44.04013817
-21.17254857
-37.26945100
-44.70777099
-61.91922164
-81.81816909
-107.04219842
-114.76095500
-71.34475115
-66.75692759
-47.37703762
-30.31320273
-10.01464025
-7.87656137
-7.61685401
1.30099257
-11.92835596
-24.72716912
-22.76906932
-42.66375887
-52.34487741
-53.19263379
-53.04223280
-53.85947460
-62.60164111
-39.64280850
-38.91584082
-50.71228162
-67.61285100
-92.57548590
-99.86217946
-80.10775379
-73.45769211
-66.44421746
-53.09295775
-48.19171559
-46.16927315
-21.49037847
-10.85185457
-8.19937161
-30.79011707
-33.01667432
-28.92167579
-62.03869114
-38.19608744
-11.30531343
-9.90137050
-6.40152449
-16.21462825
-11.23858294
-27.45110681
-45.46105501
-56.56323168
-63.68917902
-77.00681244
-56.66934437
-59.36149784
-31.64937674
-27.09754727
-21.87967019
-9.99674217
-9.26525153
-10.09719578
-11.26903017
-20.57542894
-38.08824332
-43.79331859
-43.83448203
-28.72951626
-21.41960863
0.65131843
-17.41545576
-21.75046887
-6.50166301
5.08951146
22.59842348
14.44714992
13.32988675
-2.31470564
-2.21288571
-21.87775785
-51.89457149
-48.97824468
-36.71052883
-77.61789968
-82.14494080
-87.33129741
-76.87716973
-80.71289531
-76.64584362
-70.77980605
-84.94252922
-84.57005742
-97.02648887
-118.44926878
-99.28056312
-102.95507161
-109.15777720
-136.61284548
-133.97972051
-125.50116967
-117.66731466
-162.65252449
-164.04593533
-128.87489197
-113.60911577
-111.46990865
-86.32566074
-68.68695828
-98.43890555
-82.84514003
-95.77007285
-96.95416866
-79.28212972
-51.19132494
-38.63769120
-11.42393267
-29.85787485
-13.14466487
-7.51171637
-6.60050747
3.78316877
-3.37947769
-6.94288022
-19.24138299
-22.25699526
-21.45093963
-48.69838472
-48.51749746
-24.89031691
-11.79775966
-8.08036380
-47.12762773
-71.31912254
-86.23687529
-58.79539674
-58.24188402
-63.25664588
-80.87427070
-60.34905792
-89.53399381
-64.31353561
-46.58427432
-50.43751900
-52.55692053
-18.48655366
-4.96303210
0.99122241
-0.23492064
-20.30914520
-21.75772670
-32.20351286
-43.36008484
-53.59911527
-33.66309068
-50.42895714
-88.69225523
-84.16230618
-77.68440938
-85.02931758
-76.47255432
-72.55552209
-31.71678747
-33.56625600
-31.80546695
-35.32258075
-67.81480651
-59.71693336
-73.25184263
-74.16052331
-64.60744727
-76.69195238
-54.82457781
-61.03496078
-66.68269315
-85.79594903
-111.26251916
-113.22485436
-127.35374480
-133.97121566
-118.53968422
-94.41015402
-64.89474233
-63.10891782
-63.16342845
-55.00465212
-47.91594085
-65.37850400
-58.05691045
-40.85758501
-36.11665901
-48.04047648
-57.20173639
-50.82709885
-60.19518713
-44.28124942
-56.42423970
-44.90230806
-34.43659085
-43.03053396
-52.39535191
-77.48256365
-80.57666340
-80.83770516
-73.79235050
-74.68360280
-55.58640953
-54.91975430
-49.67767125
-67.55543994
-39.53043839
-22.95956281
-18.51939320
-7.99291845
-0.54797229
-4.68216053
-9.05911031
-22.67345289
-51.73370898
-69.34820835
-35.13870623
-45.66401311
-110.95553234
-70.94089674
-53.01591091
-43.13839608
-33.87103298
-26.10943989
-48.52749471
-54.84641466
-51.63213139
-51.53832104
-50.46190492
-51.92995594
-85.05805734
-78.56056927
-96.46210010
-88.94737223
-87.99029313
-79.98541351
-98.71492557
-65.82886030
-63.19127399
